gene	FACETS_c150	FACETS_c300_dip-0.133	S1	S1b	S1_seg	S1_seg_logR	S1_seg_b	S1_local_pm50kb_CN	S1_seg_CN_cont	summary
TACSTD2	3:1	3:1	3:1	3:1	chr1:50.4-63.6 Mb (13.24 Mb)	0.161	0.355	4.44	3.77	no LOH; near-ploidy
SLFN11	2:0	1:0	2:0	2:0	chr17:30.5-59.6 Mb (29.02 Mb)	-0.216	0.33	2.62	1.92	LOH (all fits)
TOP1	1:1	1:1	2:1	2:1	chr20:30.4-45.7 Mb (15.34 Mb)	-0.064	0.43	3.68	2.61	no LOH; near-ploidy
ERBB3	1:1	0:0	1:1	1:1	chr12:48.2-57.8 Mb (9.53 Mb)	-0.236	0.475	2.83	1.84	LOH in some fits; CN0 in a fit
CD274	3:0	3:0	3:0	3:0	chr9:0.0-14.8 Mb (14.76 Mb)	0.057	0.295	3.59	3.21	LOH (all fits)
MYC	3:1	3:1	5:1	4:1	chr8:107.9-128.7 Mb (20.8 Mb)	0.455	0.31	4.96	5.58	relative gain (broad)
CCNE1	1:0	1:1	2:1	2:1	chr19:28.1-40.6 Mb (12.46 Mb)	-0.14	0.445	2.08	2.26	LOH in some fits
PTEN	2:1	2:0	2:0	2:0	chr10:69.5-120.0 Mb (50.5 Mb)	-0.202	0.335	3.24	1.98	LOH in some fits
RB1	3:0	2:0	2:0	2:0	chr13:30.1-68.9 Mb (38.82 Mb)	-0.096	0.335	3.33	2.46	LOH (all fits)
TP53	2:0	2:0	3:0	2:0	chr17:0.1-9.2 Mb (9.04 Mb)	-0.151	0.3	1.75	2.21	LOH (all fits)
BRCA1	1:0	1:0	2:0	2:0	chr17:30.5-59.6 Mb (29.02 Mb)	-0.216	0.33	1.86	1.92	LOH (all fits)
BRCA2	3:0	3:0	2:0	2:0	chr13:30.1-68.9 Mb (38.82 Mb)	-0.096	0.335	2.73	2.46	LOH (all fits)
B2M	1:0	0:0	1:0	1:0	chr15:32.4-53.2 Mb (20.81 Mb)	-0.397	0.4			LOH (all fits); CN0 in a fit; relative loss
