variant	chrom	pos	fit	seg_state	seg_baf	seg_logR	wgs_alt	wgs_depth	wgs_vaf	wgs_vaf_ci	exome_vaf	expected_vaf_by_m	wgs_best_m	wgs_p_two_sided_best	lohtest_1minus2b
BRCA1 c.81-1G>A	chr17	43115780	S1_p0.32_y2.92	2:0	0.33	-0.216	5	31	0.161	[np.float64(0.055), np.float64(0.337)]	0.22	{1: 0.16, 2: 0.32}	1		0.34
BRCA1 c.81-1G>A	chr17	43115780	S2_p0.48_y4.90	3:1	0.33	-0.216	5	31	0.161	[np.float64(0.055), np.float64(0.337)]	0.22	{1: 0.162, 2: 0.324, 3: 0.486}	1		
BRCA1 c.81-1G>A	chr17	43115780	S3_p0.48_y1.54	1:0	0.33	-0.216	5	31	0.161	[np.float64(0.055), np.float64(0.337)]	0.22	{1: 0.316}	1		0.34
BRCA2 p.S2695L	chr13	32363286	S1_p0.32_y2.92	2:0	0.335	-0.096	7	45	0.156	[np.float64(0.065), np.float64(0.295)]	0.148	{1: 0.16, 2: 0.32}	1		0.33
BRCA2 p.S2695L	chr13	32363286	S2_p0.48_y4.90	3:1	0.335	-0.096	7	45	0.156	[np.float64(0.065), np.float64(0.295)]	0.148	{1: 0.162, 2: 0.324, 3: 0.486}	1		
BRCA2 p.S2695L	chr13	32363286	S3_p0.48_y1.54	1:0	0.335	-0.096	7	45	0.156	[np.float64(0.065), np.float64(0.295)]	0.148	{1: 0.316}	1		0.33
PIKFYVE p.I1548T	chr2	208338539	S1_p0.32_y2.92	2:1	0.425	0.154	8	50	0.16	[np.float64(0.072), np.float64(0.291)]	0.09	{1: 0.138, 2: 0.276}	1		
PIKFYVE p.I1548T	chr2	208338539	S2_p0.48_y4.90	3:2	0.425	0.154	8	50	0.16	[np.float64(0.072), np.float64(0.291)]	0.09	{1: 0.14, 2: 0.279, 3: 0.419}	1		
PIKFYVE p.I1548T	chr2	208338539	S3_p0.48_y1.54	2:1	0.425	0.154	8	50	0.16	[np.float64(0.072), np.float64(0.291)]	0.09	{1: 0.194, 2: 0.387}	1		
MTOR p.P1125A	chr1	11212821	S1_p0.32_y2.92	1:0	0.39	-0.338	4	39	0.103	[np.float64(0.029), np.float64(0.242)]	0.094	{1: 0.19}	1		0.22
MTOR p.P1125A	chr1	11212821	S2_p0.48_y4.90	2:1	0.39	-0.338	4	39	0.103	[np.float64(0.029), np.float64(0.242)]	0.094	{1: 0.194, 2: 0.387}	1		
MTOR p.P1125A	chr1	11212821	S3_p0.48_y1.54	1:0	0.39	-0.338	4	39	0.103	[np.float64(0.029), np.float64(0.242)]	0.094	{1: 0.316}	1		0.22
PTPN23 p.P981A	chr3	47410739	S1_p0.32_y2.92	2:0	0.34	-0.287	3	8	0.375	[np.float64(0.085), np.float64(0.755)]	0.162	{1: 0.16, 2: 0.32}	2		0.32
PTPN23 p.P981A	chr3	47410739	S2_p0.48_y4.90	3:1	0.34	-0.287	3	8	0.375	[np.float64(0.085), np.float64(0.755)]	0.162	{1: 0.162, 2: 0.324, 3: 0.486}	2		
PTPN23 p.P981A	chr3	47410739	S3_p0.48_y1.54	1:0	0.34	-0.287	3	8	0.375	[np.float64(0.085), np.float64(0.755)]	0.162	{1: 0.316}	1		0.32
