chrom	start	end	nA	nB	CN	logR_obs	logR_exp	b_obs	b_lo	b_hi	b_exp	nhet
chr1	13494	1902439	2	0	2	-0.2264	-0.189	0.325	0.32	0.335	0.325	720
chr1	1902481	7701113	1	0	1	-0.5489	-0.4666	0.39	0.385	0.39	0.3939	4240
chr1	7701386	18929177	1	0	1	-0.3381	-0.4666	0.39	0.39	0.39	0.3939	7020
chr1	18929260	50369238	2	1	3	-0.08613	0.04363	0.395	0.395	0.395	0.4255	18360
chr1	50369310	63607716	3	1	4	0.1611	0.2439	0.355	0.355	0.36	0.3704	8020
chr1	63607743	65176643	1	1	2	-0.2131	-0.189	0.465	0.455	0.485	0.5	680
chr1	65178503	82340743	3	1	4	0.2884	0.2439	0.365	0.365	0.365	0.3704	12360
chr1	82340809	85587302	2	1	3	0.1977	0.04363	0.415	0.415	0.415	0.4255	2680
chr1	85588397	121695794	2	1	3	-0.0337	0.04363	0.46	0.46	0.46	0.4255	24312
chr1	125100725	144323261	3	0	3	0.03116	0.04363	0.305	0.305	0.31	0.2766	680
chr1	144323267	152196095	3	1	4	0.2488	0.2439	0.37	0.37	0.37	0.3704	4040
chr1	152196135	155646764	2	1	3	0.2222	0.04363	0.41	0.41	0.415	0.4255	2060
chr1	155668108	171478492	3	2	5	0.4367	0.4198	0.46	0.46	0.46	0.4426	11980
chr1	171478539	175296233	4	2	6	0.574	0.5765	0.41	0.41	0.415	0.3971	1820
chr1	175296882	184934985	3	1	4	0.3569	0.2439	0.36	0.36	0.36	0.3704	7240
chr1	184935022	192863603	3	0	3	0.1996	0.04363	0.28	0.28	0.28	0.2766	4920
chr1	192863937	213951127	4	0	4	0.3258	0.2439	0.245	0.245	0.245	0.2407	12180
chr1	213951475	248946254	4	1	5	0.4932	0.4198	0.35	0.35	0.35	0.3279	29067
chr2	10751	4155107	2	1	3	-0.07143	0.04363	0.44	0.435	0.44	0.4255	5500
chr2	4155249	10062470	2	1	3	0.09375	0.04363	0.45	0.45	0.45	0.4255	4740
chr2	10063939	38199022	2	1	3	0.0009499	0.04363	0.465	0.465	0.465	0.4255	21220
chr2	38200011	59779570	2	2	4	0.1663	0.2439	0.475	0.475	0.475	0.5	19940
chr2	59780681	70637372	2	2	4	0.06437	0.2439	0.48	0.475	0.485	0.5	7260
chr2	70637410	86828846	1	1	2	-0.07154	-0.189	0.465	0.46	0.465	0.5	10760
chr2	86828858	91799749	1	0	1	-0.2597	-0.4666	0.38	0.38	0.38	0.3939	2670
chr2	96005205	126681067	2	1	3	0.09787	0.04363	0.46	0.46	0.46	0.4255	20380
chr2	126682405	132647495	2	1	3	-0.02127	0.04363	0.43	0.425	0.43	0.4255	5200
chr2	132648233	152433419	3	2	5	0.2334	0.4198	0.46	0.46	0.46	0.4426	11580
chr2	152435434	182133630	2	0	2	-0.08124	-0.189	0.335	0.335	0.335	0.325	19060
chr2	182147825	192704918	3	2	5	0.2771	0.4198	0.46	0.46	0.46	0.4426	8180
chr2	192708426	216181216	2	1	3	0.1542	0.04363	0.425	0.425	0.425	0.4255	14960
chr2	216181720	230480994	2	1	3	0.05735	0.04363	0.43	0.43	0.43	0.4255	9820
chr2	230484173	238856321	2	1	3	-0.06692	0.04363	0.43	0.43	0.43	0.4255	6300
chr2	238857292	242183431	3	1	4	0.03061	0.2439	0.36	0.36	0.36	0.3704	2610
chr3	10318	10314630	4	0	4	0.2433	0.2439	0.26	0.26	0.26	0.2407	12000
chr3	10316268	22139557	3	0	3	0.1033	0.04363	0.28	0.28	0.28	0.2766	8740
chr3	22139559	22644221	6	0	6	0.6505	0.5765	0.195	0.195	0.195	0.1912	460
chr3	22688759	32380131	3	0	3	0.1342	0.04363	0.29	0.29	0.29	0.2766	7820
chr3	32380243	32977283	5	0	5	0.5074	0.4198	0.21	0.205	0.215	0.2131	260
chr3	32977459	43340835	3	0	3	0.0162	0.04363	0.295	0.295	0.295	0.2766	3900
chr3	43342390	56548283	2	0	2	-0.2869	-0.189	0.34	0.34	0.34	0.325	7300
chr3	56548523	75708402	2	0	2	-0.1345	-0.189	0.34	0.34	0.34	0.325	15020
chr3	75708410	75785641	4	0	4	-0.07922	0.2439	0.155	0.15	0.16	0.2407	380
chr3	75785647	83005862	2	1	3	0.1165	0.04363	0.43	0.43	0.43	0.4255	4580
chr3	83009309	85580105	3	1	4	0.2793	0.2439	0.375	0.375	0.38	0.3704	1660
chr3	85581401	87783312	2	1	3	0.03821	0.04363	0.445	0.445	0.445	0.4255	2575
chr3	94060750	118356573	2	1	3	0.1186	0.04363	0.425	0.425	0.43	0.4255	17120
chr3	118357012	123178407	2	1	3	0.0152	0.04363	0.445	0.44	0.445	0.4255	3120
chr3	123179852	142959727	3	1	4	0.1912	0.2439	0.38	0.38	0.38	0.3704	15080
chr3	142962407	155748143	3	1	4	0.3553	0.2439	0.385	0.385	0.385	0.3704	9740
chr3	155748827	156165505	6	1	7	0.7797	0.7179	0.27	0.265	0.27	0.2667	480
chr3	156166530	194011063	3	1	4	0.4037	0.2439	0.37	0.37	0.37	0.3704	28480
chr3	194011259	197198096	3	1	4	0.254	0.2439	0.36	0.36	0.365	0.3704	3480
chr3	197205030	198181665	2	1	3	0.01939	0.04363	0.41	0.4	0.415	0.4255	703
chr4	10165	10290189	1	1	2	-0.4501	-0.189	0.465	0.46	0.465	0.5	9340
chr4	10290406	47423916	1	1	2	-0.1527	-0.189	0.49	0.485	0.495	0.5	28980
chr4	47426288	48197797	3	1	4	0.1968	0.2439	0.4	0.395	0.4	0.3704	678
chr4	51811180	57649765	2	1	3	-0.03396	0.04363	0.445	0.44	0.445	0.4255	4480
chr4	57651432	60731106	2	1	3	0.155	0.04363	0.405	0.405	0.405	0.4255	2680
chr4	60731219	113051700	2	1	3	0.04384	0.04363	0.445	0.445	0.445	0.4255	38800
chr4	113052262	128323296	2	1	3	0.1116	0.04363	0.43	0.43	0.43	0.4255	11860
chr4	128323505	181407432	1	1	2	-0.127	-0.189	0.48	0.48	0.48	0.5	39720
chr4	181407782	190192121	1	1	2	-0.2058	-0.189	0.46	0.455	0.46	0.5	9935
chr5	12041	3727065	1	0	1	-0.6285	-0.4666	0.43	0.425	0.43	0.3939	3560
chr5	3727949	21826455	1	0	1	-0.3873	-0.4666	0.445	0.445	0.45	0.3939	14860
chr5	21826881	46098683	1	1	2	-0.06097	-0.189	0.465	0.465	0.465	0.5	19368
chr5	51422666	54500758	1	0	1	-0.2531	-0.4666	0.375	0.375	0.38	0.3939	2300
chr5	54502141	56303987	3	0	3	0.04722	0.04363	0.31	0.31	0.315	0.2766	860
chr5	56304054	128929280	2	0	2	-0.1991	-0.189	0.36	0.36	0.36	0.325	53180
chr5	128929427	173146764	2	0	2	-0.2681	-0.189	0.36	0.36	0.36	0.325	31240
chr5	173147173	181475100	1	0	1	-0.519	-0.4666	0.375	0.375	0.375	0.3939	6303
chr6	147596	1515139	2	0	2	-0.2306	-0.189	0.34	0.34	0.345	0.325	1260
chr6	1515333	29575869	2	2	4	0.2436	0.2439	0.48	0.48	0.48	0.5	22620
chr6	29577048	29881500	2	1	3	0.06781	0.04363	0.395	0.39	0.395	0.4255	1560
chr6	29881508	30000022	4	1	5	0.3107	0.4198	0.335	0.335	0.34	0.3279	2360
chr6	30000033	32465290	3	2	5	0.3533	0.4198	0.45	0.45	0.45	0.4426	4360
chr6	32465607	32590437	3	1	4	0.3207	0.2439	0.35	0.35	0.35	0.3704	2080
chr6	32590459	44672469	3	2	5	0.3136	0.4198	0.44	0.44	0.44	0.4426	11360
chr6	44672863	48253521	2	0	2	-0.1093	-0.189	0.34	0.34	0.34	0.325	3400
chr6	48253597	58453052	2	1	3	0.06455	0.04363	0.415	0.415	0.415	0.4255	8969
chr6	62604844	73546033	2	1	3	-0.002865	0.04363	0.395	0.395	0.395	0.4255	8740
chr6	73548145	95267412	2	0	2	-0.1308	-0.189	0.34	0.34	0.34	0.325	16700
chr6	95268755	106055387	3	0	3	0.08172	0.04363	0.295	0.295	0.295	0.2766	8440
chr6	106055817	130921817	2	0	2	-0.08717	-0.189	0.34	0.34	0.34	0.325	17540
chr6	130923340	153413897	3	0	3	0.03222	0.04363	0.31	0.31	0.31	0.2766	15420
chr6	153414254	153438458	2	1	3	-0.003957	0.04363	0.42	0.415	0.425	0.4255	400
chr6	153441782	170737729	2	0	2	-0.05224	-0.189	0.305	0.305	0.305	0.325	16031
chr7	24443	7010379	2	0	2	-0.45	-0.189	0.335	0.335	0.335	0.325	5860
chr7	7010738	20543541	2	0	2	-0.04758	-0.189	0.335	0.335	0.335	0.325	14360
chr7	20546236	55651009	2	0	2	-0.2016	-0.189	0.34	0.34	0.34	0.325	29900
chr7	55652027	58099786	1	0	1	-0.4505	-0.4666	0.35	0.35	0.35	0.3939	3255
chr7	62110703	62357410	2	0	2	-0.1803	-0.189	0.365	0.365	0.37	0.325	640
chr7	62357552	65238126	2	1	3	0.06636	0.04363	0.42	0.42	0.42	0.4255	3640
chr7	65238731	76544211	2	1	3	-0.0998	0.04363	0.395	0.395	0.4	0.4255	7380
chr7	76544219	100711959	3	1	4	0.1831	0.2439	0.4	0.395	0.4	0.3704	15920
chr7	100712743	101638289	2	0	2	-0.2171	-0.189	0.37	0.365	0.375	0.325	1160
chr7	101662709	127007433	3	1	4	0.2706	0.2439	0.38	0.38	0.38	0.3704	16020
chr7	127022566	152413706	3	1	4	0.1811	0.2439	0.38	0.38	0.38	0.3704	19240
chr7	152413714	157257115	3	1	4	0.002864	0.2439	0.375	0.375	0.375	0.3704	5580
chr7	157258526	159335896	2	0	2	-0.1481	-0.189	0.335	0.335	0.335	0.325	2639
chr8	75951	13086182	2	1	3	-0.17	0.04363	0.395	0.395	0.395	0.4255	16660
chr8	13087103	19852064	2	1	3	0.003609	0.04363	0.405	0.4	0.405	0.4255	9160
chr8	19852264	26282771	2	1	3	-0.1405	0.04363	0.395	0.395	0.395	0.4255	5700
chr8	26282772	36784954	2	0	2	-0.1964	-0.189	0.34	0.34	0.34	0.325	7320
chr8	36784988	43192450	2	1	3	-0.05943	0.04363	0.425	0.425	0.43	0.4255	4896
chr8	47210085	86948575	1	1	2	-0.1633	-0.189	0.48	0.48	0.485	0.5	27720
chr8	86950592	107893399	2	1	3	0.1028	0.04363	0.425	0.425	0.425	0.4255	13940
chr8	107893453	128694336	4	1	5	0.4551	0.4198	0.31	0.31	0.31	0.3279	11180
chr8	128695276	138102841	4	1	5	0.2587	0.4198	0.335	0.335	0.335	0.3279	10240
chr8	138104062	139468412	2	0	2	0.05193	-0.189	0.335	0.335	0.34	0.325	1380
chr8	139468773	141296101	5	0	5	0.4761	0.4198	0.24	0.24	0.245	0.2131	1120
chr8	141296705	142672128	2	0	2	-0.1575	-0.189	0.295	0.29	0.3	0.325	1200
chr8	142673310	145075952	3	0	3	0.1289	0.04363	0.3	0.295	0.3	0.2766	2433
chr9	10435	14773259	3	0	3	0.05722	0.04363	0.295	0.295	0.3	0.2766	15100
chr9	14775781	31848863	2	0	2	-0.0943	-0.189	0.335	0.335	0.335	0.325	13340
chr9	31848942	42190453	2	0	2	-0.2022	-0.189	0.34	0.34	0.34	0.325	7724
chr9	45510779	129400881	2	0	2	-0.2093	-0.189	0.34	0.34	0.34	0.325	46340
chr9	129400975	129443803	2	1	3	-0.2561	0.04363	0.44	0.43	0.455	0.4255	640
chr9	129443817	133365882	2	0	2	-0.375	-0.189	0.335	0.33	0.335	0.325	2560
chr9	133368224	138287530	1	0	1	-0.6505	-0.4666	0.345	0.34	0.35	0.3939	2358
chr10	10463	12267509	3	2	5	0.3488	0.4198	0.445	0.445	0.445	0.4426	11540
chr10	12268285	16808345	2	1	3	0.05379	0.04363	0.44	0.44	0.445	0.4255	5120
chr10	16809950	33573175	3	2	5	0.3558	0.4198	0.445	0.445	0.445	0.4426	13100
chr10	33573443	37999807	2	1	3	0.01733	0.04363	0.46	0.455	0.465	0.4255	3037
chr10	41701615	42301255	2	1	3	-0.08836	0.04363	0.38	0.38	0.385	0.4255	1480
chr10	42301537	44916005	2	1	3	-0.04632	0.04363	0.455	0.45	0.46	0.4255	2660
chr10	44916028	56094689	1	0	1	-0.3872	-0.4666	0.385	0.385	0.385	0.3939	8160
chr10	56095197	65715352	2	0	2	-0.1164	-0.189	0.345	0.345	0.345	0.325	5560
chr10	65716468	69517826	3	0	3	-0.01516	0.04363	0.305	0.3	0.305	0.2766	3220
chr10	69518711	120015189	2	0	2	-0.2018	-0.189	0.335	0.335	0.335	0.325	36000
chr10	120015593	130181214	3	0	3	-0.08806	0.04363	0.29	0.29	0.29	0.2766	9920
chr10	130183266	133787245	2	0	2	-0.3179	-0.189	0.295	0.29	0.295	0.325	3803
chr11	87018	4364469	1	0	1	-0.2996	-0.4666	0.425	0.42	0.425	0.3939	3800
chr11	4364655	11758689	2	1	3	-0.01293	0.04363	0.455	0.455	0.455	0.4255	7720
chr11	11758843	21803849	3	2	5	0.4932	0.4198	0.42	0.42	0.42	0.4426	7980
chr11	21804426	34405569	3	2	5	0.4318	0.4198	0.455	0.455	0.455	0.4426	10720
chr11	34405570	35067538	6	3	9	0.8734	0.9648	0.385	0.38	0.385	0.382	780
chr11	35067616	36266544	10	2	12	1.286	1.27	0.26	0.26	0.265	0.2455	820
chr11	36266728	44254916	2	2	4	0.2573	0.2439	0.475	0.475	0.475	0.5	6640
chr11	44256165	50820459	2	1	3	-0.04093	0.04363	0.445	0.445	0.45	0.4255	5350
chr11	55801599	59261814	2	1	3	-0.08372	0.04363	0.43	0.43	0.435	0.4255	2200
chr11	59264810	67457517	2	1	3	0.0437	0.04363	0.395	0.395	0.395	0.4255	3760
chr11	67458626	69121714	3	1	4	0.1314	0.2439	0.34	0.335	0.345	0.3704	1320
chr11	69121899	69263215	9	0	9	1.06	0.9648	0.165	0.16	0.17	0.1461	160
chr11	69263222	69544971	3	1	4	0.1359	0.2439	0.355	0.34	0.37	0.3704	220
chr11	69546618	71795768	9	0	9	1.001	0.9648	0.175	0.175	0.175	0.1461	1940
chr11	71795976	72181850	7	1	8	0.8249	0.8466	0.245	0.245	0.245	0.2439	680
chr11	72181995	75135226	3	1	4	0.1234	0.2439	0.395	0.39	0.395	0.3704	1560
chr11	75136067	89729623	4	1	5	0.5174	0.4198	0.315	0.315	0.315	0.3279	8720
chr11	89729873	105652095	3	1	4	0.3405	0.2439	0.36	0.355	0.36	0.3704	12100
chr11	105653176	108138933	2	1	3	0.1148	0.04363	0.41	0.405	0.41	0.4255	1720
chr11	108140839	108684471	5	1	6	0.5235	0.5765	0.305	0.3	0.305	0.2941	460
chr11	108687234	116569294	2	1	3	-0.04533	0.04363	0.425	0.425	0.43	0.4255	4780
chr11	116569319	123326988	2	0	2	-0.2004	-0.189	0.33	0.33	0.33	0.325	5200
chr11	123328235	132479882	4	0	4	0.2202	0.2439	0.245	0.245	0.245	0.2407	7220
chr11	132479930	135075816	2	0	2	-0.2604	-0.189	0.315	0.315	0.315	0.325	2626
chr12	12321	11308615	2	1	3	-0.0208	0.04363	0.41	0.41	0.41	0.4255	10840
chr12	11308619	14730159	1	1	2	-0.1501	-0.189	0.475	0.465	0.485	0.5	2120
chr12	14730161	17735670	2	1	3	0.1675	0.04363	0.415	0.41	0.415	0.4255	2420
chr12	17768938	23783889	1	1	2	-0.1053	-0.189	0.485	0.48	0.5	0.5	4840
chr12	23785188	29404501	2	1	3	0.1869	0.04363	0.415	0.415	0.415	0.4255	4800
chr12	29404756	33199747	2	1	3	-0.03596	0.04363	0.43	0.43	0.43	0.4255	3692
chr12	37800695	48225276	2	1	3	0.1052	0.04363	0.425	0.42	0.425	0.4255	8720
chr12	48225842	57751373	1	1	2	-0.2362	-0.189	0.475	0.47	0.485	0.5	5900
chr12	57760400	66122980	2	1	3	0.04066	0.04363	0.445	0.445	0.445	0.4255	4660
chr12	66134804	92855379	2	2	4	0.2077	0.2439	0.465	0.465	0.465	0.5	15720
chr12	92857092	107105299	2	2	4	0.0552	0.2439	0.485	0.48	0.49	0.5	11120
chr12	107125719	120559799	1	1	2	-0.08913	-0.189	0.485	0.48	0.5	0.5	8120
chr12	120559822	133254733	1	0	1	-0.3438	-0.4666	0.42	0.415	0.42	0.3939	11738
chr13	16000289	16497397	2	0	2	-0.1303	-0.189	0.335	0.33	0.34	0.325	576
chr13	18900340	20217943	2	1	3	-0.04078	0.04363	0.435	0.43	0.44	0.4255	1240
chr13	20218045	21415354	3	2	5	0.2571	0.4198	0.455	0.45	0.465	0.4426	1360
chr13	21416328	30103366	2	0	2	-0.2421	-0.189	0.34	0.34	0.34	0.325	7160
chr13	30103381	68926669	2	0	2	-0.09648	-0.189	0.335	0.335	0.34	0.325	26820
chr13	68940769	94632726	2	0	2	-0.1863	-0.189	0.36	0.36	0.36	0.325	19460
chr13	94633326	95548579	1	0	1	-0.39	-0.4666	0.355	0.35	0.36	0.3939	860
chr13	95557380	98034328	2	2	4	0.1853	0.2439	0.46	0.455	0.465	0.5	1220
chr13	98035499	111307263	2	1	3	-0.06807	0.04363	0.46	0.46	0.465	0.4255	11620
chr13	111307271	114354142	1	0	1	-0.3515	-0.4666	0.445	0.44	0.455	0.3939	2362
chr14	16023334	16096656	3	1	4	0.1958	0.2439	0.38	0.365	0.395	0.3704	103
chr14	18223583	19954652	2	0	2	-0.233	-0.189	0.34	0.335	0.34	0.325	1320
chr14	19954892	46898413	2	1	3	0.05737	0.04363	0.43	0.43	0.43	0.4255	21020
chr14	46898683	92838156	2	0	2	-0.1669	-0.189	0.345	0.345	0.345	0.325	37540
chr14	92838950	95477211	2	0	2	-0.3591	-0.189	0.34	0.34	0.34	0.325	2520
chr14	95477496	105845780	2	0	2	-0.1516	-0.189	0.3	0.3	0.3	0.325	7360
chr14	105846024	106882832	1	0	1	-0.5307	-0.4666	0.355	0.35	0.355	0.3939	1240
chr15	17009927	17453886	4	0	4	0.2883	0.2439	0.28	0.275	0.29	0.2407	279
chr15	20501020	22595742	2	0	2	-0.3924	-0.189	0.305	0.3	0.31	0.325	700
chr15	22603138	32425404	1	0	1	-0.5813	-0.4666	0.395	0.395	0.395	0.3939	7820
chr15	32427995	53239543	1	0	1	-0.3967	-0.4666	0.4	0.4	0.4	0.3939	13840
chr15	53241837	101981039	2	0	2	-0.2328	-0.189	0.345	0.345	0.345	0.325	36947
chr16	10185	4232742	2	0	2	-0.4778	-0.189	0.33	0.325	0.33	0.325	2680
chr16	4233041	26495655	2	1	3	-0.1294	0.04363	0.42	0.42	0.42	0.4255	20800
chr16	26495658	32003247	1	1	2	0.02131	-0.189	0.48	0.47	0.5	0.5	2620
chr16	32008471	34574538	2	0	2	-0.07144	-0.189	0.35	0.35	0.35	0.325	1320
chr16	34574567	35296418	2	0	2	-0.3617	-0.189	0.305	0.3	0.31	0.325	403
chr16	46381934	50201507	1	0	1	-0.4434	-0.4666	0.365	0.36	0.365	0.3939	1340
chr16	50201813	72214231	2	0	2	-0.2059	-0.189	0.335	0.335	0.335	0.325	13660
chr16	72217233	77968120	2	1	3	-0.03872	0.04363	0.43	0.43	0.43	0.4255	4520
chr16	77968424	85854087	3	1	4	0.08743	0.2439	0.375	0.375	0.375	0.3704	9940
chr16	85854703	90228128	3	1	4	0.0942	0.2439	0.335	0.335	0.335	0.3704	5482
chr17	117294	9157584	2	0	2	-0.1509	-0.189	0.3	0.3	0.3	0.325	7800
chr17	9157678	21290443	3	0	3	0.0255	0.04363	0.27	0.27	0.27	0.2766	8340
chr17	21290941	22697807	2	0	2	-0.1167	-0.189	0.32	0.32	0.325	0.325	3037
chr17	27401525	30543709	3	0	3	0.1014	0.04363	0.28	0.28	0.285	0.2766	1740
chr17	30544157	59561695	2	0	2	-0.2164	-0.189	0.33	0.33	0.33	0.325	15860
chr17	59563163	65744391	3	0	3	-0.0305	0.04363	0.305	0.305	0.31	0.2766	2300
chr17	65744404	70601347	5	0	5	0.4175	0.4198	0.225	0.225	0.225	0.2131	4060
chr17	70602573	73362500	7	0	7	0.7259	0.7179	0.175	0.175	0.175	0.1733	2660
chr17	73365695	79079773	5	0	5	0.4185	0.4198	0.2	0.2	0.2	0.2131	5200
chr17	79079784	79715934	4	0	4	-0.04585	0.2439	0.21	0.205	0.215	0.2407	860
chr17	79716322	83247237	5	0	5	0.3439	0.4198	0.21	0.205	0.21	0.2131	2563
chr18	10227	4587780	2	1	3	0.0903	0.04363	0.415	0.415	0.42	0.4255	4840
chr18	4587853	15398407	2	0	2	-0.2177	-0.189	0.335	0.335	0.34	0.325	10018
chr18	21502042	39286598	2	1	3	-0.07122	0.04363	0.41	0.41	0.41	0.4255	11560
chr18	39288176	77004127	1	1	2	-0.316	-0.189	0.475	0.475	0.475	0.5	30800
chr18	77005659	79511138	1	0	1	-0.2884	-0.4666	0.405	0.405	0.41	0.3939	3580
chr18	79511988	80262171	3	0	3	0.244	0.04363	0.295	0.295	0.3	0.2766	1117
chr19	75041	3393974	2	0	2	-0.5145	-0.189	0.315	0.31	0.32	0.325	1980
chr19	3400291	19360101	2	1	3	-0.2074	0.04363	0.45	0.45	0.455	0.4255	11320
chr19	19360610	24187286	2	1	3	-0.001763	0.04363	0.41	0.41	0.41	0.4255	4581
chr19	28100165	40556752	2	1	3	-0.1397	0.04363	0.445	0.445	0.45	0.4255	9380
chr19	40558734	45650858	2	1	3	-0.05644	0.04363	0.395	0.395	0.395	0.4255	4180
chr19	45651184	58607519	1	0	1	-0.2654	-0.4666	0.39	0.385	0.39	0.3939	9318
chr20	61275	6249486	2	2	4	0.1329	0.2439	0.47	0.47	0.475	0.5	6380
chr20	6249600	16515279	2	2	4	0.2567	0.2439	0.475	0.475	0.48	0.5	8280
chr20	16515351	25691705	2	2	4	0.1152	0.2439	0.47	0.47	0.475	0.5	6978
chr20	30400082	45737755	2	1	3	-0.06361	0.04363	0.43	0.43	0.43	0.4255	10060
chr20	45737764	56511225	3	1	4	0.06035	0.2439	0.375	0.375	0.375	0.3704	9020
chr20	56511985	64333013	2	0	2	-0.1869	-0.189	0.335	0.335	0.335	0.325	6669
chr21	5114338	10814535	2	0	2	-0.1357	-0.189	0.345	0.345	0.345	0.325	2024
chr21	13000242	35686241	2	0	2	-0.1091	-0.189	0.34	0.34	0.34	0.325	19260
chr21	35687403	42558659	2	2	4	0.144	0.2439	0.47	0.47	0.475	0.5	7500
chr21	42559017	46699658	2	1	3	-0.01366	0.04363	0.435	0.435	0.44	0.4255	3747
chr22	10557811	11373088	3	1	4	0.2121	0.2439	0.345	0.34	0.345	0.3704	720
chr22	11374537	12224694	1	0	1	-0.7539	-0.4666	0.34	0.335	0.345	0.3939	1160
chr22	12276313	12874211	3	1	4	0.01086	0.2439	0.37	0.37	0.375	0.3704	1252
chr22	17400180	22375733	1	0	1	-0.6797	-0.4666	0.395	0.39	0.4	0.3939	2220
chr22	22375933	24152818	2	0	2	-0.0009682	-0.189	0.345	0.345	0.35	0.325	1420
chr22	24184726	25153903	6	2	8	0.8965	0.8466	0.35	0.35	0.355	0.3293	760
chr22	25161229	28988914	3	0	3	-0.07164	0.04363	0.29	0.29	0.29	0.2766	2700
chr22	29004982	30572064	5	3	8	0.7325	0.8466	0.415	0.41	0.42	0.4146	700
chr22	30574710	32332298	7	3	10	0.9708	1.074	0.35	0.35	0.35	0.3542	1660
chr22	32333199	33663733	3	3	6	0.4445	0.5765	0.48	0.47	0.5	0.5	1180
chr22	33664317	43440073	3	0	3	-0.1037	0.04363	0.29	0.285	0.29	0.2766	6060
chr22	43442527	49938594	2	0	2	-0.3343	-0.189	0.305	0.305	0.305	0.325	5780
chr22	49938676	50493180	6	2	8	0.7567	0.8466	0.325	0.32	0.335	0.3293	500
chr22	50496322	50808163	2	0	2	-0.144	-0.189	0.3	0.29	0.315	0.325	192
chrX	222653	1608319	3	0	3	0.1024	0.04363	0.32	0.32	0.325	0.2766	2780
chrX	1609159	2555865	1	0	1	-0.2149	-0.4666	0.39	0.385	0.395	0.3939	1180
chrX	2555935	21318984	2	1	3	-0.005627	0.04363	0.435	0.435	0.435	0.4255	8860
chrX	21320489	39011604	2	2	4	0.1701	0.2439	0.475	0.475	0.475	0.5	7680
chrX	39013026	47051822	2	1	3	-0.02931	0.04363	0.445	0.445	0.45	0.4255	3120
chrX	47054092	54906214	1	1	2	-0.289	-0.189	0.45	0.445	0.45	0.5	3000
chrX	54907387	58097579	2	2	4	0.04479	0.2439	0.475	0.47	0.485	0.5	2425
chrX	61040895	88407042	1	0	1	-0.4683	-0.4666	0.4	0.395	0.4	0.3939	10480
chrX	88408229	90951572	2	1	3	0.04093	0.04363	0.42	0.42	0.425	0.4255	1500
chrX	90951666	143883696	1	1	2	-0.2292	-0.189	0.465	0.465	0.465	0.5	16800
chrX	143883747	145474587	2	1	3	0.06435	0.04363	0.445	0.44	0.45	0.4255	900
chrX	145474705	156030103	1	1	2	-0.3063	-0.189	0.465	0.46	0.465	0.5	4032
