chrom	arm	start	end	nhet	nblocks	t	n	baf	baf_lo	baf_hi	blk_logR_sd	blk_baf_sd	ratio	logR	len	nA	nB	CN	misfit	cn_cont	nB_cont	nA_cont	exp_logR	exp_baf
chr1	p	13494	1902439	720	36	525027.6636618557	1077584.0	0.325	0.32	0.335	0.2253716273231321	0.0555749965984126	0.854778653085184	-0.2263772157533462	1888946	2	0	2	1.7254885303600913	1.8787629426207695	-0.13315204364824987	2.0119149862690193	-0.19811692915245535	0.33999999999999997
chr1	p	1902481	7701113	4240	212	2039799.774322522	5235283.0	0.39	0.385	0.39	0.21099142186028	0.0502715293167351	0.6835495339312007	-0.548882207286386	5798633	1	0	1	3.5226579529393973	0.651050158286709	-0.2135904382681835	0.8646405965548924	-0.4496556961484198	0.40476190476190477
chr1	p	7701386	18929177	7020	351	4129071.8297756184	9157197.0	0.39	0.39	0.39	0.2127883292588309	0.0500994498023299	0.7910655934894442	-0.3381307700015465	11227792	1	0	1	4.051618899766462	1.421940305319315	0.08705671907453284	1.334883586244782	-0.4496556961484198	0.40476190476190477
chr1	p	18929260	50369238	18360	918	14071405.594918458	26205160.0	0.395	0.395	0.395	0.1710032405343043	0.0396384906301249	0.9420485398532628	-0.0861266970435446	31439979	2	1	3	11.146121279884301	2.504488030747894	0.543022772145418	1.961465258602476	0.016007876200392117	0.4310344827586207
chr1	p	50369310	63607716	8020	401	6690991.399581153	10498263.0	0.355	0.355	0.36	0.1618502262368643	0.0280380941850603	1.1181385950083154	0.1610990235465772	13238407	3	1	4	4.278075963461381	3.767053726209621	0.7210540728044154	3.0459996534052056	0.20242100043127334	0.37878787878787884
chr1	p	63607743	65176643	680	34	618480.6918066889	1257758.0	0.465	0.455	0.485	0.0988360057281942	0.0356553208247266	0.8626838598931333	-0.2130961302971708	1568901	1	1	2	8.55273556014522	1.9354432754337667	0.7512311230767017	1.184212152357065	-0.19811692915245535	0.5
chr1	p	65178503	82340743	12360	618	8651202.69198168	12427874.0	0.365	0.365	0.365	0.1243032454727356	0.0269041801990226	1.2212434880655705	0.2883508694521617	17162241	3	1	4	2.827104806337366	4.5063158094301405	1.0710552704420013	3.435260538988139	0.20242100043127334	0.37878787878787884
chr1	p	82340809	85587302	2680	134	1567642.973781675	2398035.0	0.415	0.415	0.415	0.0914429096707482	0.032401812885705	1.1468701726922046	0.1977020855001127	3246494	2	1	3	8.5227520730558	3.973059138203107	1.2875695423542894	2.6854895958488174	0.016007876200392117	0.4310344827586207
chr1	p	85588397	121695794	24312	1215	14674547.377977071	26353110.0	0.46	0.46	0.46	0.1505522232341991	0.037400736886409	0.9769120240975616	-0.0336994488789611	36107398	2	1	3	6.330645751671699	2.754459212779517	1.0970512378785782	1.6574079749009387	0.016007876200392117	0.4310344827586207
chr1	q	125100725	144323261	680	34	242981.00241776556	417171.0	0.305	0.305	0.31	0.3137344053771416	0.0449499914360815	1.0218351175961622	0.03116242306911	19222537	3	0	3	1.0297023840810475	3.076557793164483	0.10960012691516759	2.9669576662493156	0.016007876200392117	0.29310344827586204
chr1	q	144323267	152196095	4040	202	2984486.522727616	4406579.0	0.37	0.37	0.37	0.1528456106519827	0.0374161153734359	1.188203088022359	0.2487814430763699	7872829	3	1	4	0.974928059916535	4.269416141120315	1.0271839722145168	3.2422321689057982	0.20242100043127334	0.37878787878787884
chr1	q	152196135	155646764	2060	103	1856420.7116650343	2791918.0	0.41	0.41	0.415	0.1564474068923952	0.0342258141334348	1.1665312070227678	0.2222249027912642	3450630	3	1	4	6.845293249369615	4.114028754353245	1.3042517892848307	2.8097769650684143	0.20242100043127334	0.37878787878787884
chr1	q	155668108	171478492	11980	599	9611170.912217766	12457354.0	0.46	0.46	0.46	0.1378317432769701	0.0379683373929521	1.353546279357438	0.4367442158558222	15810385	3	2	5	2.350723018911757	5.454926822992831	2.3392663385767025	3.115660484416128	0.3674802467017698	0.4459459459459459
chr1	q	171478539	175296233	1820	91	2442785.7384366095	2878885.0	0.41	0.41	0.415	0.1327286089006629	0.0279773400122335	1.4886193984249816	0.5739749411643501	3817695	4	2	6	1.0929410772378516	6.423401086707119	2.2510944455499184	4.172306641157201	0.5155788856909037	0.40243902439024387
chr1	q	175296882	184934985	7240	362	5581664.572828725	7646376.0	0.36	0.36	0.36	0.141933309907464	0.0276466208240743	1.2806507238848768	0.3568770583275267	9638104	4	1	5	3.433787684626442	4.9322656902545665	1.180615648491644	3.7516500417629226	0.3674802467017698	0.33783783783783783
chr1	q	184935022	192863603	4920	246	3509333.4706149697	5361159.0	0.28	0.28	0.28	0.1042207783333094	0.0197142317955795	1.1483877893098442	0.1996098957101623	7928582	4	0	4	3.4936033294788778	3.9839404493515835	0.18050332581844367	3.80343712353314	0.20242100043127334	0.25757575757575757
chr1	q	192863937	213951127	12180	609	11630355.80470334	16279035.0	0.245	0.245	0.245	0.1556290101398633	0.029350521878893	1.2533921183439818	0.3258378262252497	21087191	5	0	5	1.9732097301522495	4.736821488526349	0.0767712646889556	4.660050223837393	0.3674802467017698	0.22972972972972971
chr1	q	213951475	248946254	29067	1453	21707951.883513108	27057475.0	0.35	0.35	0.35	0.1513811686405874	0.0272116125504239	1.4075187844048496	0.4931541762926349	34994780	4	1	5	4.250462005096895	5.841909684182772	1.4071683894639704	4.434741294718801	0.3674802467017698	0.33783783783783783
chr2	p	10751	4155107	5500	275	1910352.63293482	3521597.0	0.44	0.435	0.44	0.1447554668704095	0.0478406307484884	0.9516921808946562	-0.0714330769297744	4144357	2	1	3	2.1185898072955265	2.5736329370146858	0.8773984922864619	1.6962344447282238	0.016007876200392117	0.4310344827586207
chr2	p	4155249	10062470	4740	237	2877720.5063884035	4730957.0	0.45	0.45	0.45	0.1079342582385851	0.032874059210613	1.0671420318656095	0.0937522052451318	5907222	2	1	3	3.731359349975599	3.4014083684764205	1.3181337658143895	2.083274602662031	0.016007876200392117	0.4310344827586207
chr2	p	10063939	38199022	21220	1061	12645016.327862255	22169508.0	0.465	0.465	0.465	0.1420868983234651	0.0344121792804334	1.0006586513976603	0.0009499203062404	28135084	2	1	3	8.057776395077953	2.9247225305212243	1.2112459766923698	1.7134765538288546	0.016007876200392117	0.4310344827586207
chr2	p	38200011	59779570	19940	997	10402007.085283255	16262616.0	0.475	0.475	0.475	0.1312104693436183	0.0294461568499868	1.122145967163489	0.1662603518878224	21579560	2	2	4	4.607133390651863	3.795786584562216	1.6967486276670523	2.099037956895164	0.20242100043127334	0.5
chr2	p	59780681	70637372	7260	363	5015473.057494774	8415066.0	0.48	0.475	0.485	0.1402778354046415	0.0312556076065224	1.0456274848380316	0.0643689687004442	10856692	2	2	4	6.667239709412446	3.247149066288686	1.4736315518185694	1.7735175144701165	0.20242100043127334	0.5
chr2	p	70637410	86828846	10760	538	6628732.512351379	12220470.0	0.465	0.46	0.465	0.1131284908691067	0.0351163108944185	0.9516235921368396	-0.071537056166649	16191437	2	1	3	9.57560764965746	2.5731411556211405	1.0477606373638308	1.5253805182573097	0.016007876200392117	0.4310344827586207
chr2	p	86828858	91799749	2670	133	1015391.0113212466	2132679.0	0.38	0.38	0.38	0.2305734433991777	0.0659587939282301	0.8352768348635426	-0.2596736672491039	4970892	1	0	1	11.623952823584634	1.7389349059716008	0.15079526426920833	1.5881396417023925	-0.4496556961484198	0.40476190476190477
chr2	q	96005205	126681067	20380	1019	14136069.282922313	23173344.0	0.46	0.46	0.46	0.1373949116458533	0.0407407366145148	1.0701941472333474	0.0978725441430043	30675863	2	1	3	7.194116300816527	3.4232920356631014	1.4047143364050267	2.0185776992580746	0.016007876200392117	0.4310344827586207
chr2	q	126682405	132647495	5200	260	2614443.133200519	4654842.0	0.43	0.425	0.43	0.1611797829662263	0.059043093654415	0.9853644070317724	-0.0212707347921268	5965091	2	1	3	0.29104282034605006	2.8150627984178085	0.9129770033196576	1.902085795098151	0.016007876200392117	0.4310344827586207
chr2	q	132648233	152433419	11580	579	9832742.116860673	14673615.0	0.46	0.46	0.46	0.1208954141339027	0.0364114068758468	1.1756015341275825	0.2333991467803544	19785187	3	2	5	5.040568719557282	4.179062999694767	1.7523689798595934	2.426694019835174	0.3674802467017698	0.4459459459459459
chr2	q	152435434	182133630	19060	953	11820444.42694801	21938744.0	0.335	0.335	0.335	0.1246931077622798	0.0257535310852102	0.945245590725888	-0.0812388803788802	29698197	2	0	2	2.961463822359722	2.527410885504618	0.14543264664404718	2.3819782388605706	-0.19811692915245535	0.33999999999999997
chr2	q	182147825	192704918	8180	409	5140038.765438557	7441638.0	0.46	0.46	0.46	0.1122604782401753	0.0281867645577791	1.2117707624803682	0.2771168018530623	10557094	3	2	5	3.0380811295141825	4.43839636698424	1.871662328812751	2.5667340381714894	0.3674802467017698	0.4459459459459459
chr2	q	192708426	216181216	14960	748	10880555.98668784	17154052.0	0.425	0.425	0.425	0.1273278670294135	0.0333761095718799	1.1127740283600571	0.154160653539337	23472791	2	1	3	4.148022613739899	3.7285897833416097	1.265900657920184	2.462689125421426	0.016007876200392117	0.4310344827586207
chr2	q	216181720	230480994	9820	491	6692277.805893838	11283179.0	0.43	0.43	0.43	0.1230581743457633	0.0313155580360828	1.04055513795223	0.0573534140330227	14299275	2	1	3	0.35629968996603667	3.210780339117489	1.0831355458205203	2.1276447932969687	0.016007876200392117	0.4310344827586207
chr2	q	230484173	238856321	6300	315	3839190.576660589	7055182.0	0.43	0.43	0.43	0.1568588723624691	0.0424481780599559	0.9546717347997872	-0.066923349161817	8372149	2	1	3	1.4110210453554304	2.5949963385144743	0.8183484255612238	1.7766479129532504	0.016007876200392117	0.4310344827586207
chr2	q	238857292	242183431	2610	130	1719494.1892895252	2953300.0	0.36	0.36	0.36	0.1831785336023439	0.0426358080746397	1.021446823671284	0.0306140995947439	3326140	3	1	4	8.4752827622066	3.0737737257231057	0.511558541260318	2.562215184462788	0.20242100043127334	0.37878787878787884
chr3	p	10318	10314630	12000	600	5415046.995828454	8025695.0	0.26	0.26	0.26	0.1320433140112425	0.0240546816302634	1.1837014891834832	0.2433053019356886	10304313	4	0	4	0.38193993947406585	4.237139677445574	0.08165631613584953	4.155483361309725	0.20242100043127334	0.25757575757575757
chr3	p	10316268	22139557	8740	437	5811126.896310858	9490404.0	0.28	0.28	0.28	0.1467100186730641	0.0292171472005081	1.0742324662754406	0.1033062294982518	11823290	3	0	3	2.747670218630553	3.4522467831949095	0.031629099294575025	3.4206176839003346	0.016007876200392117	0.29310344827586204
chr3	p	22139559	22644221	460	23	326540.6145296246	364963.0	0.195	0.195	0.195	0.0752605845113374	0.0151800784783444	1.5696794876079876	0.6504700057130081	504663	7	0	7	0.2594160407754167	7.004601926149272	0.06964737559910818	6.934954550550164	0.6498799774024948	0.18888888888888886
chr3	p	22688759	32380131	7820	391	4613761.428125216	7375276.0	0.29	0.29	0.29	0.1146143292336232	0.0245515238537086	1.09748722028976	0.1342041403693502	9691373	3	0	3	2.9179778985663125	3.6189833694775797	0.15700517714849793	3.4619781923290818	0.016007876200392117	0.29310344827586204
chr3	p	32380243	32977283	260	13	374369.0210935604	462031.0	0.21	0.205	0.215	0.1707665254825899	0.0165071259491345	1.4215148580343142	0.5074291785092123	597041	6	0	6	0.06354141854893754	5.942261532106032	0.015374921742266484	5.926886610363766	0.5155788856909037	0.2073170731707317
chr3	p	32977459	43340835	3900	195	4719582.2832732	8187476.0	0.295	0.295	0.295	0.1262928318064572	0.0243494718307243	1.0112909885786143	0.0161981776324645	10363377	3	0	3	0.024985921591364712	3.000956388108665	0.014032134492056314	2.9869242536166087	0.016007876200392117	0.29310344827586204
chr3	p	43342390	56548283	7300	365	5124412.415804468	10968151.0	0.34	0.34	0.34	0.1342234711950212	0.0304601108404308	0.8196591079514309	-0.2869040699408013	13205894	2	0	2	1.6088074223203195	1.62695580401176	-0.12683502663600152	1.7537908306477614	-0.19811692915245535	0.33999999999999997
chr3	p	56548523	75708402	15020	751	7842000.075335491	15102140.0	0.34	0.34	0.34	0.1295674788386124	0.0303717445664403	0.9109844530123736	-0.13450166188456	19159880	2	0	2	0.8258984141970932	2.2817585280987194	0.09579789955356487	2.1859606285451547	-0.19811692915245535	0.33999999999999997
chr3	p	75708410	75785641	380	19	35398.18824708462	65607.0	0.155	0.15	0.16	0.1827187017965436	0.047463355160613	0.9465716002921044	-0.0792164569145874	77232	5	0	5	79.50350532875854	2.5369183740943893	-1.0730276520153694	3.6099460261097587	0.3674802467017698	0.22972972972972971
chr3	p	75785647	83005862	4580	229	3088206.337556146	4997405.0	0.43	0.43	0.43	0.0815578054381903	0.0370245293544341	1.0841375280023462	0.1165477810291909	7220216	2	1	3	2.0703443765608185	3.523266075776822	1.2175044125840333	2.305761663192789	0.016007876200392117	0.4310344827586207
chr3	p	83009309	85580105	1660	83	1157698.069122903	1673581.0	0.375	0.375	0.38	0.0897359762469285	0.0239537949770326	1.2135877593391036	0.2792784392557315	2570797	3	1	4	1.305162721045228	4.451424234461373	1.1380340879230149	3.3133901465383584	0.20242100043127334	0.37878787878787884
chr3	p	85581401	87783312	2575	128	881695.8624095991	1506392.0	0.445	0.445	0.445	0.1042949399673314	0.0368471823040785	1.0268415113975442	0.0382135250197654	2201912	2	1	3	1.455045171203017	3.1124536367203928	1.1512918683405746	1.9611617683798181	0.016007876200392117	0.4310344827586207
chr3	q	94060750	118356573	17120	856	10922599.980471252	17650594.0	0.425	0.425	0.43	0.1275609976995592	0.0322324241117409	1.08564870450119	0.1185573496776003	24295824	2	1	3	2.3990847819008265	3.5341012112735326	1.1832430147912514	2.3508581964822812	0.016007876200392117	0.4310344827586207
chr3	q	118357012	123178407	3120	156	2139685.3968935534	3714476.0	0.445	0.44	0.445	0.1681053522893255	0.0371127135791021	1.0105899643585456	0.0151977584882078	4821396	2	1	3	1.354548324512866	2.995930044450773	1.099438869780594	1.896491174670179	0.016007876200392117	0.4310344827586207
chr3	q	123179852	142959727	15080	754	10422641.972916812	16015512.0	0.38	0.38	0.38	0.1560983495038847	0.0327452674434964	1.1417199966103757	0.1912088774673758	19779876	3	1	4	0.035858489762714586	3.9361323756963937	0.9857303027646296	2.950402072931764	0.20242100043127334	0.37878787878787884
chr3	q	142962407	155748143	9740	487	6759196.78438583	9269594.0	0.385	0.385	0.385	0.1236364606299458	0.0269084816190604	1.2792546160948848	0.3553034392148164	12785737	3	1	4	5.037997417099156	4.922255597400324	1.4063184049991246	3.515937192401199	0.20242100043127334	0.37878787878787884
chr3	q	155748827	156165505	480	24	304410.5544320941	311077.0	0.27	0.265	0.27	0.1148222732687069	0.0157439913582575	1.7167791064628597	0.7797044234333997	416679	7	1	8	1.5512217266452901	8.059306193338704	1.1985126722014503	6.860793521137254	0.7727367251880283	0.25510204081632654
chr3	q	156166530	194011063	28480	1424	21064469.73284765	27934475.0	0.37	0.37	0.37	0.1395358548853521	0.0266494352281037	1.3229171066121388	0.4037226658295636	37844534	4	1	5	7.451429664401006	5.235315654409035	1.3845667921313434	3.850748862277692	0.3674802467017698	0.33783783783783783
chr3	q	194011259	197198096	3480	174	1704499.97738342	2507654.0	0.36	0.36	0.365	0.1555019975941673	0.0365892058239131	1.1924824647345382	0.253968051785065	3186838	3	1	4	2.9935454822509637	4.300099272146639	0.9530357379727898	3.347063534173849	0.20242100043127334	0.37878787878787884
chr3	q	197205030	198181665	703	35	431687.8506056368	747232.0	0.41	0.4	0.415	0.1419217561966286	0.0567335339772785	1.013530865603432	0.0193900246459125	976636	2	1	3	3.0749002037539404	3.017016306376609	0.8544766856144095	2.1625396207621996	0.016007876200392117	0.4310344827586207
chr4	p	10165	10290189	9340	467	3693012.294570333	8851354.0	0.465	0.46	0.465	0.2044148883226976	0.0446613725513088	0.7319706348089876	-0.4501423232431219	10280025	1	1	2	21.4695565396599	0.9982294515804415	0.3154266949849056	0.6828027565955359	-0.19811692915245535	0.5
chr4	p	10290406	47423916	28980	1449	14042932.569280058	27388064.0	0.49	0.485	0.495	0.1141718871486255	0.0287669257578494	0.8995371242367376	-0.152745271612913	37133511	1	1	2	1.1145643031965906	2.199681180777409	1.0353437785809299	1.1643374021964792	-0.19811692915245535	0.5
chr4	p	47426288	48197797	678	33	378034.7796318829	578654.0	0.4	0.395	0.4	0.1176616112187526	0.041958482256172	1.1461340442643633	0.1967757820411529	771510	3	1	4	3.131184928590738	3.9677810973754846	1.162112438950194	2.8056686584252906	0.20242100043127334	0.37878787878787884
chr4	q	51811180	57649765	4480	224	2545421.223267235	4571997.0	0.445	0.44	0.445	0.1902405764615842	0.0414052753062022	0.976734075349512	-0.0339622659543013	5838586	2	1	3	1.864009307421575	2.7531833202560017	0.9914165775139209	1.761766742742081	0.016007876200392117	0.4310344827586207
chr4	q	57651432	60731106	2680	134	1311120.7432771325	2065886.0	0.405	0.405	0.405	0.1041569158253548	0.0287938117175876	1.1134198278980485	0.1549976802110116	3079675	3	1	4	5.230329973998747	3.733220166029008	1.1082041672417484	2.6250159987872594	0.20242100043127334	0.37878787878787884
chr4	q	60731219	113051700	38800	1940	22162628.42209713	37717860.0	0.445	0.445	0.445	0.1275334118559498	0.0350563410153153	1.0308532301009805	0.0438389405833096	52320482	2	1	3	1.5124895192023566	3.1412176598240302	1.1640918586216935	1.9771258012023367	0.016007876200392117	0.4310344827586207
chr4	q	113052262	128323296	11860	593	6622119.005559728	10752698.0	0.43	0.43	0.43	0.1029642975756227	0.0312684822168421	1.0804437159005698	0.1116239191144872	15271035	2	1	3	1.873233192798809	3.496781443007085	1.206116020493047	2.290665422514038	0.016007876200392117	0.4310344827586207
chr4	q	128323505	181407432	39720	1986	19796148.63990041	37926816.0	0.48	0.48	0.48	0.1069249925209321	0.0299765150684288	0.9157078483917448	-0.1270407071608028	53083928	1	1	2	3.808763355860777	2.3156252729688105	1.0265001310250286	1.289125141943782	-0.19811692915245535	0.5
chr4	q	181407782	190192121	9935	496	3287763.1351643205	6652233.0	0.46	0.455	0.46	0.1463440959440782	0.0441191214122294	0.8670730428683702	-0.2057745626337229	8784340	1	1	2	11.123078325505677	1.9669137173662143	0.7347803099884587	1.2321334073777557	-0.19811692915245535	0.5
chr5	p	12041	3727065	3560	178	1184852.3008712423	3213458.0	0.43	0.425	0.43	0.1435123341167428	0.0542607132569796	0.6468658191564044	-0.6284616131391778	3715025	1	0	1	10.948150748358202	0.3880279233514201	-0.13064799295888946	0.5186759163103096	-0.4496556961484198	0.40476190476190477
chr5	p	3727949	21826455	14860	743	5996089.566847168	13758970.0	0.445	0.445	0.45	0.1172519034640127	0.0384813099338097	0.7645480816025069	-0.3873208609164056	18098507	1	0	1	12.036765977212374	1.2318097450899748	0.31440533656503894	0.9174044085249358	-0.4496556961484198	0.40476190476190477
chr5	p	21826881	46098683	19368	968	9577809.936076768	17528398.0	0.465	0.465	0.465	0.1211989819646011	0.03179725887154	0.958620261239526	-0.0609686620441151	24271803	2	1	3	9.220765253118334	2.6233072730874025	1.0710878819856426	1.5522193911017599	0.016007876200392117	0.4310344827586207
chr5	q	51422666	54500758	2300	115	1072151.3268885948	2241728.0	0.375	0.375	0.38	0.1221153001962419	0.0229248793784822	0.8390653486839527	-0.2531449188458036	3078093	2	0	2	9.124919883156956	1.7660985500639408	0.1310369562739777	1.635061593789963	-0.19811692915245535	0.33999999999999997
chr5	q	54502141	56303987	860	43	817156.2356500104	1387437.0	0.31	0.31	0.315	0.1130639587057441	0.0176161831296796	1.0332714797655556	0.0472193549334987	1801847	3	0	3	2.181400902910333	3.158556509919033	0.17165251807490026	2.986903991844133	0.016007876200392117	0.29310344827586204
chr5	q	56304054	128929280	53180	2659	25989498.446509797	52342292.0	0.36	0.36	0.36	0.1250884006310923	0.0286067937451512	0.8710995264536806	-0.1990905332179795	72625227	2	0	2	2.777971227752559	1.9957836046728905	0.12348209768224053	1.87230150699065	-0.19811692915245535	0.33999999999999997
chr5	q	128929427	173146764	31240	1562	16566006.603268318	34999329.0	0.36	0.36	0.36	0.1421376429066765	0.0321752802208652	0.8303873546936471	-0.2681436206757588	44217338	2	0	2	3.778540538124701	1.70387733315345	0.01839583993524206	1.685481493218208	-0.19811692915245535	0.33999999999999997
chr5	q	173147173	181475100	6303	315	2646379.0516474545	6652979.0	0.375	0.375	0.375	0.1659549843547236	0.0472191675682689	0.6978442631439057	-0.5190229866171101	8327928	1	0	1	7.13319160983719	0.7535433667418039	-0.2486712374718234	1.0022146042136273	-0.4496556961484198	0.40476190476190477
chr6	p	147596	1515139	1260	63	557986.5737983328	1148583.0	0.34	0.34	0.345	0.1362080122516785	0.0342941641556885	0.852283302753802	-0.2305950264780706	1367544	2	0	2	0.21527077671268074	1.8608712807447607	-0.04730376454678102	1.9081750452915418	-0.19811692915245535	0.33999999999999997
chr6	p	1515333	29575869	22620	1131	14756490.250886371	21866784.0	0.48	0.48	0.48	0.1521413197202014	0.0302345021117994	1.183915687844687	0.2435663435856016	28060537	2	2	4	3.1232755866119515	4.238675481846406	1.9495642312862749	2.289111250560131	0.20242100043127334	0.5
chr6	p	29577048	29881500	1560	78	152983.66633243114	256068.0	0.395	0.39	0.395	0.1887985765032976	0.0756965246202177	1.0481232877157192	0.0678084269084687	304453	3	1	4	5.523298691078761	3.2650439729217062	0.8434423693040742	2.421601603617632	0.20242100043127334	0.37878787878787884
chr6	p	29881508	30000022	2360	118	76099.5870959647	107643.0	0.335	0.335	0.34	0.2748658689584044	0.0744282646290818	1.2402782347810477	0.3106638003791018	118515	4	1	5	0.714723526196154	4.642794943380113	0.854086306032338	3.788708637347775	0.3674802467017698	0.33783783783783783
chr6	p	30000033	32465290	4360	218	1455715.5835450273	1999104.0	0.45	0.45	0.45	0.2107252008299321	0.041149422557963	1.2775083815623318	0.3533327565239485	2465258	3	2	5	0.15498164515077567	4.909735095801919	1.9968807931108639	2.9128543026910547	0.3674802467017698	0.4459459459459459
chr6	p	32465607	32590437	2080	104	37740.85670946911	53013.0	0.35	0.35	0.35	0.3041996479379819	0.0541229151176135	1.248969945412388	0.3207387610722183	124831	4	1	5	1.4730803520454372	4.7051145086068225	1.0092900780123877	3.6958244305944348	0.3674802467017698	0.33783783783783783
chr6	p	32590459	44672469	11360	568	7181521.746499572	10137731.0	0.44	0.44	0.44	0.1991568525718365	0.0429559344673827	1.242791664632997	0.3135844704917943	12082011	3	2	5	0.8383228663166817	4.66081623541859	1.7957591435841795	2.8650570918344105	0.3674802467017698	0.4459459459459459
chr6	p	44672863	48253521	3400	170	1453333.7364207243	2750298.0	0.34	0.34	0.34	0.1233041788981095	0.0251727766668897	0.9270607987878752	-0.1092641376617451	3580659	2	0	2	1.6111874603452307	2.3970259273090653	0.1349888152850826	2.262037112023983	-0.19811692915245535	0.33999999999999997
chr6	p	48253597	58453052	8969	448	4443618.183334224	7454680.0	0.415	0.415	0.415	0.1160908140209305	0.0382987826234523	1.0457559511312444	0.0645462080159949	10199456	2	1	3	2.266259004155984	3.2480701696110224	0.9866991203885743	2.261371049222448	0.016007876200392117	0.4310344827586207
chr6	q	62604844	73546033	8740	437	4324747.499711875	7602312.0	0.395	0.395	0.395	0.1131638823383174	0.0266758817754152	0.9980164099152276	-0.0028645575726373	10941190	2	1	3	9.089937138005999	2.9057776590921818	0.7015321753414121	2.2042454837507695	0.016007876200392117	0.4310344827586207
chr6	q	73548145	95267412	16700	835	8192502.083969034	15736186.0	0.34	0.34	0.34	0.1215459514884465	0.0257265231349588	0.9133551783611356	-0.1307521016925919	21719268	2	0	2	0.9261265262647287	2.2987566288493424	0.10157725380877669	2.197179375040566	-0.19811692915245535	0.33999999999999997
chr6	q	95268755	106055387	8440	422	4623967.3773653805	7665426.0	0.295	0.295	0.295	0.1012784070915306	0.0212515912251709	1.058281200019548	0.0817230225093475	10786633	3	0	3	0.9063010725653167	3.3378762041401595	0.11342348022134706	3.2244527239188123	0.016007876200392117	0.29310344827586204
chr6	q	106055817	130921817	17540	877	9829458.37653718	18318653.0	0.34	0.34	0.34	0.1269396402584866	0.0265134401189221	0.9413663434102694	-0.0871718214895774	24866001	2	0	2	2.512003451903587	2.499596682251631	0.16986287196555475	2.3297338102860765	-0.19811692915245535	0.33999999999999997
chr6	q	130923340	153413897	15420	771	9878098.203397878	16947105.0	0.31	0.31	0.31	0.125797687334886	0.0246652984116465	1.0225873931528795	0.0322241451528128	22490558	3	0	3	2.0362602853654512	3.0819516089061456	0.14790499876090532	2.9340466101452405	0.016007876200392117	0.29310344827586204
chr6	q	153414254	153438458	400	19	10914.087022855878	19200.0	0.42	0.415	0.425	0.2156661703160749	0.0550849256191829	0.9972609158017262	-0.0039570850614323	24205	2	1	3	0.9269011074762852	2.9003607662983764	0.8781515218453179	2.0222092444530584	0.016007876200392117	0.4310344827586207
chr6	q	153441782	170737729	16031	801	7563268.120831385	13758037.0	0.305	0.305	0.305	0.1411075577105131	0.0323535185246606	0.964440942124875	-0.0522351978387144	17295948	3	0	3	1.9332650092873342	2.6650415550353537	-0.015912325714216927	2.6809538807495708	0.016007876200392117	0.29310344827586204
chr7	p	24443	7010379	5860	293	2451282.4796809424	5874471.0	0.335	0.335	0.335	0.1949749974741509	0.0388714577424943	0.7320609010768735	-0.4499644217512326	6985937	2	0	2	13.117929382190933	0.9988766607211832	-0.36662631865840356	1.3655029793795868	-0.19811692915245535	0.33999999999999997
chr7	p	7010738	20543541	14360	718	5304217.852916414	9617583.0	0.335	0.335	0.335	0.1141282629552083	0.0236776339385194	0.9675602656869984	-0.0475765707879647	13532804	2	0	2	4.798590600194631	2.687407104975778	0.19903138016688568	2.4883757248088925	-0.19811692915245535	0.33999999999999997
chr7	p	20546236	55651009	29900	1495	13631558.603242025	27502194.0	0.34	0.34	0.34	0.1269449610993092	0.0295570525507567	0.8695624727116762	-0.2016384148728787	35104774	2	0	2	0.0025307880977848093	1.9847629293427183	-0.005180604023475449	1.9899435333661937	-0.19811692915245535	0.33999999999999997
chr7	p	55652027	58099786	3255	162	737880.8157085329	1768947.0	0.35	0.35	0.35	0.2292602995335416	0.0421385826872669	0.7318027097032233	-0.4504733372205223	2447760	2	0	2	13.691129483835608	0.9970254285721111	-0.288541099999761	1.285566528571872	-0.19811692915245535	0.33999999999999997
chr7	q	62110703	62357410	640	32	77514.48200761154	154096.0	0.365	0.365	0.37	0.2745916399110721	0.055612489815126	0.882498749775204	-0.1803338603498795	246708	2	0	2	4.404816050438428	2.0775160358882134	0.184543353099198	1.8929726827890154	-0.19811692915245535	0.33999999999999997
chr7	q	62357552	65238126	3640	182	1115439.9492309503	1868925.0	0.42	0.42	0.42	0.2291620952724506	0.0614821907172267	1.047072940418748	0.066361945721509	2880575	2	1	3	1.363009809343902	3.257512982802424	1.028155452777018	2.229357530025406	0.016007876200392117	0.4310344827586207
chr7	q	65238731	76544211	7380	369	4426734.387096662	8322379.0	0.395	0.395	0.4	0.1810145481917089	0.0431852023238574	0.9331653186099026	-0.0997954047955013	11305481	2	1	3	11.754065940637929	2.440795334433002	0.5178641571010358	1.922931177331966	0.016007876200392117	0.4310344827586207
chr7	q	76544219	100711959	15920	796	11370527.738060586	17570867.0	0.4	0.395	0.4	0.120776692958828	0.0275957617445315	1.1352984519490952	0.1830716090106891	24167741	3	1	4	3.2010891036264164	3.8900899004750134	1.1310359601900057	2.759053940285008	0.20242100043127334	0.37878787878787884
chr7	q	100712743	101638289	1160	58	370663.8698007464	755865.0	0.37	0.365	0.375	0.2051967528781765	0.0546951338735096	0.860317257449453	-0.2170593172295745	925547	2	0	2	6.323227360421274	1.918474735912578	0.15733565228765387	1.761139083624924	-0.19811692915245535	0.33999999999999997
chr7	q	101662709	127007433	16020	801	12619100.725916728	18352130.0	0.38	0.38	0.38	0.1121018331985437	0.0242803532196202	1.2063256021989883	0.2706193610332961	25344725	3	1	4	0.959390058629239	4.399354567766747	1.1617547357513642	3.237599832015383	0.20242100043127334	0.37878787878787884
chr7	q	127022566	152413706	19240	962	12665216.757816002	19598547.0	0.38	0.38	0.38	0.162993031152017	0.0343344707095923	1.133734512147135	0.1810828423514663	25391141	3	1	4	0.10312487524868931	3.878876452094958	0.963973051796084	2.914903400298874	0.20242100043127334	0.37878787878787884
chr7	q	152413714	157257115	5580	279	2288107.157679178	4006238.0	0.375	0.375	0.375	0.1551931030875141	0.0398323686500241	1.001987327271601	0.0028642620280987	4843402	3	1	4	8.22675985154681	2.9342491365373786	0.5690934262015168	2.365155710335862	0.20242100043127334	0.37878787878787884
chr7	q	157258526	159335896	2639	131	929927.4266853929	1807814.0	0.335	0.335	0.335	0.2056234399766375	0.0431941018576531	0.9024391473271096	-0.1480984424546429	2077371	2	0	2	0.684192542037483	2.2204886863353757	0.04261370992235114	2.1778749764130243	-0.19811692915245535	0.33999999999999997
chr8	p	75951	13086182	16660	833	4735553.614159216	9346975.0	0.395	0.395	0.395	0.1733253069319889	0.044729275764034	0.8888373418749734	-0.1700086663172322	13010232	2	1	3	16.07891373671901	2.1229637412435594	0.39232067779120633	1.730643063452353	0.016007876200392117	0.4310344827586207
chr8	p	13087103	19852064	9160	458	2849003.8262053523	4985734.0	0.405	0.4	0.405	0.1148320690709056	0.0296235691380585	1.0025049909151629	0.0036094190748406	6764962	2	1	3	4.738276592578309	2.9379607848617177	0.7861241178689959	2.151836666992722	0.016007876200392117	0.4310344827586207
chr8	p	19852264	26282771	5700	285	2732072.6750047943	5283439.0	0.395	0.395	0.395	0.1443971446686261	0.0355266233471634	0.9071898137813016	-0.140523653559717	6430508	2	1	3	14.017682250765699	2.2545509648119326	0.44429763110071346	1.8102533337112192	0.016007876200392117	0.4310344827586207
chr8	p	26282772	36784954	7320	366	4042558.024632968	8126554.0	0.34	0.34	0.34	0.1338864676513048	0.0280300072387058	0.8727150226164435	-0.1964174634576683	10502183	2	0	2	0.0005894252342363289	2.0073667121598997	0.002504682134366054	2.0048620300255338	-0.19811692915245535	0.33999999999999997
chr8	p	36784988	43192450	4896	244	2697790.3279850986	4931960.0	0.425	0.425	0.43	0.1486125766007673	0.0372028222929759	0.9596464538119416	-0.0594250987170419	6407463	2	1	3	1.4141335970929907	2.6306650738316213	0.7992826563784392	1.831382417453182	0.016007876200392117	0.4310344827586207
chr8	q	47210085	86948575	27720	1386	14944624.655873772	29360646.0	0.48	0.48	0.485	0.126226740642915	0.029386489007907	0.8929805923809414	-0.1632992740537764	39738491	1	1	2	3.025179636261571	2.1526708473713505	0.948282006738248	1.2043888406331025	-0.19811692915245535	0.5
chr8	q	86950592	107893399	13940	697	9605610.297797743	15693145.0	0.425	0.425	0.425	0.1235117010037797	0.031987043276138	1.0738350885215535	0.1027724521315651	20942808	2	1	3	1.7892270525260625	3.4493975846995384	1.1472439734973041	2.3021536112022343	0.016007876200392117	0.4310344827586207
chr8	q	107893453	128694336	11180	559	12103901.514269069	15489647.0	0.31	0.31	0.31	0.1365658854112965	0.0260971992497196	1.370902207883182	0.4551256613914561	20800884	5	1	6	0.9280183932915371	5.579368830522416	0.922104337461949	4.657264493060467	0.5155788856909037	0.3048780487804878
chr8	q	128695276	138102841	10240	512	5151982.808724806	7554615.0	0.335	0.335	0.335	0.1306880079781927	0.0239492451112795	1.1964228082087798	0.2587273188932464	9407566	4	1	5	2.4696400025613143	4.328351534856951	0.7487477641770789	3.5796037706798725	0.3674802467017698	0.33783783783783783
chr8	q	138104062	139468412	1380	69	698488.9320751205	1182084.0	0.335	0.335	0.34	0.1201498243101064	0.0266298185869753	1.0366539455831745	0.0519343760109205	1364351	3	0	3	12.453140384343929	3.182808789831361	0.36499094459350595	2.817817845237855	0.016007876200392117	0.29310344827586204
chr8	q	139468773	141296101	1120	56	1261152.236227244	1590626.0	0.24	0.24	0.245	0.1755306517940791	0.0401555489595759	1.390983737000263	0.4761055523846603	1827329	5	0	5	3.1405417020642696	5.723353394291886	0.2686048146300527	5.454748579661833	0.3674802467017698	0.22972972972972971
chr8	q	141296705	142672128	1200	60	690962.4130940735	1352006.0	0.295	0.29	0.3	0.1696378368421912	0.040299141843634	0.8965993495918407	-0.1574646420534859	1375424	3	0	3	6.166348855205036	2.178617336573499	-0.22855788571081795	2.407175222284317	0.016007876200392117	0.29310344827586204
chr8	q	142673310	145075952	2433	121	1345217.258219108	2158283.0	0.3	0.295	0.3	0.19917852870163	0.032231087093156	1.0934694539498186	0.1289129192880291	2402643	3	0	3	2.9318351849711246	3.5901759848202	0.22705279544605986	3.3631231893741402	0.016007876200392117	0.29310344827586204
chr9	p	10435	14773259	15100	755	6509998.775003342	10976887.0	0.295	0.295	0.3	0.1401891963820091	0.0268824857644415	1.0404574602744194	0.0572179808293925	14762825	3	0	3	0.37156480095832595	3.210079990167587	0.07572359709943806	3.134356393068149	0.016007876200392117	0.29310344827586204
chr9	p	14775781	31848863	13340	667	6672119.918823917	12496115.0	0.335	0.335	0.335	0.1225017118818296	0.0289809285704519	0.9367235634979578	-0.0943047379439544	17073083	2	0	2	2.372992956725467	2.466307950280358	0.12496316334392014	2.3413447869364377	-0.19811692915245535	0.33999999999999997
chr9	p	31848942	42190453	7724	386	3290876.417822996	6642138.0	0.34	0.34	0.34	0.1645391031064443	0.0412941198519177	0.8692131625046231	-0.2022180734556426	10341512	2	0	2	0.0034325274684827074	1.9822583751581482	-0.006032152446229511	1.9882905276043776	-0.19811692915245535	0.33999999999999997
chr9	q	45510779	129400881	46340	2317	24517490.023339633	49727255.0	0.34	0.34	0.34	0.1394697043872931	0.0306130529762488	0.8649761563629983	-0.2092677304281406	83890103	2	0	2	0.025375585528535416	1.9518790411226983	-0.01636112601828242	1.9682401671409806	-0.19811692915245535	0.33999999999999997
chr9	q	129400975	129443803	640	32	21004.137391097844	44007.0	0.44	0.43	0.455	0.3011660435705686	0.0643869451902907	0.8373474502817534	-0.2561017137052346	42829	2	1	3	15.669142589804988	1.7537812185201722	0.5166637361488757	1.2371174823712965	0.016007876200392117	0.4310344827586207
chr9	q	129443817	133365882	2560	128	1486323.1546384692	3381548.0	0.335	0.33	0.335	0.2121683898875624	0.041601379107577	0.7711170434497195	-0.3749782396901984	3922066	2	0	2	6.557268899912734	1.2789092015344894	-0.272815417485946	1.5517246190204355	-0.19811692915245535	0.33999999999999997
chr9	q	133368224	138287530	2358	117	1619889.639655821	4460992.0	0.345	0.34	0.35	0.2276935015687717	0.0468385036410494	0.6370545156974737	-0.6505112590445647	4919307	1	0	1	33.035237538051184	0.31768087755088686	-0.549150097244944	0.8668309747958309	-0.4496556961484198	0.40476190476190477
chr10	p	10463	12267509	11540	577	7033406.670632501	9689386.0	0.445	0.445	0.445	0.1614232057292892	0.0483632547741793	1.2734798766497324	0.3487761625276831	12257047	3	2	5	0.07761046686499751	4.880850715578582	1.9382285684324685	2.942622147146113	0.3674802467017698	0.4459459459459459
chr10	p	12268285	16808345	5120	256	2149664.1633696314	3633304.0	0.44	0.44	0.445	0.1521085213954643	0.0382009481422234	1.03798599686409	0.0537869808913574	4540061	2	1	3	0.849475616874902	3.192359597515526	1.1496382229068312	2.042721374608695	0.016007876200392117	0.4310344827586207
chr10	p	16809950	33573175	13100	655	9227857.339242917	12651064.0	0.445	0.445	0.445	0.1481178008200044	0.0433498982949943	1.2796654195306938	0.3557666534430549	16763226	3	2	5	0.03421567140362827	4.925201058035075	1.9579644708256085	2.9672365872094666	0.3674802467017698	0.4459459459459459
chr10	p	33573443	37999807	3037	151	1951495.72913225	3382787.0	0.46	0.455	0.465	0.1363652608416265	0.0357592591833408	1.0120816886562645	0.0173257396992638	4426365	2	1	3	5.826751587928262	3.0066257076654166	1.2130478255260917	1.793577882139325	0.016007876200392117	0.4310344827586207
chr10	q	41701615	42301255	1480	74	156388.31971796602	291692.0	0.38	0.38	0.385	0.2250109415673342	0.0543136082613435	0.9405944467739416	-0.0883552802710398	599641	2	0	2	13.569808981553406	2.494062183369161	0.43774362968028135	2.0563185536888797	-0.19811692915245535	0.33999999999999997
chr10	q	42301537	44916005	2660	133	1198565.8619594127	2171337.0	0.455	0.45	0.46	0.1703402387018591	0.0404120125609811	0.9684055862747988	-0.0463166932996827	2614469	2	1	3	4.781238894975605	2.6934680535903075	1.0342779643835898	1.6591900892067177	0.016007876200392117	0.4310344827586207
chr10	q	44916028	56094689	8160	408	3376887.3236717917	7747984.0	0.385	0.385	0.385	0.1478062374293621	0.04562632817109	0.7646284793629368	-0.3871691590745929	11178662	1	0	1	3.5088843601758084	1.2323861970322572	-0.014281314142581061	1.2466675111748382	-0.4496556961484198	0.40476190476190477
chr10	q	56095197	65715352	5560	278	3711016.6711574234	7057728.0	0.345	0.345	0.345	0.130621232219849	0.0292118501701418	0.922466500258945	-0.1164315748122586	9620156	2	0	2	1.5353452159444785	2.3640848068566367	0.15685925836553954	2.207225548491097	-0.19811692915245535	0.33999999999999997
chr10	q	65716468	69517826	3220	161	1554832.432277605	2756566.0	0.305	0.3	0.305	0.1271441409568741	0.0260364047318198	0.9895501545182356	-0.0151552639753514	3801359	3	0	3	1.1810250401661235	2.845074607895749	0.03899775540820369	2.8060768524875455	0.016007876200392117	0.29310344827586204
chr10	q	69518711	120015189	36000	1800	19867804.23740675	40088492.0	0.335	0.335	0.335	0.1543735093029872	0.0311542249626706	0.8694663275978596	-0.2017979384863181	50496479	2	0	2	0.1763763824817167	1.9840735688766535	-0.03658535442632102	2.0206589233029746	-0.19811692915245535	0.33999999999999997
chr10	q	120015593	130181214	9920	496	4616544.511190526	8608933.0	0.29	0.29	0.29	0.1464304195200294	0.0311889883079804	0.9407848486617282	-0.0880632691269926	10165622	3	0	3	2.2772526794347834	2.4954273649045913	-0.16882606417766843	2.66425342908226	0.016007876200392117	0.29310344827586204
chr10	q	130183266	133787245	3803	190	1436283.705058001	3140980.0	0.295	0.29	0.295	0.1606894529474534	0.0374683985036269	0.8022277439719325	-0.317916234196684	3603980	2	0	2	16.991453773281652	1.5019729242787563	-0.4281679873377669	1.9301409116165231	-0.19811692915245535	0.33999999999999997
chr11	p	87018	4364469	3800	190	1631031.7212734115	3521849.0	0.425	0.42	0.425	0.2172145618040322	0.0582459205233957	0.8124830155584051	-0.2995904401675517	4277452	1	0	1	7.440141887782512	1.5755032215537645	0.3508388691603498	1.2246643523934146	-0.4496556961484198	0.40476190476190477
chr11	p	4364655	11758689	7720	386	3323231.7513739495	5882694.0	0.455	0.455	0.455	0.1559682331766062	0.037212627224591	0.9910760595858314	-0.0129323143912709	7394035	2	1	3	4.159439439488284	2.8560153472304117	1.1082369829898373	1.7477783642405744	0.016007876200392117	0.4310344827586207
chr11	p	11758843	21803849	7980	399	6474161.36956852	8069393.0	0.42	0.42	0.42	0.1521811236591898	0.032797356755299	1.4075546568095887	0.4931909447404253	10045007	4	2	6	2.2438721669443087	5.842166889324751	2.1137100935163953	3.728456795808356	0.5155788856909037	0.40243902439024387
chr11	p	21804426	34405569	10720	536	7092294.2086179685	9224349.0	0.455	0.455	0.455	0.117624764042058	0.030163403135259	1.3488809840767106	0.4317630604751605	12601144	3	2	5	1.412599526220541	5.421476655830015	2.275521878402657	3.145954777427358	0.3674802467017698	0.4459459459459459
chr11	p	34405570	35067538	780	39	553805.8365829438	530338.0	0.385	0.38	0.385	0.1363152712068075	0.0261827391937833	1.8320081320739592	0.8734259074068734	661969	6	3	9	0.054308892818413196	8.885498306970286	2.9321668481835594	5.953331458786726	0.8859473356360191	0.38679245283018865
chr11	p	35067616	36266544	820	41	1407279.031918481	1012772.0	0.26	0.26	0.265	0.1433850020008562	0.0168115849124787	2.437761119115808	1.2855567604322744	1198929	10	2	12	2.5199359385747386	13.228747224060344	2.4194742782556893	10.809272945804654	1.1803946941012742	0.25384615384615383
chr11	p	36266728	44254916	6640	332	3983436.528276209	5846698.0	0.475	0.475	0.475	0.1141759630288469	0.0293156323468962	1.1952805563953808	0.2573492875066474	7988189	2	2	4	4.956015884111398	4.32016158935488	1.945826754943568	2.374334834411312	0.20242100043127334	0.5
chr11	p	44256165	50820459	5350	267	2914444.6935881153	5260157.0	0.445	0.445	0.45	0.1280163647506327	0.0450885155183517	0.9720301293351938	-0.0409270621583662	6564295	2	1	3	2.0159627970042973	2.71945602733334	0.9764079321633364	1.7430480951700038	0.016007876200392117	0.4310344827586207
chr11	q	55801599	59261814	2200	110	1437402.262934286	2672407.0	0.43	0.43	0.435	0.1685605016607339	0.0473811039156377	0.943622610654642	-0.0837181066952091	3460216	2	1	3	2.0370789074811917	2.5157741183937836	0.7842828709093269	1.7314912474844566	0.016007876200392117	0.4310344827586207
chr11	q	59264810	67457517	3760	188	4031508.9051256552	6861778.0	0.395	0.395	0.395	0.1702542355547567	0.0371953065984955	1.030750550455647	0.0436952316741171	8192708	3	1	4	6.966834347633404	3.140481446766989	0.794240171472961	2.346241275294028	0.20242100043127334	0.37878787878787884
chr11	q	67458626	69121714	1320	66	896920.4423991516	1436525.0	0.34	0.335	0.345	0.1543241036622393	0.0397536029057154	1.0953763226834468	0.1314266009653422	1663089	4	1	5	11.404163604566266	3.603848233640314	0.5453083994377071	3.0585398342026067	0.3674802467017698	0.33783783783783783
chr11	q	69121899	69263215	160	8	155381.2680492252	130761.0	0.165	0.16	0.17	0.0829120715325652	0.0156124949959959	2.0846974888832386	1.0598380489208858	141317	10	0	10	2.720005414564028	10.69728099529282	0.3413013642233155	10.355979631069504	0.9909168952375618	0.14912280701754382
chr11	q	69263222	69544971	220	11	169036.36455956846	269899.0	0.355	0.34	0.37	0.2066561361604543	0.0293313923725485	1.0987565663335994	0.1358717871558138	281750	3	1	4	4.833441680588573	3.6280845806119078	0.6717200261172274	2.95636455449468	0.20242100043127334	0.37878787878787884
chr11	q	69546618	71795768	1940	97	2224026.3162331283	1948921.0	0.175	0.175	0.175	0.1995030715190023	0.0234720104536648	2.0020194927838557	1.001456021129798	2249151	9	0	9	4.20778200712	10.104479763260244	0.3870339585705422	9.717445804689701	0.8859473356360191	0.160377358490566
chr11	q	71795976	72181850	680	34	321588.1317394003	318485.0	0.245	0.245	0.245	0.1232854367711447	0.0263399554402651	1.7714693600540097	0.824946512320231	385875	7	1	8	1.2649874291841163	8.45143531158725	0.9868516513388763	7.464583660248374	0.7727367251880283	0.25510204081632654
chr11	q	72181995	75135226	1560	78	1495694.1141796112	2408961.0	0.395	0.39	0.395	0.1894366941323832	0.034022462317465	1.0892702207287146	0.1233618950518108	2953232	3	1	4	3.1008083222968175	3.5600674826248846	0.9599766556368294	2.600090826988055	0.20242100043127334	0.37878787878787884
chr11	q	75136067	89729623	8720	436	9139504.878998108	11201844.0	0.315	0.315	0.315	0.1358380376994078	0.0226234787343353	1.4313826998080557	0.5174094479558043	14593557	5	1	6	0.7121692613145155	6.01301395762376	1.1078493966514842	4.905164560972276	0.5155788856909037	0.3048780487804878
chr11	q	89729873	105652095	12100	605	8306331.918050267	11508562.0	0.36	0.355	0.36	0.1265041720667406	0.0215859573585475	1.2662248568547363	0.3405336220363852	15922223	4	1	5	3.559031149352448	4.828832223648459	1.1433796005134451	3.685452623135014	0.3674802467017698	0.33783783783783783
chr11	q	105653176	108138933	1720	86	1123086.2388615685	1819664.0	0.41	0.405	0.41	0.1189294501678072	0.0266355858735947	1.082790702163422	0.1147544044125459	2485758	2	1	3	5.062540592702133	3.513609334511736	1.0580798271498117	2.4555295073619243	0.016007876200392117	0.4310344827586207
chr11	q	108140839	108684471	460	23	328497.3729212731	400923.0	0.305	0.3	0.305	0.1388638527184302	0.0247730721544534	1.437452638792702	0.523514422906043	543633	5	1	6	0.012954860286678619	6.056535420143674	1.01849330314382	5.038042116999854	0.5155788856909037	0.3048780487804878
chr11	q	108687234	116569294	4780	239	3537474.1960687935	6404131.0	0.425	0.425	0.43	0.1528500946598453	0.0372946194497914	0.9690712039483792	-0.0453254211880084	7882061	2	1	3	1.0205906713051842	2.69824053230988	0.8280022262316988	1.870238306078181	0.016007876200392117	0.4310344827586207
chr11	q	116569319	123326988	5200	260	2823296.3154507503	5691105.0	0.33	0.33	0.33	0.1934187185885918	0.0332927662416878	0.8703270428095435	-0.2003704705008186	6757670	2	0	2	0.695480862527863	1.9902448969444277	-0.06571918400833862	2.055964080952766	-0.19811692915245535	0.33999999999999997
chr11	q	123328235	132479882	7220	361	5001673.351107985	7532545.0	0.245	0.245	0.245	0.1436439529797298	0.0281205869919721	1.164920279415905	0.2202312283330796	9151648	4	0	4	1.162997211650161	4.102478403412039	-0.0786427911640502	4.1811211945760896	0.20242100043127334	0.25757575757575757
chr11	q	132479930	135075816	2626	131	1064216.7767583877	2236299.0	0.315	0.315	0.315	0.1548258224787514	0.0285245532294268	0.8348776722860538	-0.2603632679771215	2595887	2	0	2	5.1310138384053445	1.736072910291006	-0.23938703325833316	1.9754599435493392	-0.19811692915245535	0.33999999999999997
chr12	p	12321	11308615	10840	542	5070920.228061496	9025515.0	0.41	0.41	0.41	0.1916407846409786	0.0514145137773148	0.9856833064548772	-0.0208039022369107	11296295	2	1	3	3.349118184082417	2.8173493072814706	0.7726132159854029	2.044736091296068	0.016007876200392117	0.4310344827586207
chr12	p	11308619	14730159	2120	106	1384317.1914675226	2694960.0	0.475	0.465	0.485	0.1647797870518229	0.0311475090389379	0.9011682949337996	-0.1501315375794438	3421541	1	1	2	4.810195697046203	2.211376674675343	0.9441539204707877	1.2672227542045555	-0.19811692915245535	0.5
chr12	p	14730161	17735670	2420	121	1398328.053108544	2184350.0	0.415	0.41	0.415	0.1223828092987887	0.0433544140569654	1.1230768072813488	0.1674565971015476	3005510	2	1	3	6.4664111280650705	3.802460708207271	1.2167711939060175	2.5856895143012535	0.016007876200392117	0.4310344827586207
chr12	p	17768938	23783889	4840	242	2284024.1926510157	4310546.0	0.485	0.48	0.5	0.1198002900859444	0.0281196525397758	0.9295891172972016	-0.1053349156815609	6014952	1	1	2	3.319337147696582	2.415153971020936	1.107599675945154	1.3075542950757821	-0.19811692915245535	0.5
chr12	p	23785188	29404501	4800	240	2718727.994817795	4190080.0	0.415	0.415	0.415	0.1216597676610202	0.033491752456969	1.1383244375408783	0.1869118034465022	5619314	2	1	3	7.746296288380908	3.911786217168098	1.2621412801247602	2.6496449370433375	0.016007876200392117	0.4310344827586207
chr12	p	29404756	33199747	3692	184	1609320.2628712635	2894602.0	0.43	0.43	0.43	0.1388828425989493	0.039604577591013	0.975385368969218	-0.0359557631470297	3794992	2	1	3	0.5584968972230647	2.7435130955092935	0.8822106310689963	1.8613024644402971	0.016007876200392117	0.4310344827586207
chr12	q	37800695	48225276	8720	436	4747556.320762124	7743451.0	0.425	0.42	0.425	0.1343435549704162	0.0344158464689508	1.0756183090646736	0.1051662179396332	10424582	2	1	3	1.8751695556230048	3.4621832759937106	1.1526778922973269	2.3095053836963837	0.016007876200392117	0.4310344827586207
chr12	q	48225842	57751373	5900	295	3750012.089053668	7749257.0	0.475	0.47	0.485	0.1372313040946288	0.0362198829313865	0.8489756196466383	-0.2362049709322869	9525532	1	1	2	4.636338783210887	1.8371551928663965	0.7663987166115382	1.0707564762548583	-0.19811692915245535	0.5
chr12	q	57760400	66122980	4660	233	3606307.64304062	6151010.0	0.445	0.445	0.445	0.1145335717807847	0.0372281911933526	1.0285820813858255	0.0406569262724035	8362581	2	1	3	1.478409422215913	3.124933523536369	1.1568454179736842	1.9680881055626847	0.016007876200392117	0.4310344827586207
chr12	q	66134804	92855379	15720	786	12591270.255407471	19128276.0	0.465	0.465	0.465	0.1107018855978694	0.0303195450025277	1.15482540984718	0.2076747569342027	26720576	3	2	5	7.733023807402622	4.03009818860428	1.7252456577009905	2.3048525309032897	0.3674802467017698	0.4459459459459459
chr12	q	92857092	107105299	11120	556	6538873.699085996	11040991.0	0.485	0.48	0.49	0.1271968290197808	0.0283699904427121	1.0390046904550885	0.0552021671208749	14248208	2	2	4	5.985639771688753	3.199663630562985	1.4880868608230478	1.7115767697399373	0.20242100043127334	0.5
chr12	q	107125719	120559799	8120	406	5999429.209464781	11195977.0	0.485	0.48	0.5	0.1523453778007207	0.0324819257323844	0.9400924194772324	-0.0891255013233088	13434081	1	1	2	3.986812518415525	2.4904626476517575	1.1441243841111024	1.3463382635406551	-0.19811692915245535	0.5
chr12	q	120559822	133254733	11738	586	4778901.403524622	10640153.0	0.42	0.415	0.42	0.1610563781421533	0.0458353015108204	0.7879575344414383	-0.3438102145732177	12694912	1	0	1	3.8988776607729925	1.3996555219451132	0.24785531921694762	1.1518002027281655	-0.4496556961484198	0.40476190476190477
chr13	p	16000289	16497397	576	28	44307.50274871733	85080.0	0.335	0.33	0.34	0.4264043426084084	0.047292443953575	0.9136343238418247	-0.1303112433260552	497109	2	0	2	1.1118990764965118	2.300758101945884	0.06950396415187111	2.2312541377940125	-0.19811692915245535	0.33999999999999997
chr13	q	18900340	20217943	1240	62	545930.103033683	985224.0	0.435	0.43	0.44	0.1642914600344688	0.0529679113784567	0.9721307365757188	-0.0407777477989863	1317604	2	1	3	0.7672867398682518	2.720177381247904	0.9070271608428382	1.8131502204050658	0.016007876200392117	0.4310344827586207
chr13	q	20218045	21415354	1360	68	632749.8667642773	928858.0	0.455	0.45	0.465	0.186006745639348	0.0394196518666413	1.1951030413040906	0.2571350121555242	1197310	3	2	5	3.0541894528412614	4.31888880615033	1.7738444067983998	2.54504439935193	0.3674802467017698	0.4459459459459459
chr13	q	21416328	30103366	7160	358	3312536.164538998	6873422.0	0.34	0.34	0.34	0.1393152395894561	0.0336213769996832	0.8454934254169745	-0.2421345586497442	8687039	2	0	2	0.39541871562461084	1.812187860239707	-0.06385612751849921	1.8760439877582062	-0.19811692915245535	0.33999999999999997
chr13	q	30103381	68926669	26820	1341	15050649.804604892	28230654.0	0.335	0.335	0.34	0.1187813532004668	0.0265509841545124	0.9353129051621945	-0.0964790013246831	38823289	2	0	2	2.281829146442422	2.4561935300129343	0.1215748325543331	2.334618697458601	-0.19811692915245535	0.33999999999999997
chr13	q	68940769	94632726	19460	973	8916026.332046986	17798795.0	0.36	0.36	0.36	0.0898637029840174	0.0248921584684727	0.8788269298343615	-0.1863490160419482	25691958	2	0	2	2.8060397734872615	2.0511890869123723	0.14342807128845392	1.9077610156239184	-0.19811692915245535	0.33999999999999997
chr13	q	94633326	95548579	860	43	311060.1894371547	715101.0	0.355	0.35	0.36	0.1219570555497823	0.0323552649391206	0.7631319946223362	-0.3899954814481421	915254	2	0	2	9.076250781854817	1.2216564014421505	-0.18256197748803651	1.404218378930187	-0.19811692915245535	0.33999999999999997
chr13	q	95557380	98034328	1220	61	1234374.8513943143	1904534.0	0.46	0.455	0.465	0.1082640944608795	0.0292350748172466	1.1370536325981278	0.1853003049412382	2476949	3	2	5	8.14501562236016	3.9026745457285767	1.6252302910351457	2.277444254693431	0.3674802467017698	0.4459459459459459
chr13	q	98035499	111307263	11620	581	5548602.444657754	10204654.0	0.46	0.46	0.465	0.130487933158079	0.0363310267747413	0.9539111824525124	-0.0680731500406895	13271765	2	1	3	7.269176528653119	2.589543178184514	1.0211898619648767	1.5683533162196375	0.016007876200392117	0.4310344827586207
chr13	q	111307271	114354142	2362	118	1108139.764438562	2480514.0	0.445	0.44	0.455	0.187396767361569	0.0576130497532224	0.7837462429226917	-0.3515414728639683	3046872	1	0	1	13.208351513397853	1.3694605617556996	0.3756599499812864	0.9938006117744133	-0.4496556961484198	0.40476190476190477
chr14	p	16023334	16096656	103	5	4193.351981383518	6423.0	0.38	0.365	0.395	0.1143383314751925	0.0661513416341649	1.1453705462489705	0.1958144094601369	73323	3	1	4	0.019110600559111145	3.9623068166051185	0.9956765903099452	2.966630226295173	0.20242100043127334	0.37878787878787884
chr14	q	18223583	19954652	1320	66	342123.17412741913	705431.0	0.34	0.335	0.34	0.1743028033251734	0.0416958575433076	0.8508452272220619	-0.2330313721732004	1731070	2	0	2	0.2487792513160925	1.850560279182184	-0.05080950507805708	1.901369784260241	-0.19811692915245535	0.33999999999999997
chr14	q	19954892	46898413	21020	1051	11606587.18962204	19568513.0	0.43	0.43	0.43	0.1217894138086416	0.032435564027926	1.0405652734771398	0.0573674665322861	26943522	2	1	3	0.3565368764461615	3.2108530108310926	1.0831667946573698	2.127686216173723	0.016007876200392117	0.4310344827586207
chr14	q	46898683	92838156	37540	1877	18014595.06086178	35480754.0	0.345	0.345	0.345	0.1455384836977486	0.0274764072464247	0.8907468167969531	-0.1669126721835231	45939474	2	0	2	0.3723265504954292	2.136654676434155	0.07839586336978316	2.0582588130643718	-0.19811692915245535	0.33999999999999997
chr14	q	92838950	95477211	2520	126	1005276.4544806778	2262155.0	0.34	0.34	0.34	0.1530927422834925	0.045503070396072	0.7796250175952012	-0.3591477085226646	2638262	2	0	2	5.292022837668776	1.3399113761575931	-0.22443013210641827	1.5643415082640115	-0.19811692915245535	0.33999999999999997
chr14	q	95477496	105845780	7360	368	4560645.035723139	8887902.0	0.3	0.3	0.3	0.1783723381916336	0.0344891664040152	0.9002220147638346	-0.1516472488905613	10368285	3	0	3	6.066670330816448	2.2045918458566947	-0.1886224462429916	2.393214292099686	0.016007876200392117	0.29310344827586204
chr14	q	105846024	106882832	1240	62	332145.7797472924	841776.0	0.355	0.35	0.355	0.1975584703770783	0.0669127439025338	0.6922370093192676	-0.5306620199918325	1036809	1	0	1	18.535349545760994	0.7133393568191488	-0.3630145283292023	1.0763538851483512	-0.4496556961484198	0.40476190476190477
chr15	p	17009927	17453886	279	13	43925.983137257674	63103.0	0.28	0.275	0.29	0.1156186579045758	0.0713106380604725	1.2212205365635316	0.2883237558342418	443960	4	0	4	4.997966814390954	4.506151247160521	0.3267223492049463	4.179428897955575	0.20242100043127334	0.25757575757575757
chr15	q	20501020	22595742	700	35	171112.49387006136	394024.0	0.305	0.3	0.31	0.2286715886807132	0.0669520083983402	0.7618713819683824	-0.3923806303160106	2094723	2	0	2	16.208655789294045	1.2126178087133024	-0.45890156834244267	1.671519377055745	-0.19811692915245535	0.33999999999999997
chr15	q	22603138	32425404	7820	391	2688498.749696537	7057001.0	0.395	0.395	0.395	0.1284569876058052	0.0503639107418192	0.6683628080445441	-0.5812966399780402	9822267	1	0	1	4.198368948048911	0.5421613336793814	-0.23209627319664417	0.7742576068760255	-0.4496556961484198	0.40476190476190477
chr15	q	32427995	53239543	13840	692	6829710.239006566	15774456.0	0.4	0.4	0.4	0.13861716409084	0.038116053428118	0.7595747205807207	-0.3967362029593405	20811549	1	0	1	0.7289954485021662	1.1961507465637677	0.053460298625507274	1.1426904479382605	-0.4496556961484198	0.40476190476190477
chr15	q	53241837	101981039	36947	1847	18774507.468553193	38704306.0	0.345	0.345	0.345	0.1596456183399823	0.0354851519600148	0.851004551835643	-0.2327612462979262	48739203	2	0	2	0.4185557459021246	1.8517026366615612	-0.019912590351761628	1.8716152270133228	-0.19811692915245535	0.33999999999999997
chr16	p	10185	4232742	2680	134	1491845.8029985188	3644838.0	0.33	0.325	0.33	0.2079353449848796	0.0399089274261379	0.7180725443463812	-0.4777984930647926	4222558	2	0	2	16.658072442903777	0.8985801429635537	-0.4259685528220272	1.324548695785581	-0.19811692915245535	0.33999999999999997
chr16	p	4233041	26495655	20800	1040	8945961.138768354	17167708.0	0.42	0.42	0.42	0.1520198062747485	0.0437510859438345	0.9141917641849042	-0.1294312729079136	22262615	2	1	3	5.162400375876658	2.3047549492057633	0.6279970786664205	1.6767578705393427	0.016007876200392117	0.4310344827586207
chr16	p	26495658	32003247	2620	131	2421288.319246173	4185573.0	0.48	0.47	0.5	0.1418839933714595	0.0385773839997127	1.014878848359475	0.0213075152891914	5507590	2	2	4	9.472082777841278	3.026681342737436	1.367807044513969	1.6588742982234672	0.20242100043127334	0.5
chr16	p	32008471	34574538	1320	66	392238.6072254274	723067.0	0.35	0.35	0.35	0.2229469191224507	0.0523896912766826	0.951687602818619	-0.0714400169715383	2566068	2	0	2	3.96935058315705	2.573600112209498	0.2632600392733244	2.3103400729361736	-0.19811692915245535	0.33999999999999997
chr16	p	34574567	35296418	403	20	198240.13060269877	446873.0	0.305	0.3	0.31	0.1959435175564103	0.0572816506396245	0.778269614387872	-0.3616580631241323	721852	2	0	2	13.96525107724892	1.3301931351610423	-0.4230410937758819	1.7532342289369243	-0.19811692915245535	0.33999999999999997
chr16	q	46381934	50201507	1340	67	1298622.199519366	3098079.0	0.365	0.36	0.365	0.1569166874081977	0.0415858501904907	0.7353819229671893	-0.4434343819933248	3819574	1	0	1	10.987128583358857	1.022688387674748	-0.20046873849871685	1.2231571261734648	-0.4496556961484198	0.40476190476190477
chr16	q	50201813	72214231	13660	683	8562246.610101765	17325292.0	0.335	0.335	0.335	0.1515790575923837	0.0351291301764387	0.86702133507019	-0.205860600146999	22012419	2	0	2	0.18584875202370688	1.9665429724532626	-0.04245810422815674	2.0090010766814195	-0.19811692915245535	0.33999999999999997
chr16	q	72217233	77968120	4520	226	2472962.989399679	4456508.0	0.43	0.43	0.43	0.1330923170761413	0.0350729244875447	0.9735214867925004	-0.0387152735721044	5750888	2	1	3	0.6185792047320771	2.730149060302228	0.8764640959299581	1.85368496437227	0.016007876200392117	0.4310344827586207
chr16	q	77968424	85854087	9940	497	4056775.6529330537	6698592.0	0.375	0.375	0.375	0.1525186374152293	0.0321194011707137	1.0624783268164577	0.0874334124377974	7885664	3	1	4	2.7980360863313596	3.3679696032740027	0.731738601227751	2.6362310020462516	0.20242100043127334	0.37878787878787884
chr16	q	85854703	90228128	5482	274	2362362.7436706237	3882513.0	0.335	0.335	0.335	0.1919150362922508	0.0393698025424276	1.0674714818066513	0.0941975278263782	4373426	3	0	3	13.437407370620903	3.4037705245536896	0.4390131257254862	2.9647573988282034	0.016007876200392117	0.29310344827586204
chr17	p	117294	9157584	7800	390	3844521.307454752	7488279.0	0.3	0.3	0.3	0.1961222958297511	0.035133260444778	0.900705615281176	-0.1508724392055193	9040291	3	0	3	6.013772106472211	2.2080592615660324	-0.18758222153019039	2.395641483096223	0.016007876200392117	0.29310344827586204
chr17	p	9157678	21290443	8340	417	5514300.702115221	9504646.0	0.27	0.27	0.27	0.1466829323831188	0.0275973031787615	1.0178343747290908	0.0255028205520923	12132766	3	0	3	3.725130173441678	3.0478724668075814	-0.15457443396195286	3.202446900769534	0.016007876200392117	0.29310344827586204
chr17	p	21290941	22697807	3037	151	524249.3371612914	997208.0	0.32	0.32	0.325	0.2677480811541059	0.0609997767565787	0.9223053996454152	-0.1166835507414525	1406867	2	0	2	4.131123720518499	2.3629297154576276	-0.008862491053559032	2.3717922065111865	-0.19811692915245535	0.33999999999999997
chr17	q	27401525	30543709	1740	87	1556340.6930064785	2545121.0	0.28	0.28	0.285	0.1677767633404443	0.0261130857766352	1.0728002194331676	0.1013814374474092	3142185	3	0	3	2.6798421515857065	3.4419775733358122	0.028753720534027694	3.4132238528017846	0.016007876200392117	0.29310344827586204
chr17	q	30544157	59561695	15860	793	11182762.454289678	22793750.0	0.33	0.33	0.33	0.1805134563928697	0.0347174972035281	0.8607081873038783	-0.2164039026641079	29017539	2	0	2	0.7626920771415566	1.9212777029688077	-0.0884783580202931	2.0097560609891008	-0.19811692915245535	0.33999999999999997
chr17	q	59563163	65744391	2300	115	2627207.812896181	4707601.0	0.305	0.305	0.31	0.1714910528118618	0.0351898442988447	0.9790782336150408	-0.030503951361783	6181229	3	0	3	1.4243329580356077	2.769990935019842	0.016097235181051703	2.75389369983879	0.016007876200392117	0.29310344827586204
chr17	q	65744404	70601347	4060	203	2812759.8658238426	3694592.0	0.225	0.225	0.225	0.1536094065738442	0.0206593432657102	1.3356380605149816	0.4175291103239784	4856944	5	0	5	0.6665513920517779	5.326524893892418	0.029718101125794302	5.296806792766624	0.3674802467017698	0.22972972972972971
chr17	q	70602573	73362500	2660	133	2084064.821528416	2210683.0	0.175	0.175	0.175	0.1148784062499848	0.0258910950780704	1.6538928376188295	0.7258657595125491	2759928	8	0	8	0.46461363491980645	7.608411645727007	-0.04977796199777361	7.658189607724781	0.7727367251880283	0.17346938775510204
chr17	q	73365695	79079773	5200	260	3808615.858294479	4999430.0	0.2	0.2	0.2	0.1802172076468	0.0310961657390206	1.3365010200898482	0.4184609387242785	5714079	6	0	6	2.2966791562703857	5.332712314044212	-0.20845753719115725	5.541169851235369	0.5155788856909037	0.2073170731707317
chr17	q	79079784	79715934	860	43	338199.9652907476	612489.0	0.21	0.205	0.215	0.1081800170302398	0.0321225007866363	0.9687191395232796	-0.04584964880372	636151	4	0	4	28.297669604238827	2.6957162303819158	-0.6663995916197976	3.362115822001713	0.20242100043127334	0.25757575757575757
chr17	q	79716322	83247237	2563	128	2233315.3281447515	3087081.0	0.21	0.205	0.21	0.1752968417816512	0.0411024935743239	1.2691841416261938	0.3439014000995303	3530916	5	0	5	2.8166716008238746	4.85005029545981	-0.21398943795343967	5.064039733413249	0.3674802467017698	0.22972972972972971
chr18	p	10227	4587780	4840	242	2057579.7774041411	3390745.0	0.415	0.415	0.42	0.1690669654317882	0.0362752788758872	1.0645943770032715	0.0903038513394793	4577554	2	1	3	2.911957425875637	3.3831416831134566	1.0427537984920847	2.340387884621372	0.016007876200392117	0.4310344827586207
chr18	p	4587853	15398407	10018	500	4144918.607669029	8456121.0	0.335	0.335	0.34	0.1458656616407636	0.0318049854582579	0.8599385796777682	-0.2176944745594762	10810555	2	0	2	0.25183157726701827	1.9157596162895987	-0.05947052854298439	1.975230144832583	-0.19811692915245535	0.33999999999999997
chr18	q	21502042	39286598	11560	578	7268155.625445409	13396305.0	0.41	0.41	0.41	0.1352202701379338	0.0320154447173015	0.9518352979617	-0.0712161383401577	17784557	2	1	3	4.6252246495626155	2.574659086385389	0.6731102254180092	1.9015488609673799	0.016007876200392117	0.4310344827586207
chr18	q	39288176	77004127	30800	1540	13058724.036143243	28520707.0	0.475	0.475	0.475	0.1324304725332058	0.0322043849004132	0.8032728202550531	-0.3160380329458684	37715952	1	1	2	7.1781118022383765	1.5094661212287308	0.6107464075836468	0.898719713645084	-0.19811692915245535	0.5
chr18	q	77005659	79511138	3580	179	969343.0125468709	2076913.0	0.405	0.405	0.41	0.1624698141489937	0.0411135799551354	0.8188074669525142	-0.2884038360943783	2505480	1	0	1	5.306957425149769	1.620849538049527	0.2526940629100586	1.3681554751394684	-0.4496556961484198	0.40476190476190477
chr18	q	79511988	80262171	1117	55	438883.65184545144	650157.0	0.295	0.295	0.3	0.1965610001761997	0.0404750714015266	1.1842783126974552	0.2440081630317794	750184	4	0	4	10.079165354952744	4.241275502040755	0.3799262731020225	3.861349228938732	0.20242100043127334	0.25757575757575757
chr19	p	75041	3393974	1980	99	1096987.063860805	2749280.0	0.315	0.31	0.32	0.2041167023302534	0.0624479377080408	0.7000114577634526	-0.5145495586537149	3318934	2	0	2	24.774891862080075	0.7690821521639558	-0.5439891220683539	1.3130712742323096	-0.19811692915245535	0.33999999999999997
chr19	p	3400291	19360101	11320	566	6531443.212747098	13230058.0	0.45	0.45	0.455	0.1664564120150105	0.0471641479754447	0.8661039559497272	-0.207387897034501	15959811	2	1	3	12.682684003159071	1.9599653641595445	0.6694844138717952	1.2904809502877492	0.016007876200392117	0.4310344827586207
chr19	p	19360610	24187286	4581	229	2087815.112797767	3667290.0	0.41	0.41	0.41	0.1791285194283387	0.0751096272962638	0.9987789893889564	-0.0017626222627885	4826677	2	1	3	3.1370127930442195	2.9112453539188174	0.8111105951067152	2.100134758812102	0.016007876200392117	0.4310344827586207
chr19	q	28100165	40556752	9380	469	5288710.460386768	10221727.0	0.445	0.445	0.45	0.1670718916273769	0.0453029746174102	0.9077121086661332	-0.139693292148216	12456588	2	1	3	6.301935576434093	2.2582958191361744	0.7711916395155977	1.4871041796205766	0.016007876200392117	0.4310344827586207
chr19	q	40558734	45650858	4180	209	2349320.502674952	4286015.0	0.395	0.395	0.395	0.1580540179426634	0.0447345648423799	0.9616370717187142	-0.0564355809578276	5092125	2	1	3	10.088281164234047	2.644937804223181	0.5985004326681566	2.0464373715550246	0.016007876200392117	0.4310344827586207
chr19	q	45651184	58607519	9318	465	5042321.397732947	10633027.0	0.39	0.385	0.39	0.1944245058847565	0.0501548648052949	0.8319480777497614	-0.2654346029517669	12956336	1	0	1	8.439292782726529	1.7150677174657896	0.2013764098116582	1.5136913076541314	-0.4496556961484198	0.40476190476190477
chr20	p	61275	6249486	6380	319	3161743.7631110814	5058817.0	0.47	0.47	0.475	0.1490360515915643	0.0361306447811353	1.096478994809125	0.1328781746426296	6188212	2	2	4	7.236980534422389	3.6117543927814255	1.5700245646072697	2.041729828174156	0.20242100043127334	0.5
chr20	p	6249600	16515279	8280	414	5350973.013459712	7857404.0	0.475	0.475	0.48	0.0971822720160268	0.0271787971992863	1.194747945058342	0.2567062861809984	10265680	2	2	4	4.941684359191929	4.3163427660683125	1.944012813882448	2.3723299521858645	0.20242100043127334	0.5
chr20	p	16515351	25691705	6978	348	4709029.455093432	7627437.0	0.47	0.47	0.475	0.141572449768079	0.0319548886635405	1.083117051268115	0.1151891618372388	9176355	2	2	4	7.802937482550153	3.515949257592385	1.524996151068421	1.9909531065239643	0.20242100043127334	0.5
chr20	q	30400082	45737755	10060	503	6813225.7561501525	12491752.0	0.43	0.43	0.43	0.1689250279957655	0.0518315232663075	0.9568680223216784	-0.0636081426653907	15337674	2	1	3	1.3010460086124036	2.610743720046435	0.825119799619967	1.7856239204264681	0.016007876200392117	0.4310344827586207
chr20	q	45737764	56511225	9020	451	5257075.287711542	8845028.0	0.375	0.375	0.375	0.1528867659968265	0.0453264703675865	1.042719750537526	0.0603514600262204	10773462	3	1	4	4.21877260027944	3.2263006113540618	0.6786127292577732	2.5476878820962887	0.20242100043127334	0.37878787878787884
chr20	q	56511985	64333013	6669	333	3495527.8933903575	6980913.0	0.335	0.335	0.335	0.1877498855585301	0.0413309882888768	0.8784623676415855	-0.1869476107934378	7821029	2	0	2	0.19907104429581907	2.048575175990168	-0.014977316043293665	2.0635524920334616	-0.19811692915245535	0.33999999999999997
chr21	p	5114338	10814535	2024	101	311620.619692267	600603.0	0.345	0.345	0.345	0.2674703285837664	0.0567900975944381	0.910251293673836	-0.135663208818779	5700198	2	0	2	0.96962482203296	2.276501775641404	0.12664311259628427	2.1498586630451197	-0.19811692915245535	0.33999999999999997
chr21	q	13000242	35686241	19260	963	8595169.175750175	16263784.0	0.34	0.34	0.34	0.125727126416741	0.0293771599363433	0.9271616218619956	-0.10910724499605	22686000	2	0	2	1.6168824231883745	2.397748828750508	0.1352346017751728	2.2625142269753353	-0.19811692915245535	0.33999999999999997
chr21	q	35687403	42558659	7500	375	3591923.275118379	5702991.0	0.47	0.47	0.475	0.1484708052475273	0.0345288645757269	1.1049610778262398	0.1439955516836367	6871257	2	2	4	6.946639400278117	3.672570928014139	1.5986083361666452	2.073962591847494	0.20242100043127334	0.5
chr21	q	42559017	46699658	3747	187	1810066.48542786	3205747.0	0.435	0.435	0.44	0.1754277579405685	0.0524886128300446	0.9905762195598464	-0.0136601078085197	4140642	2	1	3	0.2888341239813673	2.8524314942440996	0.9645576999961831	1.8878737942479165	0.016007876200392117	0.4310344827586207
chr22	p	10557811	11373088	720	36	92998.94980460856	140847.0	0.345	0.34	0.345	0.4310512410218611	0.0626207167530575	1.1583853551554877	0.2121152684297269	815278	4	1	5	5.282405030728238	4.055622996464847	0.7404399337803721	3.315183062684475	0.3674802467017698	0.33783783783783783
chr22	p	11374537	12224694	1160	58	98139.67363076784	290345.0	0.34	0.335	0.345	0.2431352075430343	0.0570979325380429	0.5929975144220225	-0.753902037229974	850158	1	0	1	48.01671131514884	0.0017921784059016233	-0.6793906593419934	0.681182837747895	-0.4496556961484198	0.40476190476190477
chr22	p	12276313	12874211	1252	62	117082.26723475764	203866.0	0.37	0.37	0.375	0.19320172405573	0.048652297435842	1.00755540475641	0.0108591737106299	597899	3	1	4	8.025263328141133	2.974172252103459	0.5479437332782798	2.426228518825179	0.20242100043127334	0.37878787878787884
chr22	q	17400180	22375733	2220	111	1188397.870971675	3339692.0	0.395	0.39	0.4	0.1989489612562449	0.0600993752703042	0.6242780483024744	-0.6797393581686549	4975554	1	0	1	11.465543118720037	0.22607360632874163	-0.35695092550014695	0.5830245318288886	-0.4496556961484198	0.40476190476190477
chr22	q	22375933	24152818	1420	71	862476.7162644572	1514124.0	0.345	0.345	0.35	0.182031876302818	0.0592165172355587	0.9993291395848314	-0.000968171784478	1776886	2	0	2	8.105781015547356	2.915189930823242	0.34699052613401843	2.5681994046892234	-0.19811692915245535	0.33999999999999997
chr22	q	24184726	25153903	760	38	861363.7594938069	811786.0	0.35	0.35	0.355	0.1834926078214833	0.0319777450312763	1.8615197721786907	0.8964809398921674	969178	7	3	10	2.4665970081599373	9.097096766521213	2.5464838682824245	6.550612898238789	0.9909168952375618	0.3596491228070175
chr22	q	25161229	28988914	2700	135	1747458.9897063377	3221778.0	0.29	0.29	0.29	0.1292258924103016	0.0337737570706409	0.9515552195075468	-0.0716407152160795	3827686	3	0	3	1.6346960034221205	2.5726509238691118	-0.14643123207795752	2.7190821559470693	0.016007876200392117	0.29310344827586204
chr22	q	29004982	30572064	700	35	1252927.6447767783	1322968.0	0.415	0.41	0.42	0.2403771533110771	0.0485117280160379	1.6614958743315626	0.7324827106713621	1567083	5	3	8	0.40943418804952336	7.662925418957305	2.818864048867281	4.844061370090024	0.7727367251880283	0.4183673469387755
chr22	q	30574710	32332298	1660	83	1601949.0830426756	1433989.0	0.35	0.35	0.35	0.1820982353836537	0.0341218134993049	1.9598620496142825	0.9707521097784928	1757589	7	3	10	0.729549847060541	9.802210895734405	2.793273813507041	7.008937082227364	0.9909168952375618	0.3596491228070175
chr22	q	32333199	33663733	1180	59	870346.0205016499	1122058.0	0.48	0.47	0.5	0.1084198885882533	0.0304962310649042	1.360815528833036	0.4444715094021367	1330535	3	3	6	3.8096673619966204	5.507047341732868	2.5583827240317762	2.9486646177010916	0.5155788856909037	0.5
chr22	q	33664317	43440073	6060	303	4410955.657977542	8315357.0	0.29	0.285	0.29	0.1890990132452953	0.041170588689311	0.9306243413756088	-0.1037291722209435	9775757	3	0	3	2.992795021251037	2.4225765276631157	-0.1899528069776963	2.612529334640812	0.016007876200392117	0.29310344827586204
chr22	q	43442527	49938594	5780	289	2618189.957422966	5790915.0	0.305	0.305	0.305	0.1802777315305821	0.0358485774977836	0.793188807762522	-0.3342637742286019	6496068	2	0	2	12.289794122850196	1.4371637516572833	-0.3904150557445286	1.827578807401812	-0.19811692915245535	0.33999999999999997
chr22	q	49938676	50493180	500	25	475745.6058249566	493992.0	0.325	0.32	0.335	0.1502561547773951	0.0339611542795588	1.68957503973824	0.7566604268876918	554505	6	2	8	1.009015474508422	7.864253034923181	1.8121322363500343	6.0521207985731476	0.7727367251880283	0.336734693877551
chr22	q	50496322	50808163	192	9	134917.82844548672	261542.0	0.3	0.29	0.315	0.1631326014405661	0.0234652356466031	0.9050040382974808	-0.1440038651017397	311842	3	0	3	5.555551225770962	2.2388789545929377	-0.17833631362211866	2.4172152682150565	0.016007876200392117	0.29310344827586204
chrX	p	222653	1608319	2780	139	643887.8740949568	1052202.0	0.32	0.32	0.325	0.2056609514261395	0.0436358068512909	1.0735783344648049	0.1024274623851106	1385667	3	0	3	6.547933228421047	3.4475566581126507	0.3382181305960484	3.109338527516602	0.016007876200392117	0.29310344827586204
chrX	p	1609159	2555865	1180	59	294782.9244702619	600216.0	0.39	0.385	0.395	0.1550351108504626	0.0575752508354227	0.8616231716354303	-0.2148710460799756	946707	1	0	1	12.763052115214675	1.9278381406260356	0.2843568748441539	1.6434812657818818	-0.4496556961484198	0.40476190476190477
chrX	p	2555935	21318984	8860	443	8291975.804786938	14604092.0	0.435	0.435	0.435	0.1262422465632068	0.0413259072876763	0.9961072043445452	-0.00562707663692	18763050	2	1	3	0.20472839114864744	2.8920886551503906	0.9818085649904197	1.9102800901599708	0.016007876200392117	0.4310344827586207
chrX	p	21320489	39011604	7680	384	8267370.857228335	12891259.0	0.475	0.475	0.475	0.1106031498039069	0.0287023590028134	1.1251092644120575	0.1700651148386154	17691116	2	2	4	4.5539315191012895	3.8170334258344525	1.706840877271365	2.1101925485630875	0.20242100043127334	0.5
chrX	p	39013026	47051822	3120	156	3524417.379215289	6310046.0	0.445	0.445	0.45	0.1442048209493412	0.036974734608142	0.9798902219699428	-0.0293079630990572	8038797	2	1	3	1.7735011817997886	2.77581289152449	1.0014867367283984	1.7743261547960916	0.016007876200392117	0.4310344827586207
chrX	p	47054092	54906214	3000	150	2646303.907982841	5672392.0	0.45	0.445	0.45	0.1219163831097753	0.0400045691834764	0.8184574334326811	-0.2890207083314648	7852123	1	1	2	19.047539084381743	1.6183397977123237	0.5157529089705459	1.1025868887417778	-0.19811692915245535	0.5
chrX	p	54907387	58097579	2425	121	1419434.7499380335	2414095.0	0.475	0.47	0.485	0.1041004147702458	0.0262646786524581	1.0315343435204485	0.0447918545756577	3190193	2	2	4	9.41108341515961	3.1461012430416155	1.3881480904447672	1.7579531525968484	0.20242100043127334	0.5
chrX	q	61040895	88407042	10480	524	7936171.661539521	19261772.0	0.4	0.395	0.4	0.1174715725602489	0.0371458668563416	0.7228320994659332	-0.4682675201845146	27366148	1	0	1	0.2281642718820725	0.9327061531707411	-0.05191753873170328	0.9846236919024444	-0.4496556961484198	0.40476190476190477
chrX	q	88408229	90951572	1500	75	944761.8993251622	1611101.0	0.42	0.42	0.425	0.0809577300952419	0.0368616633132882	1.028779302922748	0.040933523798065	2543344	2	1	3	0.9723476850226579	3.1263476019561045	0.9730659928215639	2.153281609134541	0.016007876200392117	0.4310344827586207
chrX	q	90951666	143883696	16800	840	18945326.027162187	38960547.0	0.465	0.465	0.465	0.1052604356103837	0.0350284869493271	0.8530994320525025	-0.2292141918327873	52932031	1	1	2	8.704299494691284	1.866722927816443	0.7192761614346461	1.1474467663817969	-0.19811692915245535	0.5
chrX	q	143883747	145474587	900	45	627134.8116521016	1052233.0	0.445	0.44	0.45	0.091067348518085	0.0377359245282264	1.0456145209546737	0.0643510817890494	1590841	2	1	3	1.8313665359168638	3.24705611524501	1.2111899712840295	2.0358661439609804	0.016007876200392117	0.4310344827586207
chrX	q	145474705	156030103	4032	201	3665224.8977827504	7951007.0	0.465	0.46	0.465	0.1258914785828946	0.0357798963822441	0.8087254446232535	-0.3062780917489233	10555399	1	1	2	10.894462218774958	1.5485614379487276	0.5713310686461585	0.9772303693025691	-0.19811692915245535	0.5
