group,names,scores,logfoldchanges,pvals,pvals_adj,pct_nz_group,pct_nz_reference
0,LDHB,31.530678,2.7655253,3.300145991074865e-218,1.0804017945580893e-213,0.9396551724137931,0.4937791601866252
0,RPS12,30.9774,1.0008259,1.0866738519464334e-210,1.1858509521674112e-206,1.0,0.9992223950233281
0,RPS25,29.033993,1.1503608,2.450884093622435e-185,1.6047408691402254e-181,1.0,0.9805598755832037
0,RPS27,28.250982,1.0074284,1.3843611361757723e-175,5.665151859515304e-172,1.0,0.9968895800933126
0,RPS3,27.851395,0.84677637,1.0360223162043985e-170,3.768588731988844e-167,1.0,0.9992223950233281
0,RPS6,27.699345,0.8394381,7.110203633899646e-169,2.3277384656660656e-165,1.0,1.0
0,CD3D,27.224987,3.3245144,3.2875273292178533e-163,8.96892247532784e-160,0.8812260536398467,0.23561430793157076
0,RPS14,27.084671,0.7529642,1.492404678869804e-161,3.4898817412028315e-158,1.0,0.9992223950233281
0,RPL31,26.269957,1.0542849,4.229072135079241e-152,9.230090903881612e-149,0.9980842911877394,0.9743390357698289
0,TPT1,26.243206,0.8894346,8.545254641053647e-152,1.7484659152425892e-148,0.9971264367816092,0.9922239502332815
0,RPL3,26.175245,0.84099257,5.086322624196877e-151,9.795060592409256e-148,1.0,0.9992223950233281
0,RPL30,26.012545,0.99675226,3.5719690456127885e-149,6.496617923070637e-146,1.0,0.9836702954898912
0,RPL32,25.556515,0.7195928,4.647393759721272e-144,8.007704047671315e-141,1.0,0.9984447900466563
0,RPS27A,25.54766,1.2888105,5.829398619670833e-144,9.542142600539185e-141,0.9980842911877394,0.968895800933126
0,EEF1A1,25.440317,0.7090373,9.03513218138305e-143,1.4085340826386586e-139,1.0,0.9976671850699844
0,RPL9,25.247305,1.0387522,1.2124356688707618e-140,1.804214496704136e-137,0.9980842911877394,0.9821150855365475
0,RPLP2,25.234703,0.8007101,1.6672854713082924e-140,2.37319964172569e-137,1.0,0.9976671850699844
0,RPS15A,25.165443,0.8901949,9.576410484877703e-140,1.3063021935580261e-136,0.9980842911877394,0.9914463452566097
0,RPS29,24.970728,1.2676069,1.2718003003089136e-137,1.6654479292605287e-134,0.9952107279693486,0.9066874027993779
0,RPS18,24.615509,0.7292351,8.618727841927695e-134,1.0852304311116495e-130,0.9990421455938697,1.0
0,RPL13,24.40067,0.68946743,1.6824371065908799e-131,2.0399861479841565e-128,1.0,1.0
0,RPL27A,24.34302,0.77510375,6.873235222079141e-131,8.036284810729533e-128,1.0,0.994556765163297
0,RPL21,23.918789,0.8907389,1.9528998493807148e-126,2.0623882344847045e-123,1.0,0.9968895800933126
0,RPL23A,23.774694,0.8491222,6.103839599226412e-125,6.244609399983571e-122,1.0,0.994556765163297
0,RPL13A,23.69466,0.67573833,4.093069446543038e-124,4.060572955785636e-121,1.0,1.0
0,LTB,23.404243,2.5447707,3.8689462012731542e-121,3.725340021684721e-118,0.9434865900383141,0.5295489891135303
0,RPS3A,23.36839,1.0943286,8.961904803038479e-121,8.382709698339248e-118,1.0,0.97900466562986
0,RPSA,23.29786,1.0956354,4.6603445418254305e-120,4.238065544730026e-117,0.9961685823754789,0.9626749611197511
0,RPS13,23.209743,0.9448058,3.6302678269195886e-119,3.2121002193971213e-116,0.9942528735632183,0.973561430793157
0,CD3E,23.17516,2.7298362,8.108182857039478e-119,6.98541290457259e-116,0.7835249042145593,0.26127527216174184
0,RPL11,22.945087,0.57372874,1.6496691837656466e-116,1.3172407253199937e-113,1.0,0.9992223950233281
0,RPS20,22.866074,1.0324832,1.0113321810296635e-115,7.883093557749791e-113,0.9952107279693486,0.9494556765163297
0,RPS28,22.780312,0.83263123,7.187840988663795e-115,5.472454378764542e-112,0.9932950191570882,0.9797822706065319
0,RPS4X,22.68622,0.6588413,6.128385084687691e-114,4.5597970659660365e-111,1.0,0.9968895800933126
0,RPL35A,22.21824,0.74988127,2.288629899628903e-109,1.6650036812011336e-106,0.9980842911877394,0.9860031104199067
0,RPL36,21.328041,0.8963289,6.236432630451126e-101,4.2535069053272706e-98,0.9952107279693486,0.9517884914463453
0,RPL10,21.247635,0.45499316,3.4669064214855924e-100,2.316318008706027e-97,1.0,1.0
0,RPLP0,21.16698,0.9872835,1.9249894760432274e-99,1.2604061093340637e-96,0.9923371647509579,0.947900466562986
0,RPS10,21.11444,0.76946527,5.860029811829306e-99,3.7111586177849004e-96,0.9980842911877394,0.9844479004665629
0,IL32,20.893099,2.5717268,6.187271601315325e-97,3.8218659940351155e-94,0.8505747126436781,0.31959564541213065
0,RPL5,20.7138,0.7955883,2.6009932614827798e-95,1.5482057708076955e-92,0.9990421455938697,0.9805598755832037
0,IL7R,20.654758,2.7729301,8.846302143059939e-95,5.1716114207052905e-92,0.671455938697318,0.2052877138413686
0,RPL14,20.493635,0.61458766,2.4536802081679747e-93,1.409273379912336e-90,0.9971264367816092,0.9930015552099534
0,RPS23,20.419762,0.77574044,1.1160636015072248e-92,6.2996017562316425e-90,0.9980842911877394,0.9836702954898912
0,RPS16,20.315918,0.6502713,9.299512437611847e-92,5.0741239697089446e-89,1.0,0.9906687402799378
0,JUNB,20.28186,1.1673771,1.8596233100637963e-91,9.980384905716158e-89,0.9492337164750958,0.9004665629860031
0,NPM1,20.219505,1.2631624,6.594195596268696e-91,3.426678975089596e-88,0.9396551724137931,0.7853810264385692
0,TMEM66,19.387917,1.4345767,9.761270282187004e-84,4.699477448503502e-81,0.89272030651341,0.6601866251944012
0,RPL19,19.2837,0.51169413,7.361710055371099e-83,3.492864692648392e-80,1.0,0.9992223950233281
0,RPL10A,19.12264,0.6825553,1.6361354236803586e-81,7.651971642921082e-79,1.0,0.9922239502332815
1,CD74,26.925718,4.0337176,1.0981404476718843e-159,3.5950921975882145e-155,1.0,0.8336614173228346
1,CD79A,26.617758,7.9336996,4.229104985469566e-156,6.922621950715132e-152,0.9563758389261745,0.04133858267716536
1,HLA-DRA,25.681334,4.8958564,1.889491160167977e-145,2.0216012155251485e-141,1.0,0.4970472440944882
1,CD79B,25.670916,5.622032,2.4700363070745293e-145,2.0216012155251485e-141,0.9429530201342282,0.1437007874015748
1,HLA-DQA1,24.100222,5.3643894,2.486407300692249e-128,1.628000044201257e-124,0.912751677852349,0.12303149606299213
1,HLA-DPB1,24.03766,4.005701,1.1236766668109732e-127,6.131154453009607e-124,0.9865771812080537,0.45226377952755903
1,MS4A1,23.888521,6.4459777,4.031246796784106e-126,1.8853565376159724e-122,0.8691275167785235,0.051181102362204724
1,CD37,23.438059,2.514187,1.749869673616637e-121,7.160904171857683e-118,0.9865771812080537,0.7608267716535433
1,HLA-DQB1,23.070995,4.942858,9.055844950276834e-118,3.294113910912922e-114,0.8791946308724832,0.1545275590551181
1,HLA-DRB1,22.839287,3.9056807,1.8675224122222043e-115,6.113894873133052e-112,0.9932885906040269,0.3853346456692913
1,HLA-DPA1,22.26043,3.6770449,8.938674921190037e-110,2.660312177908358e-106,0.9932885906040269,0.42913385826771655
1,HLA-DRB5,19.503855,3.3587806,1.0181275365845037e-84,2.3808185209073918e-81,0.8959731543624161,0.2839566929133858
1,TCL1A,16.897572,7.1822557,4.6882079103117204e-64,9.02838532751677e-61,0.6140939597315436,0.019192913385826772
1,RPL18A,16.263117,0.70548046,1.8032836564717137e-59,3.279772241420609e-56,1.0,0.9980314960629921
1,HLA-DMA,16.210882,3.1961567,4.224572723850199e-59,7.2791611491267275e-56,0.7181208053691275,0.2047244094488189
1,LINC00926,15.813161,7.819292,2.5247491640357226e-56,3.5937060057478904e-53,0.5704697986577181,0.0073818897637795275
1,VPREB3,14.902969,8.154641,3.1525030356387745e-50,3.9694863223362385e-47,0.5369127516778524,0.004921259842519685
1,RPS23,14.512163,0.7728294,1.0146928724176324e-47,1.1454832847313258e-44,1.0,0.9886811023622047
1,HLA-DQA2,14.349746,4.291121,1.069280673353001e-46,1.166870356141018e-43,0.5604026845637584,0.0688976377952756
1,RPS5,14.31457,0.75042254,1.774577466018506e-46,1.8740682929843177e-43,1.0,0.9891732283464567
1,RPS11,14.239424,0.8555217,5.215514183853632e-46,5.335796979718756e-43,0.9966442953020134,0.9645669291338582
1,HLA-DMB,13.508708,3.238153,1.389388208262976e-41,1.3378173871209797e-38,0.5771812080536913,0.13336614173228348
1,LTB,13.233986,1.8624033,5.584525878046928e-40,4.811216005144745e-37,0.9463087248322147,0.6811023622047244
1,BANK1,13.214393,4.922846,7.2468776232755305e-40,6.0832892213024184e-37,0.4966442953020134,0.0359251968503937
1,HVCN1,12.805054,3.958378,1.5362019393336062e-37,1.1974328354738951e-34,0.5067114093959731,0.0703740157480315
1,RPL13A,11.841476,0.50042486,2.3822307424966258e-32,1.6593504265500965e-29,1.0,1.0
1,RPS8,11.506407,0.5626443,1.2247566817241777e-30,8.353350884642945e-28,1.0,0.9936023622047244
1,CXCR4,11.471461,1.5606856,1.835328734570669e-30,1.2262243288239709e-27,0.8221476510067114,0.5821850393700787
1,RPL15,11.30342,0.41422513,1.2620545843385376e-29,8.263428596415009e-27,1.0,0.999507874015748
1,LAPTM5,11.249527,1.0239303,2.3283810702700257e-29,1.494638028990198e-26,0.8791946308724832,0.8041338582677166
1,RPL8,11.084805,0.53802806,1.4867508027613986e-28,9.360239957846668e-26,1.0,0.9926181102362205
1,FCER2,10.809022,6.86669,3.1197709699721345e-27,1.8570011275445044e-24,0.3926174496644295,0.0073818897637795275
1,LY86,10.688972,2.5277185,1.1463348501227335e-26,6.583984267248781e-24,0.5100671140939598,0.15551181102362205
1,ISG20,10.544674,1.559417,5.37591730305794e-26,2.885193125696899e-23,0.6812080536912751,0.43700787401574803
1,SNX2,10.069639,2.3128989,7.525384814909287e-24,3.7328189101590944e-21,0.4899328859060403,0.18110236220472442
1,SNHG7,9.9954605,1.9925591,1.5954339055363905e-23,7.681075764625052e-21,0.5302013422818792,0.23523622047244094
1,IRF8,9.84102,3.3397648,7.494765418454673e-23,3.455825778441818e-20,0.40939597315436244,0.07529527559055119
1,RPL10A,9.624893,0.47721648,6.277210294644021e-22,2.7770717652169726e-19,0.9966442953020134,0.9955708661417323
1,RPS27,9.541771,0.5475056,1.404131857752046e-21,5.96993100767357e-19,1.0,0.9980314960629921
1,RPL18,9.279405,0.42890486,1.7042758310572486e-20,6.8882200194015066e-18,0.9932885906040269,0.9926181102362205
1,CD52,9.26244,0.76924616,1.9981385734386578e-20,7.977446416735949e-18,0.9630872483221476,0.90501968503937
1,PTPRCAP,9.23464,1.2315841,2.5915600968982485e-20,1.02219872834042e-17,0.8758389261744967,0.6269685039370079
1,TSPAN13,8.965865,6.7125664,3.0785351309394687e-19,1.1584492312263946e-16,0.32550335570469796,0.0054133858267716535
1,EAF2,8.86481,3.6129217,7.663465938176482e-19,2.8189499762249626e-16,0.35906040268456374,0.058070866141732284
1,PDLIM1,8.834705,4.541706,1.0036240731014666e-18,3.610620319252287e-16,0.33557046979865773,0.022637795275590553
1,FCRLA,8.498345,6.6014404,1.923121660790521e-17,6.697782652229796e-15,0.3087248322147651,0.0054133858267716535
1,GNB2L1,8.477599,0.42572922,2.2988772138144558e-17,7.922172865879754e-15,1.0,0.9906496062992126
1,GNG7,8.42781,5.0184803,3.521961708758029e-17,1.1886802311476327e-14,0.31543624161073824,0.0172244094488189
1,HLA-DOB,8.368246,5.5668793,5.848238790933904e-17,1.9536698116081036e-14,0.3087248322147651,0.010826771653543307
1,RPSA,8.3415985,0.62180287,7.32928224199489e-17,2.4236973943275627e-14,0.9932885906040269,0.9753937007874016
2,FTL,35.697456,3.75459,4.329188070895894e-279,1.4172895906498977e-274,1.0,0.9909348441926346
2,FTH1,35.342663,3.194819,1.2996313845057058e-273,2.1273666132973898e-269,1.0,0.9909348441926346
2,TYROBP,35.03662,6.203675,6.233540753140208e-269,6.802455239210139e-265,0.9946902654867257,0.20793201133144476
2,CST3,34.909843,6.6973557,5.271088340301825e-267,4.314122252120029e-263,0.9982300884955753,0.2028328611898017
2,AIF1,34.73144,5.9238286,2.64234734986473e-264,1.7301033507974305e-260,0.984070796460177,0.18356940509915015
2,LST1,34.487873,6.038286,1.2192115441548226e-260,6.652424588756764e-257,0.9787610619469026,0.15637393767705382
2,LYZ,34.41304,5.846812,1.609226597699977e-259,7.526122907928836e-256,0.9946902654867257,0.4889518413597734
2,S100A6,33.725227,3.1494756,2.4676910345716174e-249,1.0098408636225701e-245,0.9964601769911504,0.7291784702549575
2,S100A9,33.703384,7.1422424,5.156842390670533e-249,1.8758300687307993e-245,0.9646017699115044,0.1631728045325779
2,LGALS1,33.60851,4.949646,1.2600436095530611e-247,4.1251307689548114e-244,0.9911504424778761,0.311614730878187
2,CTSS,33.205505,4.1589737,8.965546084471364e-242,2.668309524667486e-238,0.9752212389380531,0.3909348441926346
2,OAZ1,33.077328,2.2647612,6.297303875458445e-240,1.7180094522896549e-236,1.0,0.8929178470254957
2,TYMP,33.06766,5.199398,8.671286839223884e-240,2.1836968349423962e-236,0.95929203539823,0.15864022662889518
2,COTL1,33.002567,3.7363558,7.462100885049341e-239,1.7449589912481808e-235,0.9911504424778761,0.5223796033994335
2,SAT1,32.938583,3.9681284,6.163886762533825e-238,1.3452888322122158e-234,0.9876106194690265,0.4634560906515581
2,PSAP,32.670944,3.9504201,4.0403889930981545e-234,8.267140928502962e-231,0.9752212389380531,0.37903682719546744
2,FCER1G,32.540466,5.3907485,2.8562418745498004e-232,5.500449793471257e-229,0.968141592920354,0.16940509915014165
2,S100A4,32.413906,2.9897835,1.7482667807742105e-230,3.1797087704992277e-227,0.9982300884955753,0.7665722379603399
2,FCN1,31.926191,6.270952,1.1565325835782536e-223,1.893128186059243e-220,0.9097345132743363,0.10254957507082153
2,S100A11,31.835375,3.8139958,2.098075049003208e-222,3.270799093060334e-219,0.9769911504424779,0.39716713881019833
2,NPC2,30.42709,3.976318,2.4076534138888635e-203,3.4270329332127656e-200,0.9256637168141593,0.26572237960339945
2,CFD,30.14228,6.5841246,1.3540548850400772e-199,1.8470437011017522e-196,0.856637168141593,0.040226628895184136
2,S100A8,29.048338,6.888834,1.6150403428065603e-185,1.7624396914267056e-182,0.8389380530973451,0.08781869688385269
2,CYBA,28.312815,2.1197636,2.4033675177600426e-176,2.3141601704831845e-173,0.9982300884955753,0.8147308781869689
2,SERPINA1,27.808756,5.2954683,3.399320256957381e-170,3.179627044922021e-167,0.8123893805309734,0.07705382436260623
2,GABARAP,27.613218,3.0881057,7.721397501847756e-168,6.831975984202482e-165,0.9185840707964602,0.37110481586402266
2,CD68,27.349243,5.844668,1.1025007343032061e-164,9.498333957794306e-162,0.7876106194690266,0.04645892351274788
2,GSTP1,27.316372,3.5152109,2.7107881049759737e-164,2.2755328456590623e-161,0.904424778761062,0.32294617563739375
2,PYCARD,26.646017,3.5665536,1.990336899352361e-156,1.5153406839766881e-153,0.8707964601769912,0.2237960339943343
2,GPX1,26.624249,3.7051845,3.557205684031254e-156,2.6467227200867085e-153,0.8778761061946903,0.2770538243626062
2,LGALS2,26.118427,6.3504124,2.2517959529115434e-150,1.63820657569818e-147,0.7504424778761062,0.040226628895184136
2,IFITM3,26.101831,5.3827333,3.475425822027001e-150,2.473445446989564e-147,0.768141592920354,0.07025495750708215
2,TKT,25.852694,3.6185026,2.2692251204977587e-147,1.516120244792972e-144,0.8336283185840708,0.20509915014164307
2,NEAT1,25.490356,2.4563677,2.5216063741276567e-143,1.6186735191410045e-140,0.9539823008849557,0.5552407932011332
2,SPI1,25.265217,5.2394047,7.706964781231593e-141,4.852127173229998e-138,0.7415929203539823,0.055524079320113315
2,AP1S2,24.984394,3.9226322,9.035309184076267e-138,5.4777398531164594e-135,0.7946902654867256,0.1501416430594901
2,CFP,24.819752,5.1028104,5.487691034998759e-136,3.2081433768533815e-133,0.7327433628318584,0.056090651558073655
2,ARPC1B,24.545969,1.9834625,4.775653190526929e-133,2.605755569191177e-130,0.9769911504424779,0.693484419263456
2,LGALS3,24.382584,4.4000306,2.617248745494597e-131,1.404647367704953e-128,0.7504424778761062,0.09745042492917846
2,ARPC3,24.346336,1.738915,6.339306797289002e-131,3.3473584827362473e-128,0.9787610619469026,0.7830028328611898
2,GRN,24.199331,4.443739,2.2610600437839e-129,1.1749616462444019e-126,0.7398230088495575,0.0906515580736544
2,TSPO,24.150223,2.8259048,7.426527010053215e-129,3.7989006446112835e-126,0.879646017699115,0.35637393767705383
2,RAC1,23.956732,2.8890874,7.861834886880935e-127,3.959703854257047e-124,0.8707964601769912,0.3093484419263456
2,SH3BGRL3,23.524845,1.685228,2.2717472632450277e-122,1.0937126750605253e-119,0.9964601769911504,0.8311614730878187
2,ANXA2,22.981377,2.7831554,7.158111156792698e-117,3.166787068257829e-114,0.8477876106194691,0.32577903682719545
2,SRGN,22.974085,2.4185739,8.466627521102636e-117,3.695739357144775e-114,0.9274336283185841,0.5093484419263457
2,IFI30,22.929358,6.3304334,2.3679685835369453e-116,1.0200336248399015e-113,0.6548672566371682,0.019263456090651557
2,ACTB,22.713127,1.0637262,3.323284096819147e-114,1.3948419841239131e-111,1.0,0.9960339943342776
2,CEBPB,22.650906,3.347553,1.366716569654406e-113,5.663742665486828e-111,0.7646017699115044,0.20113314447592068
2,GAPDH,22.2192,1.6346307,2.240288972046281e-109,9.054639551463105e-107,0.9805309734513274,0.8260623229461757
3,NKG7,30.010666,7.2117085,7.123365253496411e-198,2.3320473166896553e-193,0.9697732997481109,0.1634764614588722
3,CST7,26.309397,6.368204,1.4972183560958968e-152,2.4507967270933735e-148,0.8564231738035264,0.06311433005690636
3,GZMA,26.038784,6.205618,1.8025578538546423e-149,1.9670713006497763e-145,0.853904282115869,0.06518365235385411
3,CTSW,25.72296,4.6812162,6.471594512765989e-146,5.2966765289733234e-142,0.8790931989924433,0.1810657009829281
3,B2M,25.661367,0.9683821,3.157138138784043e-145,2.0671677677502398e-141,1.0,1.0
3,CCL5,25.552925,5.6487756,5.094620548064971e-144,2.779794791709184e-140,0.871536523929471,0.19451629591308847
3,HLA-C,24.616264,1.2767836,8.459782162587369e-134,3.956519263411219e-130,1.0,0.9901707190894982
3,HLA-A,21.769588,1.2306322,4.506624268314613e-105,1.8442233162010475e-101,1.0,0.9725814795654423
3,PRF1,20.522755,5.800785,1.3485174975838017e-93,4.905307315099833e-90,0.6775818639798489,0.05483704086911537
3,GZMM,18.633993,3.4436746,1.7032910117169812e-77,5.576234114159053e-74,0.6851385390428212,0.16709777547853077
3,HLA-B,18.235159,1.0106016,2.714646154375224e-74,8.079280527448735e-71,0.9974811083123426,0.9622348680807036
3,PTPRCAP,17.757614,1.9485285,1.5049766404576105e-70,4.105827104608438e-67,0.9168765743073047,0.6057941024314537
3,HCST,16.848104,2.0113204,1.0833190696533789e-63,2.7281307463317166e-60,0.8211586901763224,0.4950853595447491
3,GZMB,16.51725,6.1980047,2.7568168834085543e-61,6.446619366359232e-58,0.5465994962216625,0.03931712364200724
3,FGFBP2,16.195488,6.221589,5.426512553632952e-59,1.1103322998802224e-55,0.5314861460957179,0.031039834454216243
3,GZMH,16.113829,6.631516,2.0398981710386474e-58,3.92836390138019e-55,0.5239294710327456,0.020693222969477496
3,GNLY,15.0075445,5.165269,6.552940339774063e-51,9.32739829754449e-48,0.5340050377833753,0.11174340403517848
3,MYL12A,14.971711,1.0861139,1.1239235706780987e-50,1.5331254107024833e-47,0.9748110831234257,0.8779099844800827
3,CD99,14.767277,1.7858814,2.3814182242944616e-49,3.1185147930780837e-46,0.7732997481108312,0.4666321779617175
3,IL32,14.714244,2.000407,5.222685265629187e-49,6.576164239468013e-46,0.8035264483627204,0.5069839627521987
3,CD247,14.533194,2.778155,7.465707649178311e-48,9.052308778474057e-45,0.5994962216624685,0.20434557682359028
3,CCL4,14.1425085,4.8760567,2.0774451638934114e-45,2.4289785634122323e-42,0.4811083123425693,0.04500775995861355
3,RARRES3,14.128667,1.7897983,2.528867532159594e-45,2.854829836822096e-42,0.743073047858942,0.43973098810139677
3,HOPX,14.015597,3.9268124,1.2514069953816403e-44,1.3656187404934714e-41,0.5012594458438288,0.07242628039317124
3,HLA-E,13.923946,0.9724856,4.531761401512565e-44,4.785832411700592e-41,0.964735516372796,0.8949818934299018
3,LYAR,13.001372,3.0680006,1.2016667478864014e-38,1.0632477295217569e-35,0.5012594458438288,0.11950336264873254
3,PFN1,12.942115,0.86158687,2.603624130581122e-38,2.2430907049201255e-35,0.9848866498740554,0.9493016037247801
3,MALAT1,12.898009,0.6438422,4.618757964383232e-38,3.7802224559494557e-35,1.0,1.0
3,UBB,12.780476,1.0712513,2.1077545926446552e-37,1.6830163379024565e-34,0.8841309823677582,0.7811691670977755
3,APOBEC3G,11.989114,2.5272179,4.052171997368266e-33,2.8839131923878756e-30,0.5012594458438288,0.1712364200724263
3,SRGN,11.953362,1.4484344,6.235053804805251e-33,4.343046626844985e-30,0.8211586901763224,0.5675116399379203
3,ID2,11.879321,1.8201625,1.5159433539680166e-32,1.0339365317126028e-29,0.6423173803526449,0.3497154681841697
3,APMAP,11.3296995,3.4656038,9.352470321405656e-30,5.467520953253185e-27,0.41309823677581864,0.07035695809622348
3,CD7,11.1879635,1.7847533,4.6703501717438025e-29,2.5914902359754e-26,0.6045340050377834,0.3264355923435075
3,GZMK,11.069243,4.0877004,1.7688811858594124e-28,9.192005121058006e-26,0.3929471032745592,0.05069839627521987
3,CALM1,11.046023,1.0817975,2.291420365189975e-28,1.1721331236810844e-25,0.8161209068010076,0.6730470770822555
3,ITGB2,11.026816,1.4351207,2.8373119983316925e-28,1.4290449261751225e-25,0.6775818639798489,0.4521469218830833
3,KLRG1,10.981892,3.544017,4.670386395283188e-28,2.2820762658027016e-25,0.3954659949622166,0.05845835488877393
3,FCGR3A,10.712999,2.4659898,8.844909360145262e-27,3.91303571124913e-24,0.4760705289672544,0.14226590791515778
3,RAP1B,10.587685,1.5623102,3.398933998661916e-26,1.4836573499759176e-23,0.5743073047858942,0.33109156751163993
3,SPON2,10.553122,4.9580073,4.913705474525382e-26,2.11664328717121e-23,0.35516372795969775,0.027418520434557683
3,CD53,10.468309,1.1520265,1.2078109300135857e-25,5.135235613868152e-23,0.7204030226700252,0.5364718054837041
3,CTSC,10.408765,1.8950555,2.2613741862024162e-25,9.371249127581608e-23,0.5113350125944585,0.2296947749612002
3,TPST2,9.898007,2.7745783,4.246513819732605e-23,1.6165391794233256e-20,0.3904282115869018,0.09777547853078117
3,KLRD1,9.861028,5.738461,6.141765634628755e-23,2.311139348810071e-20,0.3224181360201511,0.010863942058975685
3,UBC,9.857833,0.7139981,6.340284713728523e-23,2.3587300108868677e-20,0.9345088161209067,0.8649767201241594
3,SAMD3,9.698078,3.0828705,3.072306605488023e-22,1.0700124856432649e-19,0.36523929471032746,0.06983962752198655
3,C12orf75,9.693492,2.8036098,3.2135085718800586e-22,1.107408880275888e-19,0.38287153652392947,0.09053285049146405
3,CLIC1,9.604134,1.0043268,7.680105171306766e-22,2.6190758656066763e-19,0.7909319899244333,0.6357992757371961
3,ANXA1,9.556506,1.1252235,1.2179920311580531e-21,3.9479824867378557e-19,0.7732997481108312,0.5799275737196068
4,HLA-DPA1,8.322707,4.492497,8.597664593359413e-17,2.8147034345740046e-12,1.0,0.4956597222222222
4,HLA-DRB1,8.182434,4.525162,2.7816622122757947e-16,3.0876809969638693e-12,1.0,0.45703125
4,HLA-DPB1,8.180383,4.630717,2.8294468174267234e-16,3.0876809969638693e-12,1.0,0.5151909722222222
4,HLA-DRA,8.0317545,4.833214,9.608834191746457e-16,7.864350344234887e-12,1.0,0.5564236111111112
4,CD74,8.00156,3.893644,1.2285256314328977e-15,8.043894424370041e-12,1.0,0.8532986111111112
4,HLA-DRB5,7.8977847,4.215223,2.8390413751143645e-15,1.5490756089749012e-11,1.0,0.3550347222222222
4,CST3,7.7910776,5.1250076,6.644007923937714e-15,3.107307591626755e-11,1.0,0.3888888888888889
4,HLA-DQA1,7.633069,4.8859916,2.2922982168539645e-14,9.380657377920636e-11,0.9615384615384616,0.21571180555555555
4,HLA-DQB1,7.51361,4.590798,5.751873509480217e-14,2.0922759439262594e-10,0.9615384615384616,0.23914930555555555
4,HLA-DMA,7.0499916,3.5884686,1.7892863994473625e-12,5.8577658145107746e-09,1.0,0.2621527777777778
4,FCER1A,7.019064,8.163062,2.233592720125776e-12,6.647578042861605e-09,0.8076923076923077,0.013454861111111112
4,HLA-DQA2,6.938008,4.428503,3.976676804203655e-12,1.0849037101334939e-08,0.8846153846153846,0.1232638888888889
4,GRN,6.654384,3.2877333,2.8448881055636168e-11,7.164303599995515e-08,1.0,0.23958333333333334
4,ACTB,6.401248,1.2418648,1.5411190066112564e-10,3.363543602562621e-07,1.0,0.9969618055555556
4,CPVL,6.3654838,3.85146,1.9467528590798014e-10,3.9832996937846585e-07,0.8461538461538461,0.11371527777777778
4,LYZ,6.1227546,4.2333746,9.197132729680255e-10,1.7711513606133658e-06,0.9615384615384616,0.6076388888888888
4,H2AFY,6.007546,2.7385511,1.8835221558377064e-09,3.2867250279451774e-06,1.0,0.2977430555555556
4,FCGRT,6.005494,2.8791533,1.907501238040148e-09,3.2867250279451774e-06,0.9615384615384616,0.22786458333333334
4,CLEC10A,5.9462776,6.534816,2.7430887605878472e-09,4.490161992206247e-06,0.6923076923076923,0.016927083333333332
4,LSP1,5.933819,2.083993,2.9596877416737557e-09,4.614012251757877e-06,1.0,0.5607638888888888
4,CD1C,5.91022,6.0512676,3.4165120268929164e-09,5.0840804880191045e-06,0.6923076923076923,0.019965277777777776
4,TUBA1B,5.8323884,2.486704,5.463956942449899e-09,7.659036013149042e-06,0.9615384615384616,0.4388020833333333
4,GSTP1,5.8278446,2.688613,5.614786007562374e-09,7.659036013149042e-06,1.0,0.4578993055555556
4,VIM,5.794865,1.8464088,6.837616322217636e-09,8.95399532627044e-06,1.0,0.8194444444444444
4,GPX1,5.7677484,2.7798486,8.033756807891136e-09,1.011573578372077e-05,1.0,0.4162326388888889
4,ANXA2,5.7608595,2.51847,8.368670011782853e-09,1.0147167364657299e-05,0.9615384615384616,0.4466145833333333
4,HLA-DMB,5.7129292,2.996038,1.110478545997675e-08,1.2983873799597102e-05,0.8846153846153846,0.18229166666666666
4,AP1S2,5.704721,2.8177388,1.1653379362690932e-08,1.3155459778475025e-05,0.9230769230769231,0.2994791666666667
4,RNF130,5.5820374,2.8356638,2.3771741650133398e-08,2.594130927140224e-05,0.8846153846153846,0.18098958333333334
4,LAP3,5.5291233,2.9260678,3.2183473681054664e-08,3.398782456033444e-05,0.8461538461538461,0.15104166666666666
4,RNH1,5.513,2.5096493,3.527678707487146e-08,3.609035797678568e-05,0.9230769230769231,0.3129340277777778
4,CTSH,5.4756236,2.8494563,4.359739903260556e-08,4.3251262106952756e-05,0.8461538461538461,0.17838541666666666
4,ARPC1B,5.4687343,1.6364596,4.532604598096758e-08,4.364364980367402e-05,1.0,0.7595486111111112
4,RAC1,5.3234777,2.2362993,1.0180178500525932e-07,9.257741215283833e-05,1.0,0.4392361111111111
4,RNASE6,5.2984138,3.403211,1.1681315874997706e-07,0.00010335754570693916,0.7307692307692307,0.09461805555555555
4,GABARAP,5.1930256,2.1356542,2.0690358763712351e-07,0.00017368229877087562,1.0,0.4982638888888889
4,EIF4A1,5.112116,1.6618595,3.1857008314830537e-07,0.0002607336845527305,1.0,0.6966145833333334
4,LGALS1,5.1050806,2.8416514,3.306539355454117e-07,0.0002640231351679436,0.9615384615384616,0.4709201388888889
4,CAPG,5.037509,2.585796,4.7162928109992605e-07,0.0003676237953487947,0.8461538461538461,0.2300347222222222
4,AMICA1,5.0070214,2.4464028,5.527880407973863e-07,0.0004150730439750338,0.8461538461538461,0.2651909722222222
4,AP2S1,5.0052624,2.183046,5.578597939673007e-07,0.0004150730439750338,0.9230769230769231,0.35546875
4,ALDH2,5.000865,3.3012536,5.707362192731197e-07,0.00041521694103474204,0.6923076923076923,0.10980902777777778
4,LGALS2,4.974921,2.955545,6.527416092427935e-07,0.0004645533652910994,0.8076923076923077,0.20572916666666666
4,CD33,4.939157,3.5233254,7.846108771155156e-07,0.0005465232105320799,0.6538461538461539,0.06987847222222222
4,COTL1,4.890787,2.082171,1.004336502588354e-06,0.0006849993421195321,0.9615384615384616,0.6323784722222222
4,KLF4,4.8789144,3.082516,1.066714075047829e-06,0.0007126956201819557,0.6923076923076923,0.12109375
4,SPINT2,4.8224826,2.8282073,1.4178233736179004e-06,0.0009283340321100565,0.7307692307692307,0.15364583333333334
4,ACTG1,4.802109,1.279545,1.5700343064603371e-06,0.0010078388848019319,1.0,0.8797743055555556
4,SRGN,4.779096,1.9907733,1.7608482679476429e-06,0.0011085894345398064,0.9615384615384616,0.6067708333333334
4,PYCARD,4.7423058,2.10451,2.1129928959974055e-06,0.0013051917250785485,0.9615384615384616,0.3741319444444444
