mad_multiplier,compartment,input_cells,core_retained_cells,min_genes,min_umis,max_pct_mt
2,B cells,55,43,387,749,7.851063829787234
2,Endothelial,44,35,387,749,7.851063829787234
2,Epithelial,196,124,387,749,7.851063829787234
2,Fibroblast,8,4,387,749,7.851063829787234
2,Myeloid,37,18,387,749,7.851063829787234
2,Perivascular,25,18,387,749,7.851063829787234
2,T / NK,266,239,387,749,7.851063829787234
3,B cells,55,48,351,666,9.77659574468085
3,Endothelial,44,40,351,666,9.77659574468085
3,Epithelial,196,131,351,666,9.77659574468085
3,Fibroblast,8,4,351,666,9.77659574468085
3,Myeloid,37,24,351,666,9.77659574468085
3,Perivascular,25,19,351,666,9.77659574468085
3,T / NK,266,258,351,666,9.77659574468085
4,B cells,55,51,264,447,11.702127659574469
4,Endothelial,44,43,264,447,11.702127659574469
4,Epithelial,196,145,264,447,11.702127659574469
4,Fibroblast,8,6,264,447,11.702127659574469
4,Myeloid,37,31,264,447,11.702127659574469
4,Perivascular,25,23,264,447,11.702127659574469
4,T / NK,266,264,264,447,11.702127659574469
