category,gene,ensembl,gene_type,patient_TPM_pcnorm,TNBC_median_TPM_pcnorm,pct_TNBC_raw,pct_TNBC_QN,z_TNBC_QN,pct_BRCA_QN,pct_Basal_QN,pct_immuneHighTNBC_QN,beyond_platform_noise,capture_resid_log2,OncoKB_gene,FoundationOne_gene,capture_concern,protein_CP0216,note
luminal_AR,AR,ENSG00000169083,protein_coding,49.739519132213665,1.0501304864883423,96.66666666666667,92.77777777777779,2.0272398261406557,65.65934065934066,99.28057553956835,90.0,False,3.844291020152218,True,True,panel_gene_inflated,ND,
luminal_AR,FOXA1,ENSG00000129514,protein_coding,59.27584091122858,2.342743754386902,83.33333333333334,80.55555555555556,1.1457564894034782,17.673992673992675,92.80575539568345,80.0,False,3.1279693243835562,True,False,panel_gene_inflated,,
luminal_AR,ESR1,ENSG00000091831,protein_coding,17.45295919976736,0.8967829048633575,96.11111111111111,91.66666666666666,1.4549066111013504,23.168498168498168,92.80575539568345,90.0,False,2.482832738104619,True,True,panel_gene_inflated,,
luminal_AR,PGR,ENSG00000082175,protein_coding,8.466873412529745,0.13712669909000397,96.66666666666667,96.66666666666667,2.1094901767554877,51.19047619047619,100.0,98.33333333333333,False,,True,False,,,
luminal_AR,ERBB2,ENSG00000141736,protein_coding,247.70049234549614,65.4017562866211,98.88888888888889,97.77777777777777,1.9701234138381694,76.55677655677655,96.40287769784173,100.0,False,1.902019810212149,True,True,panel_gene_inflated,ND,
luminal_AR,GATA3,ENSG00000107485,protein_coding,130.03033878392637,22.727587699890137,95.0,90.0,1.304985450978885,23.717948717948715,96.40287769784173,91.66666666666666,False,1.724569512151421,True,True,panel_gene_inflated,,
luminal_AR,TFF1,ENSG00000160182,protein_coding,0.29896535748606484,0.24449040740728378,53.333333333333336,40.0,-0.5062554878653318,8.424908424908425,47.482014388489205,35.0,False,-0.24507969044415023,False,False,,,
luminal_AR,KRT18,ENSG00000111057,protein_coding,96.17284193997904,282.4620819091797,3.888888888888889,2.7777777777777777,-2.02223639950909,0.7326007326007326,3.597122302158273,3.3333333333333335,False,-1.1685135484437867,False,False,,,
basal,KRT5,ENSG00000186081,protein_coding,54.442557598183775,133.80079650878906,35.55555555555556,27.22222222222222,-0.6032565201263327,53.75457875457875,25.179856115107913,28.333333333333332,False,-1.1229683747881891,False,False,,,
basal,KRT14,ENSG00000186847,protein_coding,49.702450896829205,59.16716384887695,43.888888888888886,33.88888888888889,-0.39138703369830935,49.633699633699635,36.69064748201439,35.0,False,-0.28100006663884614,False,False,,,
basal,KRT17,ENSG00000128422,protein_coding,48.87376870815023,197.52896118164062,26.666666666666668,21.666666666666668,-0.884550773888486,43.498168498168496,20.863309352517987,23.333333333333332,False,-1.6170718079079314,False,False,,,
basal,EGFR,ENSG00000146648,protein_coding,179.5508263309186,11.635122299194336,97.77777777777777,97.22222222222221,2.5364345973276627,99.35897435897436,96.40287769784173,96.66666666666667,False,3.019101666012907,True,True,panel_gene_inflated,171,
basal,FOXC1,ENSG00000054598,protein_coding,143.49164519648838,29.5172176361084,97.77777777777777,97.77777777777777,1.4486926263674198,99.45054945054946,96.40287769784173,100.0,False,1.7373599522534846,False,False,,,
basal,SOX10,ENSG00000100146,protein_coding,70.21204097113969,61.85409355163574,54.44444444444444,45.0,0.35144202282241155,87.91208791208791,43.16546762589928,56.666666666666664,False,0.14604483187588713,True,False,,,
basal,VIM,ENSG00000026025,protein_coding,869.7029096764603,1001.0736999511719,38.88888888888889,52.5,0.13937974217534374,74.58791208791209,49.280575539568346,57.49999999999999,False,0.6180928870853357,False,False,,"59,363",
basal,CDH1,ENSG00000039068,protein_coding,725.023717450994,105.51588821411133,100.0,100.0,2.8060678927801455,99.63369963369964,100.0,100.0,False,2.720081183682024,True,True,panel_gene_inflated,,
proliferation,MKI67,ENSG00000148773,protein_coding,67.34876791805138,26.121352195739746,92.77777777777779,85.0,0.9172944141480801,95.7875457875458,81.29496402877699,83.33333333333334,False,0.7878964767503867,True,False,,,
proliferation,TOP2A,ENSG00000131747,protein_coding,44.387750751160006,56.09742546081543,36.666666666666664,11.11111111111111,-1.019312952409745,39.42307692307692,2.877697841726619,18.333333333333332,False,-0.4207104358138074,True,False,,ND,
proliferation,BIRC5,ENSG00000089685,protein_coding,47.410401596391864,42.53607177734375,58.88888888888889,24.444444444444443,-0.40449023306571785,67.67399267399267,23.021582733812952,30.0,False,-0.24480735641614526,True,False,,,
proliferation,CCNB1,ENSG00000134057,protein_coding,49.95193173834881,74.97124862670898,25.0,6.666666666666667,-1.5554837986228918,26.73992673992674,2.158273381294964,10.0,False,-0.5391164143680194,False,False,,,
proliferation,E2F1,ENSG00000101412,protein_coding,8.839378100832754,19.46282196044922,17.77777777777778,3.888888888888889,-2.0449402334509976,17.582417582417584,1.4388489208633095,6.666666666666667,False,-1.7850700204457808,False,False,,,
proliferation,MYC,ENSG00000136997,protein_coding,407.61403454896487,86.09754943847656,97.77777777777777,97.77777777777777,1.8556928165776645,99.54212454212454,97.84172661870504,96.66666666666667,False,2.2672324148752563,True,True,panel_gene_inflated,,
proliferation,CCNE1,ENSG00000105173,protein_coding,66.34787512305638,16.790156364440918,93.88888888888889,90.0,1.167792195209058,97.52747252747253,87.76978417266187,85.0,False,1.141412022997534,True,True,panel_gene_inflated,,
immune,PTPRC,ENSG00000081237,protein_coding,146.39102487811746,15.425240993499756,99.44444444444444,98.33333333333333,2.013995058311939,98.80952380952381,97.12230215827337,95.0,False,2.379546467254105,True,False,panel_gene_inflated,,
immune,CD3E,ENSG00000198851,protein_coding,35.93188456417569,17.843600273132324,73.88888888888889,52.77777777777778,0.18112678730425377,70.42124542124543,56.83453237410072,6.666666666666667,False,0.17368361070389948,False,False,,,
immune,CD8A,ENSG00000153563,protein_coding,6.261316661322826,6.312090635299683,49.44444444444444,22.22222222222222,-0.8539566559730248,27.83882783882784,23.741007194244602,0.0,False,-1.0670215602600508,False,False,,,
immune,CD4,ENSG00000010610,protein_coding,39.364930010685626,29.91199779510498,60.55555555555555,38.333333333333336,-0.300745408205534,46.794871794871796,43.16546762589928,0.0,False,-0.12101128572897402,False,False,,,
immune,FOXP3,ENSG00000049768,protein_coding,2.564999206445821,3.833269238471985,28.888888888888886,7.222222222222221,-1.5250213043444458,14.652014652014653,6.474820143884892,0.0,False,-1.5700279503179255,False,False,,,
immune,GZMA,ENSG00000145649,protein_coding,17.198258671691985,9.714370250701904,62.77777777777778,43.888888888888886,-0.18237390084518468,59.24908424908425,45.32374100719424,3.3333333333333335,False,-0.17002836013862677,False,False,,,
immune,PRF1,ENSG00000180644,protein_coding,5.086600819433016,3.8086687326431274,58.333333333333336,35.0,-0.5517364379024364,58.88278388278388,35.25179856115108,0.0,False,-0.7909308132951054,True,False,,,
immune,IFNG,ENSG00000111537,protein_coding,0.3448410003912073,0.3648243695497513,48.333333333333336,31.666666666666664,-0.6826353061028723,51.556776556776555,28.05755395683453,8.333333333333332,False,,False,False,,,
immune,CXCL9,ENSG00000138755,protein_coding,21.86977888695397,42.3829402923584,35.55555555555556,25.555555555555554,-0.7344014911135139,41.66666666666667,25.899280575539567,3.3333333333333335,False,-1.3215992115905806,False,False,,,
immune,CXCL13,ENSG00000156234,protein_coding,32.434702707237136,25.463314056396484,53.888888888888886,43.333333333333336,-0.11216203356194483,65.65934065934066,46.76258992805755,6.666666666666667,False,-0.20820695359481167,False,False,,,
immune,MS4A1,ENSG00000156738,protein_coding,237.75125561156386,1.862036406993866,99.44444444444444,99.44444444444444,2.9943242106657246,99.54212454212454,100.0,98.33333333333333,True,5.2790425593023915,True,False,panel_gene_inflated,,
immune,CD19,ENSG00000177455,protein_coding,6.475336826783752,0.704884797334671,89.44444444444444,78.33333333333333,0.5885382764094074,88.64468864468864,80.57553956834532,50.0,False,1.8255692957370206,True,False,panel_gene_inflated,,
immune,MZB1,ENSG00000170476,protein_coding,39.70296817146036,19.605687141418457,66.11111111111111,53.333333333333336,0.07447590611438513,57.417582417582416,56.11510791366906,26.666666666666668,False,0.25338915108889104,False,False,,,
immune,JCHAIN,ENSG00000132465,protein_coding,906.2317470779211,92.94106674194336,94.44444444444444,97.22222222222221,1.6712977046625044,96.97802197802197,97.12230215827337,98.33333333333333,False,3.2227434428633552,False,False,platform_outlier_cause_unknown,,
immune,TNFRSF17,ENSG00000048462,protein_coding,9.28078330250555,1.7509682774543762,83.33333333333334,70.0,0.45849250867064395,83.88278388278388,70.50359712230215,46.666666666666664,False,0.798618465873477,True,False,,,
immune,CD68,ENSG00000129226,protein_coding,284.8254186024586,104.95165252685547,92.22222222222223,84.44444444444444,1.0535503186976547,89.92673992673993,82.01438848920863,63.33333333333333,False,1.3828202446138116,False,False,,,
immune,CD163,ENSG00000177575,protein_coding,124.31678331910301,33.42115783691406,95.0,91.11111111111111,1.331192401532785,96.06227106227107,87.76978417266187,73.33333333333333,False,1.5231391947811423,False,False,,,
immune,CD274,ENSG00000120217,protein_coding,28.55241602088341,2.6171908378601074,98.88888888888889,98.33333333333333,2.3382807809195563,99.45054945054946,98.56115107913669,95.0,False,1.9858194086787466,True,True,panel_gene_inflated,ND,
immune,PDCD1,ENSG00000188389,protein_coding,4.01112410547619,1.3779284358024597,80.0,55.00000000000001,0.04367348912646543,77.38095238095238,59.71223021582733,15.0,False,0.09329079007744112,True,True,,,
immune,PDCD1LG2,ENSG00000197646,protein_coding,24.079910999318873,2.961700439453125,99.44444444444444,97.77777777777777,2.229594139076083,99.08424908424908,97.12230215827337,93.33333333333333,False,1.5589598440321322,True,True,panel_gene_inflated,,
immune,LAG3,ENSG00000089692,protein_coding,9.77963759797848,4.211028337478638,78.33333333333333,52.22222222222223,-0.0909919843982917,75.54945054945054,53.956834532374096,18.333333333333332,False,0.017501310383126967,True,False,,,
immune,CTLA4,ENSG00000163599,protein_coding,19.929898974765436,2.0017523169517517,100.0,95.0,1.9418253575799909,98.53479853479854,95.68345323741008,85.0,False,1.8408290545085602,True,False,panel_gene_inflated,,
immune,TIGIT,ENSG00000181847,protein_coding,4.521252468325951,3.691840648651123,55.55555555555556,28.888888888888886,-0.612525022906041,54.21245421245421,30.215827338129497,3.3333333333333335,False,-0.8959655178965713,False,False,,,
immune,HAVCR2,ENSG00000135077,protein_coding,21.78611095613403,9.057968616485596,90.55555555555556,62.22222222222222,0.3772172703333712,69.5054945054945,63.30935251798561,20.0,False,0.05658486769290061,False,False,,,
immune,IDO1,ENSG00000131203,protein_coding,18.75207377470603,16.0625638961792,52.77777777777778,38.333333333333336,-0.4194249327861091,70.97069597069597,39.568345323741006,3.3333333333333335,False,-0.5750799290575221,False,False,,,
DDR_HR,BRCA1,ENSG00000012048,protein_coding,100.9076362109706,5.76628303527832,100.0,100.0,3.48266251148101,100.0,100.0,100.0,True,2.7114111990160628,True,True,panel_gene_inflated,,
DDR_HR,BRCA2,ENSG00000139618,protein_coding,100.37367268965595,3.6177908182144165,100.0,100.0,4.998399744397165,100.0,100.0,100.0,True,3.325406596913727,True,True,panel_gene_inflated,,
DDR_HR,PALB2,ENSG00000083093,protein_coding,94.43462286062126,9.681560039520264,100.0,100.0,5.118732539044442,100.0,100.0,100.0,True,2.224457617884523,True,True,panel_gene_inflated,,
DDR_HR,BARD1,ENSG00000138376,protein_coding,18.135161493848766,6.061886787414551,96.11111111111111,77.22222222222223,0.723198890217797,87.54578754578755,74.82014388489209,83.33333333333334,False,0.23675940216732538,True,True,,,
DDR_HR,RAD51,ENSG00000051180,protein_coding,28.769591102875392,13.678060054779053,93.33333333333333,58.88888888888889,0.30545026582813456,80.21978021978022,53.23741007194245,66.66666666666666,False,0.19463479343953893,True,True,,,
DDR_HR,RAD51C,ENSG00000108384,protein_coding,218.04648165286505,33.16403388977051,100.0,100.0,3.0871468246816667,99.54212454212454,100.0,100.0,True,2.3394915886510392,True,True,panel_gene_inflated,,
DDR_HR,RAD51D,ENSG00000185379,protein_coding,38.50907551356488,6.967960357666016,100.0,100.0,3.0109399274880673,99.45054945054946,100.0,100.0,True,0.9876684159059215,True,True,,,
DDR_HR,ATM,ENSG00000149311,protein_coding,1153.82755607129,9.845212459564209,100.0,100.0,10.66859949645758,100.0,100.0,100.0,True,5.799538051482081,True,True,panel_gene_inflated,,
DDR_HR,ATR,ENSG00000175054,protein_coding,301.1095796660729,12.346560001373291,100.0,100.0,8.109768868892708,100.0,100.0,100.0,True,3.540091087627329,True,True,panel_gene_inflated,,
DDR_HR,CHEK1,ENSG00000149554,protein_coding,233.65829241806347,21.70893669128418,100.0,100.0,3.8449130113136745,100.0,100.0,100.0,True,2.7112143161320237,True,True,panel_gene_inflated,,
DDR_HR,PARP1,ENSG00000143799,protein_coding,963.3289773816615,113.92512512207031,100.0,100.0,5.870524916994452,100.0,100.0,100.0,True,3.2268285665922596,True,True,panel_gene_inflated,,
DDR_HR,XRCC1,ENSG00000073050,protein_coding,137.35828407457691,33.00262451171875,100.0,100.0,3.256708169951414,99.81684981684981,100.0,100.0,True,1.683496131819044,True,False,panel_gene_inflated,,
DDR_HR,POLQ,ENSG00000051341,protein_coding,11.848429775169022,2.4271174669265747,100.0,91.66666666666666,1.374711051630454,97.43589743589743,88.48920863309353,91.66666666666666,False,0.8620193497543593,True,False,,,
DDR_HR,ERCC1,ENSG00000012061,protein_coding,48.91763327481382,67.71631622314453,15.555555555555555,1.1111111111111112,-2.09749301181984,1.098901098901099,2.877697841726619,0.0,False,-0.46422519414851937,True,False,,ND,
DDR_HR,MGMT,ENSG00000170430,protein_coding,23.33657101124347,18.066667556762695,70.0,25.555555555555554,-0.5315234846854666,12.82051282051282,30.935251798561154,25.0,False,-0.4450119226321174,False,False,,"1,281",
DDR_HR,SLFN11,ENSG00000172716,protein_coding,33.130673388985265,11.970301628112793,95.0,76.66666666666667,0.7663698378396038,87.72893772893772,74.82014388489209,68.33333333333333,False,0.435409996544198,True,False,,ND (LOQ 100),
DDR_HR,TP53BP1,ENSG00000067369,protein_coding,23.58336065526831,13.569374561309814,90.55555555555556,34.44444444444444,-0.38540260661934395,12.225274725274724,37.410071942446045,33.33333333333333,False,-0.07079056981510923,True,False,,,
DDR_HR,SHLD2,,,,,,,,,,,,,,,,,not in GENCODE v23 symbols
DDR_HR,EMSY,,,,,,,,,,,,,,,,,not in GENCODE v23 symbols
benign_breast_adipose,SCGB3A1,ENSG00000161055,protein_coding,1016.8959878809839,1.8147016763687134,98.88888888888889,99.44444444444444,3.117647017637869,99.72527472527473,100.0,100.0,True,7.395099625156961,False,False,platform_outlier_cause_unknown,,
benign_breast_adipose,PIGR,ENSG00000162896,protein_coding,69.95985754253493,1.0993154048919678,92.22222222222223,91.11111111111111,1.552456963383879,92.67399267399267,94.96402877697841,83.33333333333334,False,4.293984468718161,False,False,platform_outlier_cause_unknown,,
benign_breast_adipose,PIP,ENSG00000159763,protein_coding,149.1560724768153,2.1596858501434326,85.0,83.33333333333334,1.0778583277254434,55.67765567765568,91.36690647482014,83.33333333333334,False,4.609698564318645,False,False,platform_outlier_cause_unknown,,
benign_breast_adipose,ANKRD30A,ENSG00000148513,protein_coding,7.870667406955716,0.020985321141779423,95.55555555555556,92.22222222222223,1.5777440184352833,39.65201465201465,97.84172661870504,93.33333333333333,False,,False,False,,,
benign_breast_adipose,SCGB2A2,ENSG00000110484,protein_coding,7.164695037782938,2.815202474594116,58.333333333333336,48.888888888888886,-0.37603980412273075,16.84981684981685,54.67625899280576,51.66666666666667,False,-0.005547634571326121,False,False,,,
benign_breast_adipose,KRT15,ENSG00000171346,protein_coding,66.19590544590297,133.02449798583984,35.0,26.111111111111114,-0.6249667469006832,51.556776556776555,25.899280575539567,30.0,False,-0.8380588004122318,False,False,,,
benign_breast_adipose,ADIPOQ,ENSG00000181092,protein_coding,8.616234873489608,0.4207116812467575,80.55555555555556,71.11111111111111,0.44932402568304075,58.88278388278388,73.38129496402878,61.66666666666667,False,2.4519680350278543,False,False,platform_outlier_cause_unknown,,
benign_breast_adipose,PLIN1,ENSG00000166819,protein_coding,14.734683767444855,1.0016194581985474,85.0,78.88888888888889,0.725140641287884,64.56043956043956,80.57553956834532,68.33333333333333,False,2.175312660548024,False,False,platform_outlier_cause_unknown,,
benign_breast_adipose,LEP,ENSG00000174697,protein_coding,0.4730373482845669,0.10837464407086372,68.88888888888889,56.111111111111114,-0.382670582685565,50.0,59.71223021582733,48.333333333333336,False,,False,False,,,
lymphoid_follicle_node,CR2,ENSG00000117322,protein_coding,15.270132816759938,0.47452275454998016,95.0,92.22222222222223,1.5859442632947927,96.06227106227107,91.36690647482014,85.0,False,3.15701021983939,False,False,platform_outlier_cause_unknown,,
lymphoid_follicle_node,FDCSP,ENSG00000181617,protein_coding,2721.1240713790608,37.955848693847656,88.33333333333333,90.55555555555556,1.6458956744536373,97.89377289377289,87.05035971223022,85.0,False,5.725647475500897,False,False,platform_outlier_cause_unknown,,
lymphoid_follicle_node,CCL19,ENSG00000172724,protein_coding,44.07112990152414,23.84300422668457,62.22222222222222,52.22222222222223,0.05425558651767656,57.96703296703297,58.27338129496403,26.666666666666668,False,0.2798432097949224,False,False,,,
lymphoid_follicle_node,CCL21,ENSG00000137077,protein_coding,5.83422329348559,8.78449296951294,46.666666666666664,32.22222222222222,-0.6461848152735112,28.113553113553113,35.25179856115108,16.666666666666664,False,-1.64095732060898,False,False,,,
lymphoid_follicle_node,LAMP3,ENSG00000078081,protein_coding,19.48029489511431,9.810583591461182,71.11111111111111,46.111111111111114,-0.04008388475083856,84.15750915750915,41.007194244604314,20.0,False,-0.013078614218504647,False,False,,,
lymphoid_follicle_node,LYVE1,ENSG00000133800,protein_coding,10.688378844416084,1.1586273312568665,96.11111111111111,92.22222222222223,1.471303273516807,93.58974358974359,92.80575539568345,88.33333333333333,False,1.6518620547553535,False,False,,,
lymphoid_follicle_node,MARCO,ENSG00000019169,protein_coding,0.4267354092829127,10.477523803710938,3.888888888888889,1.6666666666666667,-1.665793046908698,12.087912087912088,0.7194244604316548,0.0,False,-4.009029079262482,False,False,platform_outlier_cause_unknown,,
lymphoid_follicle_node,CCR7,ENSG00000126353,protein_coding,17.020374422289944,3.5062018632888794,88.88888888888889,77.22222222222223,0.6643711353492754,86.72161172161172,82.73381294964028,41.66666666666667,False,0.8844648653974374,False,False,,,
lymphoid_follicle_node,SELL,ENSG00000188404,protein_coding,36.51890567866266,7.8782799243927,86.66666666666667,76.11111111111111,0.7415011622327802,87.36263736263736,78.41726618705036,38.333333333333336,False,1.0431864230579286,False,False,,,
lymphoid_follicle_node,BCL6,ENSG00000113916,protein_coding,333.6352298794574,21.970722198486328,100.0,100.0,4.182765734656634,100.0,100.0,100.0,True,3.124018497564214,True,True,panel_gene_inflated,,
lymphoid_follicle_node,PAX5,ENSG00000196092,protein_coding,8.12857166409228,0.23715435713529587,96.66666666666667,93.33333333333333,2.0031951904420247,97.7106227106227,94.24460431654677,81.66666666666667,False,,True,True,,,
payload_ADC,TACSTD2,ENSG00000184292,protein_coding,176.46879178860894,207.92603302001953,43.333333333333336,34.44444444444444,-0.13579023210185337,38.50732600732601,32.37410071942446,41.66666666666667,False,0.14045985800094707,True,False,,"1,705 amol/ug",
payload_ADC,TOP1,ENSG00000198900,protein_coding,61.457582028982664,50.887752532958984,68.88888888888889,27.77777777777778,-0.529789896247572,19.413919413919416,20.863309352517987,21.666666666666668,False,0.17793993557506438,True,False,,568,
payload_ADC,ABCB1,ENSG00000085563,protein_coding,9.676469061369636,1.3431686162948608,98.88888888888889,93.88888888888889,1.7219370697207501,89.56043956043956,96.40287769784173,86.66666666666667,False,1.2057342075990047,True,False,panel_gene_inflated,ND (LOQ 125),
payload_ADC,ABCG2,ENSG00000118777,protein_coding,1.817713538851179,0.5534345805644989,88.88888888888889,69.44444444444444,0.0688497917455215,33.24175824175824,68.34532374100719,70.0,False,,False,False,,,
payload_ADC,ABCC1,ENSG00000103222,protein_coding,35.42550500364029,16.277823448181152,91.11111111111111,66.66666666666666,0.39346372084636216,83.60805860805861,65.46762589928058,71.66666666666667,False,0.2897736076078168,False,False,,,
payload_ADC,ERBB3,ENSG00000065361,protein_coding,1156.617568024983,56.66229438781738,100.0,100.0,5.020629099165543,100.0,100.0,100.0,True,4.237807687583771,True,True,panel_gene_inflated,ND,
payload_ADC,NECTIN4,ENSG00000143217,protein_coding,102.66466438527368,44.328102111816406,88.88888888888889,78.88888888888889,0.7493428968343886,92.21611721611723,74.82014388489209,86.66666666666667,False,0.7956108069408296,False,False,,,
payload_ADC,CD276,ENSG00000103855,protein_coding,148.8352700204312,102.90975570678711,74.44444444444444,61.66666666666667,0.26335940645348127,62.637362637362635,58.992805755395686,73.33333333333333,False,0.47914222197145584,True,False,,,
payload_ADC,F3,ENSG00000117525,protein_coding,18.69481179560475,8.417639255523682,76.66666666666667,53.888888888888886,-0.010212953405485165,49.72527472527473,61.87050359712231,53.333333333333336,False,0.11355979314782338,True,False,,,
payload_ADC,FOLR1,ENSG00000110195,protein_coding,308.2511635979213,13.733852863311768,97.77777777777777,97.22222222222221,1.812409203788935,99.08424908424908,97.12230215827337,98.33333333333333,False,3.5660339160258134,True,False,panel_gene_inflated,697,
payload_ADC,SLC39A6,ENSG00000141424,protein_coding,52.5414104286573,54.78280830383301,46.111111111111114,17.77777777777778,-0.7677699758699053,4.212454212454213,9.352517985611511,25.0,False,-0.14870699239424257,False,False,,,
payload_ADC,PTK7,ENSG00000112655,protein_coding,99.35663759094534,107.68815994262695,43.888888888888886,16.666666666666664,-0.7962173443193179,57.05128205128205,18.705035971223023,30.0,False,0.04294263403160592,True,False,,,
payload_ADC,MET,ENSG00000105976,protein_coding,103.99102774161801,9.078986167907715,98.88888888888889,98.88888888888889,2.292540153272197,99.81684981684981,98.56115107913669,98.33333333333333,False,2.2576037100489215,True,True,panel_gene_inflated,ND,
payload_ADC,GPNMB,ENSG00000136235,protein_coding,789.2141779942312,120.57952499389648,98.33333333333333,98.88888888888889,2.5720988060691505,99.45054945054946,97.84172661870504,98.33333333333333,False,2.8584173996581326,False,False,platform_outlier_cause_unknown,"1,984",
payload_ADC,MSLN,ENSG00000102854,protein_coding,8.682107382906693,9.271082401275635,48.888888888888886,42.77777777777778,-0.4639261069999921,83.24175824175825,35.25179856115108,45.0,False,-1.020042581090224,False,False,,ND,
payload_ADC,AXL,ENSG00000167601,protein_coding,154.87447665296537,12.382629871368408,100.0,100.0,3.8640085718683785,100.0,100.0,100.0,True,2.5816643576713725,True,True,panel_gene_inflated,ND,
payload_ADC,VTCN1,ENSG00000134258,protein_coding,46.37174091974714,82.00764846801758,34.44444444444444,22.22222222222222,-0.6509545731304605,42.032967032967036,17.985611510791365,28.333333333333332,False,-0.7720133843643269,True,False,,,
payload_ADC,SLC29A1,ENSG00000112759,protein_coding,61.74106405190994,66.72750854492188,43.333333333333336,21.666666666666668,-0.7574983219028332,10.43956043956044,24.46043165467626,28.333333333333332,False,-0.11341119818701628,False,False,,174 (hENT1),
payload_ADC,TYMP,ENSG00000025708,protein_coding,45.13210766694656,86.26571273803711,26.666666666666668,11.11111111111111,-1.2079482241881927,10.805860805860807,15.827338129496402,0.0,False,-0.8824221407709625,False,False,,960,
payload_ADC,RRM1,ENSG00000167325,protein_coding,44.98231340155283,51.29491424560547,41.66666666666667,12.777777777777777,-1.1727566075692815,8.424908424908425,9.352517985611511,16.666666666666664,False,-0.27517095890026644,False,False,,ND,
payload_ADC,TUBB3,ENSG00000258947,protein_coding,29.377977461802423,57.64388656616211,33.33333333333333,18.333333333333332,-0.9256123692888337,45.51282051282051,15.827338129496402,23.333333333333332,False,-0.9830454859567093,False,False,,ND,
payload_ADC,IGF1R,ENSG00000140443,protein_coding,411.305714813479,8.105937957763672,100.0,100.0,4.23728008447444,99.45054945054946,99.28057553956835,100.0,True,4.54986953889145,True,True,panel_gene_inflated,ND,
payload_ADC,FGFR1,ENSG00000077782,protein_coding,309.0012559859987,30.788888931274414,100.0,98.88888888888889,2.5809451436285684,95.6959706959707,99.28057553956835,100.0,False,2.7797466517024594,True,True,panel_gene_inflated,ND,
payload_ADC,FGFR2,ENSG00000066468,protein_coding,749.3713489072596,11.936521530151367,98.33333333333333,98.33333333333333,3.204379614535497,99.54212454212454,97.84172661870504,100.0,True,4.89763897459577,True,True,panel_gene_inflated,ND,
payload_ADC,FGFR3,ENSG00000068078,protein_coding,75.93881161495491,2.3077900409698486,99.44444444444444,98.33333333333333,2.645270380071707,96.7948717948718,98.56115107913669,100.0,False,3.495242476520065,True,True,panel_gene_inflated,ND,
payload_ADC,FGFR4,ENSG00000160867,protein_coding,19.510760422255856,3.8577135801315308,93.88888888888889,78.33333333333333,0.7537287056721241,75.0,87.76978417266187,78.33333333333333,False,0.9471386347288604,True,True,,ND,
payload_ADC,CEACAM5,ENSG00000105388,protein_coding,0.621339577340503,0.12882377207279205,73.88888888888889,62.22222222222222,-0.261870689955355,21.153846153846153,64.02877697841727,70.0,False,,False,False,,,
payload_ADC,DLL3,ENSG00000090932,protein_coding,1.126253134887515,0.3790152668952942,70.0,52.77777777777778,-0.2591934396411608,80.76923076923077,51.07913669064749,65.0,False,,True,False,,,
