gene,role,G11_vs_normal_breast,G11_reason,A_pass,W_pass,W_pass_HS_rho_range,fold_vs_LP,fold_vs_ML,fold_vs_basal,n_donors_exceeded,brca1_carriers_exceeded_LP_and_ML_A,fold_vs_LP_bias_model,fold_vs_ML_bias_model,bias_model_call,N_Pcall_B_with_bias_unc,A_L1_only,B_fold_cleared_in_75pct_donors,B_fdr_proxy_at_cleared_fold,A_L2_only,tumor_exon_cpm,tumor_matrix_cpm,N_LP_median_cpm,N_ML_median_cpm,N_basal_median_cpm,B1_LP_median_cpm,B1_ML_median_cpm,myo_exon_cpm,myo_matrix_cpm,HS_matrix_cpm_L2,HS_counts_L2,within_tumor_vs_myo_exon_log2,within_tumor_vs_myo_matrix_log2_L1,within_tumor_vs_myo_matrix_log2_L2,within_tumor_vs_HS_matrix_log2_L2,within_tumor_vs_HS_log2_lo,within_tumor_vs_HS_log2_hi,HS_decont_cpm_L2,within_tumor_vs_HSdecont_log2_L2,within_tumor_vs_HSdecont_log2_lo,within_tumor_vs_HSdecont_log2_hi,ambient_matrix_cpm,tumor_exon_cpm_ambient_corrected,tumor_matrix_cpm_decont,myo_decont_cpm,W_tumor_vs_myo_dc_log2_L1,W_tumor_vs_myo_dc_log2_L2,W_tumor_vs_HS_dc_log2_L2,W_tumor_vs_HS_dc_log2_rho0.15,W_tumor_vs_HS_dc_log2_rho0.40,ensembl,tumor_exon_cpm_L1,tumor_exon_cpm_L2,tumor_ambient_share_matrix_m3,bias_hat,bias_sd,N_LP_n_donors,N_LP_log2fold_A,N_LP_n2x_A,N_LP_log2fold_A_no_ambient_corr,N_LP_log2fold_A_lo,N_LP_log2fold_A_hi,N_LP_det_frac_median,N_LP_log2fold_A_L1,N_LP_log2fold_A_L2,N_LP_log2fold_B,N_LP_n2x_B,N_ML_n_donors,N_ML_log2fold_A,N_ML_n2x_A,N_ML_log2fold_A_no_ambient_corr,N_ML_log2fold_A_lo,N_ML_log2fold_A_hi,N_ML_det_frac_median,N_ML_log2fold_A_L1,N_ML_log2fold_A_L2,N_ML_log2fold_B,N_ML_n2x_B,N_basal_n_donors,N_basal_log2fold_A,N_basal_n2x_A,N_basal_log2fold_A_no_ambient_corr,N_basal_log2fold_A_lo,N_basal_log2fold_A_hi,N_basal_det_frac_median,N_basal_log2fold_A_L1,N_basal_log2fold_A_L2,N_basal_log2fold_B,N_basal_n2x_B,N_n_donors_both,N_n_exceed_LP_and_ML_A,N_n_exceed_LP_and_ML_A_no_ambient_corr,N_n_exceed_LP_and_ML_A_K1,N_n_exceed_LP_and_ML_A_K3,N_n_exceed_LP_and_ML_A_L1,N_n_exceed_LP_and_ML_A_L2,N_n_exceed_LP_and_ML_B,B1_LP_n_donors,B1_LP_log2fold_A,B1_LP_n2x_A,B1_LP_log2fold_A_no_ambient_corr,B1_LP_log2fold_B,B1_LP_n2x_B,B1_ML_n_donors,B1_ML_log2fold_A,B1_ML_n2x_A,B1_ML_log2fold_A_no_ambient_corr,B1_ML_log2fold_B,B1_ML_n2x_B,B1_basal_median_cpm,B1_basal_n_donors,B1_basal_log2fold_A,B1_basal_n2x_A,B1_basal_log2fold_A_no_ambient_corr,B1_basal_log2fold_B,B1_basal_n2x_B,B1_n_donors_both,B1_n_exceed_LP_and_ML_A,B1_n_exceed_LP_and_ML_A_no_ambient_corr,B1_n_exceed_LP_and_ML_A_K1,B1_n_exceed_LP_and_ML_A_K3,B1_n_exceed_LP_and_ML_B,note
CD44,target,LINEAGE,A: within 2x of LP or ML in >25% of donors,False,True,True,1.323,1.339,1.008,0/8,0/3,1.651,1.671,no,0.2963,-,1.37,,-,720,999.1,374.3,369.6,490.6,327.5,338.5,388.7,352.8,403.4,80,0.8877,1.504,1.494,1.317,1.025,1.661,287.8,1.803,1.167,5.316,828.4,494.7,1022,198.2,2.552,2.198,1.851,1.607,2.631,ENSG00000026508,715.4,724.7,0.1565,0.6932,1.02,8,0.4034,0,0.9441,0.1345,0.7599,0.8566,0.3941,0.4127,0.723,2,8,0.4214,1,0.9621,0.07594,0.6859,0.7539,0.4121,0.4307,0.741,2,7,0.01179,0,0.5524,-0.3965,0.2946,0.7339,0.002462,0.02105,0.3313,0,8,0,2,0,0,0,0,0,3,0.5936,1,1.134,0.9132,1,3,0.546,0,1.087,0.8656,1,487.5,3,0.02093,0,0.5616,0.3405,0,3,0,2,1,0,1,
VTCN1,target,LINEAGE,passes A but not >=2x above own HS luminal,True,False,False,11.25,2.956,27.83,6/8,3/3,55.47,14.57,PASS,0.9934,PASS,11.53,1,PASS,34.67,194,1.474,8.575,0,1.287,6.352,35.34,49.98,332.8,66,-0.02676,1.483,2.58,-0.7593,-1.072,-0.3886,408,-1.053,-1.251,-0.8746,113.9,26.83,205,29.19,2.006,4.374,-0.9617,-0.8344,-1.215,ENSG00000134258,35.92,33.43,0.1131,0.5073,1.02,8,3.492,8,3.85,2.916,4.034,0.01009,3.541,3.441,5.794,8,8,1.564,6,1.922,0.9335,2.817,0.04252,1.613,1.513,3.865,8,7,4.799,7,5.157,3.827,4.799,0,4.848,4.748,7.1,7,8,6,7,7,6,6,6,8,3,3.605,3,3.963,5.906,3,3,1.921,3,2.279,4.222,3,0,3,4.799,3,5.157,7.1,3,3,3,3,3,2,3,
FOLH1,target,PASS,A+W,True,True,True,19.63,50.02,52.72,8/8,3/3,27.48,70.02,PASS,0.9996,PASS,21.34,1,PASS,70.31,152.8,1.687,0.05401,0,1.609,0.5129,26.92,37.37,25.21,5,1.353,1.684,2.405,2.565,1.593,4.682,1.524,5.941,1.849,7.277,106.9,51.72,159,14.75,2.661,4.621,6.011,3.603,7.347,ENSG00000086205,68.36,72.25,0.1322,1.059,1.02,8,4.295,8,4.731,3.228,4.879,0.01501,4.255,4.334,4.78,8,8,5.644,8,6.08,5.481,5.72,0.0003199,5.605,5.683,6.13,8,7,5.72,7,6.156,5.058,5.72,0,5.681,5.759,6.206,7,8,8,8,8,8,8,8,8,3,4.337,3,4.772,4.822,3,3,5.123,3,5.559,5.608,3,0,3,5.72,3,6.156,6.206,3,3,3,3,3,3,3,
ENPP3,target,PASS,A+W,True,True,True,46.48,37.2,46.48,8/8,3/3,72.54,58.06,PASS,1,PASS,52.84,1,PASS,58.75,235.9,0,0.2515,0,0,0,36.48,39.41,30.25,6,0.673,2.468,2.641,2.919,2.066,4.415,0,7.885,2.53,7.885,149.1,45.48,247.8,3.734,5.297,6.307,7.96,4.465,7.96,ENSG00000154269,57.95,59.55,0.1129,1.707,1.132,8,5.539,8,5.901,5.459,5.539,0,5.519,5.558,6.181,8,8,5.217,8,5.58,5.074,5.417,0.0007481,5.198,5.236,5.859,8,7,5.539,7,5.901,5.539,5.539,0,5.519,5.558,6.181,7,8,8,8,8,8,8,8,8,3,5.539,3,5.901,6.181,3,3,5.539,3,5.901,6.181,3,0,3,5.539,3,5.901,6.181,3,3,3,3,3,3,3,
PRLR,target,LINEAGE,A: within 2x of LP or ML in >25% of donors,False,False,False,9.324,2.388,52.93,5/8,2/3,5.021,1.286,no,0.08478,-,0.6805,,-,173.9,454.9,12.86,53.15,1.441,7.909,54.37,102.3,103,670.6,133,0.7595,1.584,3.041,-0.5657,-0.7955,-0.3052,817.1,-0.8505,-0.9675,-0.793,284.7,128.2,478.1,44.07,2.407,8.923,-0.7535,-0.6297,-1.001,ENSG00000113494,171.8,176,0.1314,2.712,1.132,8,3.221,8,3.658,2.305,3.91,0.09105,3.204,3.238,2.328,7,8,1.256,5,1.693,-0.8918,1.463,0.2415,1.239,1.273,0.3628,1,7,5.726,7,6.163,4.163,5.95,0.007453,5.709,5.743,4.833,7,8,5,5,5,4,5,5,1,3,3.858,3,4.295,2.965,3,3,1.222,2,1.659,0.3293,0,0,3,7.013,3,7.45,6.12,3,3,2,2,2,0,0,
ERBB4,target,LINEAGE,passes A but not >=2x above own HS luminal and own myoepithelium,True,False,False,25.72,2.74,30.41,6/8,2/3,84.69,9.021,PASS,0.8083,PASS,8.028,1,PASS,48.25,1992,0.6416,14.49,0.3883,0.5869,11.28,34.8,863.2,1.197e+04,2374,0.4601,0.3538,3.555,-2.586,-2.643,-2.527,1.567e+04,-2.975,-2.867,-3.233,728.8,41.21,2164,906.4,0.2625,6.544,-2.845,-2.68,-3.163,ENSG00000178568,48.43,48.07,0.07291,3.842,2.3,8,4.685,8,4.907,4.26,5.11,0.005105,4.69,4.68,6.404,8,8,1.454,6,1.677,0.4031,2.115,0.06461,1.46,1.449,3.173,8,7,4.926,7,5.149,4.112,5.4,0.001701,4.932,4.921,6.645,7,8,6,6,6,6,6,6,8,3,4.733,3,4.956,6.452,3,3,1.781,2,2.003,3.5,3,0,3,5.4,3,5.622,7.119,3,3,2,2,2,2,3,
SLC28A3,target,PASS,A+W,True,True,True,9.812,47.71,77.3,8/8,3/3,5.829,28.35,PASS,0.8784,PASS,4.565,1,PASS,352.8,528.8,27.56,4.836,2.599,17.86,6.155,108.3,88.52,70.59,14,1.695,2.589,2.542,2.885,2.24,3.865,5.757,6.29,2.655,9.046,299,277.2,560.2,20.06,5.821,4.129,6.383,3.949,9.139,ENSG00000197506,350.7,354.9,0.1071,1.68,1.02,8,3.295,8,3.641,2.692,3.735,0.1845,3.286,3.303,2.543,8,8,5.576,8,5.923,5.11,6.212,0.02036,5.568,5.585,4.825,8,7,6.272,7,6.619,5.893,7.382,0.008065,6.264,6.281,5.521,7,8,8,8,8,8,8,8,8,3,3.883,3,4.229,3.131,3,3,5.281,3,5.628,4.53,3,0,3,8.12,3,8.467,7.369,3,3,3,3,3,3,3,
SLC6A14,target,PASS,A+W,True,True,True,6.191,38.1,68.19,8/8,3/3,9.197,56.6,PASS,0.9721,PASS,7.66,1,PASS,520.6,726.8,57.63,9.063,4.322,61.63,6.668,418,276.7,211.8,42,0.3161,1.449,1.335,1.807,1.419,2.29,4.187,7.165,2.068,9.54,709.2,362,729.2,135.9,2.194,2.676,7.137,2.861,9.512,ENSG00000268104,518.3,523,0.1524,0.4327,1.013,8,2.63,8,3.153,2.332,2.824,0.2396,2.624,2.637,3.201,8,8,5.252,8,5.775,4.314,6.415,0.01918,5.245,5.258,5.823,8,7,6.092,7,6.615,5.798,8.504,0.003401,6.085,6.098,6.663,7,8,8,8,8,8,8,8,8,3,2.535,3,3.058,3.106,3,3,5.565,3,6.088,6.136,3,2.592,3,6.659,3,7.182,7.23,3,3,3,3,3,3,3,
HORMAD1,target,PASS,A+W,True,True,True,108.8,123.2,123.2,8/8,3/3,105.3,119.2,PASS,1,PASS,70.4,0.8239,PASS,165.5,163.7,0.1336,0,0,0,0,36.75,25.43,15.13,3,2.141,2.748,2.537,3.336,2.166,7.348,0,7.348,2.759,7.348,115.2,122.2,170.3,0.8746,7.426,5.956,7.415,7.415,7.415,ENSG00000143452,167.4,163.7,0.131,0.4669,1.013,8,6.766,8,7.201,6.153,6.915,0.001573,6.782,6.75,6.719,8,8,6.944,8,7.38,6.882,6.944,0,6.96,6.928,6.897,8,7,6.944,7,7.38,6.944,6.944,0,6.96,6.928,6.897,7,8,8,8,8,8,8,8,8,3,6.944,3,7.38,6.897,3,3,6.944,3,7.38,6.897,3,0,3,6.944,3,7.38,6.897,3,3,3,3,3,3,3,
ATR,target,LINEAGE,passes A but not >=2x above own HS luminal and own myoepithelium,True,False,False,13.09,14.3,19.31,8/8,3/3,3.871,4.227,PASS,0.7539,PASS,3.429,1,PASS,239.7,293.1,12.79,11.7,8.349,5.497,6.352,155.9,192.9,196.6,39,0.6172,0.5997,0.6024,0.5767,0.1635,1.104,202.1,0.5375,0.08604,1.45,196.3,179.5,306.3,191.8,0.7016,0.6449,0.6115,0.6294,0.5718,ENSG00000175054,240,239.4,0.1256,2.462,1.132,8,3.711,8,4.126,3.536,4.338,0.08109,3.713,3.709,1.953,8,8,3.838,8,4.253,3.578,4.361,0.04924,3.84,3.836,2.08,8,7,4.271,7,4.686,4.062,5.648,0.02671,4.273,4.269,2.513,7,8,8,8,8,8,8,8,8,3,4.796,3,5.211,3.038,3,3,4.618,3,5.033,2.86,3,4.067,3,5.155,3,5.57,3.397,3,3,3,3,3,3,3,
POLQ,target,PASS,A+W,True,True,True,25.78,34.22,34.22,8/8,3/3,19.35,25.69,PASS,0.9971,PASS,17.43,1,PASS,50.8,86.45,0.3284,0,0,0.1956,0,17.72,17.3,10.08,2,1.469,2.705,1.912,2.975,1.733,6.445,0,6.445,1.954,6.445,66.65,33.22,89.15,7.132,6.455,2.6,6.532,4.301,6.532,ENSG00000051341,50.6,51.01,0.1731,1.767,1.132,8,4.688,8,5.286,4.305,5.073,0.002397,4.682,4.694,4.274,8,8,5.097,8,5.695,5.007,5.097,0,5.091,5.102,4.683,8,7,5.097,7,5.695,5.097,5.097,0,5.091,5.102,4.683,7,8,8,8,8,8,8,8,8,3,4.839,3,5.437,4.425,3,3,5.097,3,5.695,4.683,3,0,3,5.097,3,5.695,4.683,3,3,3,3,3,3,3,
KIF18A,target,PASS,A+W,True,True,True,27.28,27.58,35.94,8/8,3/3,20.08,20.3,PASS,0.9984,PASS,16.11,1,PASS,54.38,93.14,0.3197,0.3035,0,0.1609,0.4537,20.43,21.27,20.17,4,1.369,2.141,2.021,2.15,1.184,3.958,4.517,4.089,1.366,6.553,82.41,34.94,94.6,3.568,6.553,3.58,4.14,2.937,6.604,ENSG00000121621,55.58,53.18,0.1787,1.831,1.02,8,4.77,8,5.394,4.355,4.94,0.001574,4.8,4.739,4.328,8,8,4.785,8,5.409,4.678,5.168,0.001767,4.816,4.754,4.343,8,7,5.168,7,5.791,4.857,5.168,0,5.198,5.136,4.725,7,8,8,8,8,8,8,8,8,3,4.952,3,5.576,4.51,3,3,4.628,3,5.252,4.186,3,0,3,5.168,3,5.791,4.725,3,3,3,3,3,3,3,
TACSTD2,target,BELOW,A and own-HS both >=2x below,False,False,False,0.0006934,0.0004686,0.001027,0/8,0/3,0.4394,0.297,no,0.008738,-,0.2443,,-,162.6,70.27,1450,2157,972.6,1337,1144,399.7,173.2,171.4,34,-1.292,-1.277,-1.3,-1.214,-1.648,-0.6542,89.4,-0.2824,-1.423,6.216,356.5,0,31.25,113.5,-1.718,-1.971,-1.761,-2.264,2.471,ENSG00000184292,156.9,168.4,0.7705,-3.153,1.276,8,-10.49,0,-3.14,-11.21,-10.03,0.9736,-10.49,-10.49,-1.186,0,8,-11.06,0,-3.705,-11.69,-10.66,0.9403,-11.06,-11.06,-1.751,0,7,-9.927,0,-2.573,-10.49,-9.356,0.8516,-9.927,-9.927,-0.6194,0,8,0,0,0,0,0,0,0,3,-10.39,0,-3.031,-1.078,0,3,-10.16,0,-2.807,-0.8538,0,845.1,3,-9.725,0,-2.37,-0.4169,0,3,0,0,0,0,0,
TOP1,target,LINEAGE,below public normals on A but not >=2x below own HS luminal,False,False,False,0.67,0.4518,0.3807,0/8,0/3,0.7756,0.523,no,0.01357,-,0.4192,,-,136.3,213.4,149.3,222.1,263.1,109.2,149.3,131.9,172.7,161.3,32,0.04703,0.1675,0.4522,0.4061,-0.05094,1.009,143.5,0.5744,-0.05743,2.689,190.3,99.54,216.5,167,0.1514,0.6419,0.5726,0.4928,0.7721,ENSG00000198900,137.4,135.2,0.1349,0.8812,1.02,8,-0.5777,0,-0.128,-1.14,-0.3165,0.6843,-0.5658,-0.5896,-0.3665,0,8,-1.146,0,-0.6966,-1.634,-0.9674,0.6307,-1.134,-1.158,-0.9351,0,7,-1.393,0,-0.9437,-1.881,-1.035,0.5963,-1.382,-1.405,-1.182,0,8,0,0,0,0,0,0,0,3,-0.1318,0,0.3178,0.07928,0,3,-0.5799,0,-0.1303,-0.3688,0,252.4,3,-1.334,0,-0.8841,-1.123,0,3,0,0,0,0,0,
SLFN11,target,NA,<10 CPM in tumor (ambient-corrected exon) and all normal lineages,False,False,True,3.482,2.776,3.482,7/8,1/3,5.43,4.329,PASS,0.8243,PASS,,,PASS,6.003,5.315,0,0.256,0,0.7826,0.4537,12.28,5.908,0,0,-0.9232,-0.0889,-0.1682,2.67,-1.623,2.67,0,2.67,-1.718,2.67,5.542,2.482,5.284,6.022,-0.2838,0.01108,2.481,2.481,2.481,ENSG00000172716,5.576,6.429,0.2933,0.2179,1.013,8,1.8,8,2.808,1.744,1.8,0,1.725,1.871,2.441,8,8,1.473,7,2.481,1.175,1.8,0.001075,1.398,1.544,2.114,8,7,1.8,7,2.808,1.8,1.8,0,1.725,1.871,2.441,7,8,7,8,8,0,7,7,8,3,0.9658,1,1.974,1.607,3,3,1.26,2,2.268,1.901,3,0,3,1.8,3,2.808,2.441,3,3,1,3,3,0,3,
NECTIN4,target,LINEAGE,A: within 2x of LP or ML in >25% of donors,False,False,False,3.132,1.213,21.23,0/8,0/3,3.506,1.358,no,0.1734,-,1.033,,-,113.9,55.31,19.48,51.58,2.005,17.11,67.15,79.38,38.05,55.46,11,0.5149,0.7748,0.3324,0.05286,-0.6477,1.16,46.65,0.2978,-0.6704,5.872,60.58,62.8,54.59,30.71,0.9513,0.6792,0.2116,0.09394,0.5211,ENSG00000143217,110.2,117.5,0.2242,-0.3432,1.013,8,1.647,7,2.495,1.364,2.265,0.1602,1.601,1.691,1.81,7,8,0.279,0,1.127,-0.2601,0.5568,0.2701,0.2331,0.3234,0.4419,0,7,4.408,7,5.256,3.139,4.932,0.005102,4.362,4.453,4.571,7,8,0,5,2,0,0,0,0,3,1.817,3,2.665,1.98,3,3,-0.09516,0,0.753,0.06779,0,2.288,3,4.278,3,5.127,4.441,3,3,0,1,1,0,0,
EGFR,target,LINEAGE,below public normals on A but not >=2x below own HS luminal,False,False,False,0.3704,1.765,0.306,0/8,0/3,0.6624,3.156,no,0.078,-,0.564,,-,35.01,143.7,58.46,11.45,70.81,39.77,6.806,142.4,506,80.67,16,-1.994,-1.708,-1.9,0.8472,0.2681,1.664,76.04,0.9315,0.2146,3.457,129.6,20.97,145.6,628.5,-2.014,-2.177,0.9982,0.9589,1.092,ENSG00000146648,34.88,35.15,0.2005,1.881,1.287,8,-1.433,0,-0.72,-2.037,-1.126,0.366,-1.438,-1.427,-0.5942,0,8,0.8196,2,1.532,-0.04039,1.09,0.05613,0.8143,0.8249,1.658,5,7,-1.708,0,-0.9957,-2.242,-0.7831,0.2126,-1.714,-1.703,-0.8698,0,8,0,0,0,0,0,0,0,3,-0.8917,0,-0.179,-0.05315,0,3,1.493,2,2.206,2.332,3,40.92,3,-0.932,0,-0.2193,-0.09344,0,3,0,0,0,0,0,
CD276,target,BELOW,A and own-HS both >=2x below,False,False,False,0.2017,0.1168,0.291,0/8,0/3,0.7626,0.4417,no,0.01195,-,0.4048,,-,17.1,15.47,12.02,21.51,8.021,10.17,16.93,24.47,13.05,30.25,6,-0.4928,0.3533,0.1247,-0.8627,-1.716,0.6327,29.06,-0.8066,-1.81,4.103,36.29,1.625,12.63,5.486,1.853,0.6342,-1.025,-1.051,-0.9642,ENSG00000103855,16.16,18.03,0.4525,0.7303,1.02,8,-2.31,0,0.4754,-2.493,-2,0.1057,-2.36,-2.262,-0.391,0,8,-3.098,0,-0.3123,-3.299,-2.507,0.1088,-3.147,-3.05,-1.179,0,7,-1.781,0,1.005,-2.306,-1.313,0.02967,-1.83,-1.733,0.1381,1,8,0,0,0,0,0,0,0,3,-2.089,0,0.6958,-0.1707,0,3,-2.771,0,0.0138,-0.8527,0,5.592,3,-1.328,0,1.457,0.5906,1,3,0,0,0,0,0,
SHANK2,amplicon,PASS,A+W,True,True,True,30.66,24.04,98.65,8/8,3/3,13.91,10.91,PASS,0.9024,PASS,9.328,1,PASS,471.9,2877,10.58,13.77,2.599,7.348,10.77,131.3,260.2,569.7,113,1.838,3.224,3.761,2.302,2.056,2.582,476.5,2.559,2.126,3.73,1491,354.1,3066,0,11.58,11.59,2.69,2.566,3.019,ENSG00000162105,473.8,470,0.1248,4.159,1.715,8,4.938,8,5.352,4.375,5.391,0.08519,4.944,4.932,3.798,8,8,4.587,8,5.001,4.361,4.674,0.06871,4.593,4.582,3.448,8,7,6.624,7,7.038,6.022,6.926,0.009938,6.63,6.619,5.485,7,8,8,8,8,8,8,8,8,3,5.411,3,5.824,4.271,3,3,4.915,3,5.328,3.775,3,1.296,3,7.273,3,7.686,6.133,3,3,3,3,3,3,3,
CCND1,amplicon,LINEAGE,below public normals on A but not >=2x below own HS luminal,False,False,False,0.5051,0.4514,1.447,0/8,0/3,1.253,1.12,no,0.06304,-,0.6834,,-,148.3,69.41,117,130.5,40,139.7,91.2,112.4,51.28,60.5,12,0.3962,0.3355,0.5206,0.2627,-0.3916,1.239,29.4,1.279,-0.2243,6.205,135.9,58.33,60.33,23.71,0.8948,1.873,1.039,0.4834,5.965,ENSG00000110092,142.2,154.3,0.3033,-1.064,1.013,8,-0.9854,0,0.3455,-1.661,-0.3761,0.3903,-1.044,-0.9287,0.3258,1,8,-1.148,0,0.1835,-2.132,-0.7831,0.355,-1.207,-1.091,0.1637,0,7,0.5331,2,1.864,0.1233,1.588,0.08012,0.4741,0.5899,1.844,6,8,0,0,0,0,0,0,0,3,-1.246,0,0.08532,0.06556,1,3,-0.636,0,0.695,0.6752,1,34.36,3,0.7468,0,2.078,2.058,2,3,0,0,0,0,0,
CTTN,amplicon,LINEAGE,A: within 2x of LP or ML in >25% of donors,False,True,True,2.16,1.964,3.597,3/8,2/3,1.753,1.595,no,0.3351,-,1.48,,-,591.7,415.1,164.6,180.7,98.25,129,147,327.9,176.5,141.2,28,0.8498,1.239,1.22,1.565,1.09,2.197,67.57,2.617,1.328,8.717,420.3,356,414.4,97.2,2.39,1.84,2.642,2.064,8.741,ENSG00000085733,584.5,598.9,0.1992,0.5219,1.02,8,1.111,5,1.842,0.8057,1.458,0.6847,1.093,1.128,0.81,3,8,0.9742,3,1.706,0.8752,1.262,0.5737,0.9566,0.9915,0.6734,1,7,1.847,7,2.578,1.61,1.965,0.2457,1.829,1.864,1.546,7,8,3,8,8,1,2,3,1,3,1.458,2,2.189,1.157,2,3,1.27,2,2.002,0.9695,1,67.87,3,2.374,3,3.105,2.073,3,3,2,3,2,1,1,
EWSR1,amplicon,LINEAGE,passes A but not >=2x above own HS luminal,True,False,False,5.612,6.41,4.441,8/8,3/3,5.104,5.829,PASS,0.8269,PASS,3.893,1,PASS,747.6,425.9,90.64,78.41,113.6,94.07,81.4,302.7,158.8,257.1,51,1.301,1.418,1.417,0.7576,0.4089,1.18,228.9,0.9246,0.4212,2.258,365.2,507.9,434.2,91.67,2.378,2.107,0.9654,0.8863,1.163,ENSG00000182944,732.9,762.3,0.1603,-0.1165,1.02,8,2.489,8,3.045,1.689,3.252,0.4066,2.46,2.517,2.352,7,8,2.68,8,3.237,1.827,3.237,0.2931,2.652,2.708,2.543,8,7,2.151,6,2.708,1.727,2.617,0.3117,2.122,2.179,2.014,6,8,8,8,8,7,8,8,7,3,2.42,3,2.977,2.283,3,3,2.627,3,3.184,2.49,3,97.21,3,2.374,3,2.93,2.237,3,3,3,3,3,3,3,
SPECC1L,amplicon,PASS,A+W,True,True,True,26.31,22.35,24.38,8/8,3/3,19.11,16.23,PASS,0.9944,PASS,14.64,1,PASS,376.9,1029,10.46,12.53,11.36,7.402,11.8,148,241.8,312.6,62,1.342,2.112,2.057,1.684,1.353,2.082,273.2,1.877,1.379,3.234,526,300.3,1097,149.4,3.195,2.597,1.985,1.893,2.219,ENSG00000100014,395.3,358.5,0.1016,2.234,1.132,8,4.718,8,5.044,4.677,5.41,0.08662,4.786,4.646,4.256,8,8,4.482,8,4.809,4.249,4.673,0.06131,4.551,4.41,4.021,8,7,4.607,7,4.934,4.312,4.802,0.04032,4.676,4.536,4.146,7,8,8,8,8,8,8,8,8,3,5.164,3,5.491,4.703,3,3,4.558,3,4.884,4.096,3,7.777,3,5.102,3,5.428,4.64,3,3,3,3,3,3,3,
LDLRAD3,amplicon,PASS,A+W,True,True,True,5.315,3.961,8.713,8/8,3/3,16.69,12.43,PASS,0.9691,PASS,10.59,1,PASS,180.2,1827,25.05,34.02,14.89,20.59,35.84,134,241.9,368.1,73,0.4243,2.945,2.878,2.284,1.983,2.64,269.3,2.733,2.11,5.772,973.4,137.4,1943,52.12,10.92,4.213,2.851,2.628,3.543,ENSG00000179241,170.5,189.9,0.1186,2.072,1.287,8,2.41,8,2.798,2.163,2.641,0.1722,2.331,2.485,4.061,8,8,1.986,8,2.374,1.59,2.421,0.1422,1.906,2.061,3.636,8,7,3.123,7,3.511,2.944,3.306,0.05143,3.044,3.198,4.774,7,8,8,8,8,7,7,8,8,3,2.681,3,3.069,4.332,3,3,1.91,3,2.298,3.56,3,13.74,3,3.231,3,3.62,4.882,3,3,3,3,3,3,3,
ELF5,lineage,PASS,A+W,True,True,True,84.07,311.9,364.8,8/8,3/3,84.8,314.6,PASS,1,PASS,60.33,1,PASS,612.5,468.8,4.183,0.3629,0.1634,2.468,0.9075,164.4,99.48,186.6,37,1.891,2.146,2.308,1.338,0.9342,1.843,142.3,1.726,1.013,6.643,368.9,423.4,482.4,11.84,6.832,4.521,1.787,1.596,2.347,ENSG00000135374,608.3,616.8,0.1544,0.1343,1.02,8,6.394,8,6.925,4.328,7.106,0.02894,6.384,6.403,6.406,8,8,8.285,8,8.817,7.932,8.489,0.001732,8.275,8.295,8.297,8,7,8.511,7,9.043,6.963,8.729,0.0007528,8.501,8.521,8.523,7,8,8,8,8,8,8,8,8,3,6.935,3,7.467,6.948,3,3,7.798,3,8.329,7.81,3,0.7626,3,7.912,3,8.443,7.924,3,3,3,3,3,3,3,
EHF,lineage,PASS,A+W,True,True,True,15.34,16.48,178.8,8/8,3/3,15.79,16.96,PASS,0.9961,PASS,13.12,1,PASS,1134,1206,53.86,49.9,3.681,44.65,24.5,545.1,302.2,670.6,133,1.055,1.852,2.142,0.8749,0.6451,1.135,594.2,1.049,0.6838,1.897,901.9,835.9,1247,107,3.109,4.097,1.1,1.018,1.308,ENSG00000135373,1122,1145,0.1314,0.4865,1.02,8,3.939,8,4.379,3.407,4.308,0.2974,3.925,3.954,3.981,8,8,4.042,8,4.482,3.9,5.142,0.1702,4.028,4.057,4.084,8,7,7.482,7,7.921,6.715,8.763,0.01143,7.467,7.497,7.523,7,8,8,8,8,8,8,8,8,3,4.196,3,4.636,4.238,3,3,5.036,3,5.476,5.078,3,2.288,3,7.992,3,8.431,8.033,3,3,3,3,3,3,3,
ESRRG,lineage,PASS,A+W,True,True,True,157.6,79.24,115,8/8,3/3,184.4,92.72,PASS,0.9992,PASS,85.5,0.8239,PASS,204.6,3739,0.07968,1.152,0.4803,0.1122,0.9075,36.39,328.6,837,166,2.459,3.285,3.763,2.157,1.947,2.392,767,2.283,1.97,2.946,1464,169.2,4049,10.4,11.96,7.557,2.418,2.359,2.562,ENSG00000196482,204.9,204.2,0.08652,4.231,1.715,8,7.3,8,7.573,7.108,7.411,0.0008337,7.302,7.298,7.527,8,8,6.308,8,6.581,6.134,6.607,0.005604,6.31,6.306,6.535,8,7,6.845,7,7.118,6.186,7.155,0.002484,6.847,6.843,7.072,7,8,8,8,8,8,8,8,8,3,7.257,3,7.53,7.484,3,3,6.479,3,6.752,6.706,3,0.5084,3,6.818,3,7.09,7.044,3,3,3,3,3,3,3,
MECOM,lineage,PASS,A+W,True,True,True,28.68,78.3,80.76,8/8,3/3,25.72,70.21,PASS,0.978,PASS,21.92,1,PASS,97.48,1091,1.838,0.03196,0,3.54,0.9075,40.69,96.06,85.71,17,1.24,3.26,3.765,3.666,3.059,4.569,0,10.1,3.716,10.1,487.7,79.76,1174,0,10.17,10.22,10.22,5.298,10.22,ENSG00000085276,98.97,95.98,0.09087,3.915,1.715,8,4.842,8,5.128,4.534,5.163,0.01113,4.864,4.82,4.685,8,8,6.291,8,6.577,6.039,6.336,0.000205,6.313,6.269,6.134,8,7,6.336,7,6.622,6.025,6.336,0,6.357,6.314,6.178,7,8,8,8,8,8,8,8,8,3,4.153,3,4.439,3.996,3,3,5.404,3,5.69,5.247,3,0,3,6.336,3,6.622,6.178,3,3,3,3,3,3,3,
SOX6,lineage,PASS,A+W,True,True,True,136.9,299,416.1,8/8,3/3,41.27,90.15,PASS,0.9921,PASS,35.2,1,PASS,495.8,2199,2.043,0.399,0,0.7826,0.4537,71.73,213.8,151.3,30,2.772,3.307,3.408,3.856,3.408,4.436,0,11.11,4.43,11.11,919.4,415.1,2374,5.843,11.2,7.561,11.23,6.016,11.23,ENSG00000110693,484.2,507.5,0.08135,4.132,1.715,8,7.097,8,7.353,6.499,7.431,0.0152,7.063,7.131,5.367,8,8,8.224,8,8.48,7.742,8.542,0.001854,8.19,8.258,6.494,8,7,8.701,7,8.957,8.483,8.701,0,8.667,8.734,6.971,7,8,8,8,8,8,8,8,8,3,7.867,3,8.123,6.137,3,3,8.161,3,8.417,6.431,3,0,3,8.701,3,8.957,6.971,3,3,3,3,3,3,3,
CARD18,outlier,NA,<10 CPM in tumor (ambient-corrected exon) and all normal lineages,False,True,True,2.711,2.711,2.711,8/8,3/3,785.1,785.1,PASS,1,PASS,785.1,0.8239,PASS,2.084,218.6,0,0,0,0,0,0,17.72,0,0,1.625,3.642,3.463,7.745,3.452,7.745,0,7.745,4.281,7.745,91.59,1.711,235.9,1.28,7.903,6.041,7.873,7.873,7.873,ENSG00000255501,1.75,2.419,0.08955,-1.838,1.276,8,1.439,8,1.625,1.439,1.439,0,1.285,1.578,9.617,8,8,1.439,8,1.625,1.439,1.439,0,1.285,1.578,9.617,8,7,1.439,6,1.625,1.155,1.439,0,1.285,1.578,9.617,7,8,8,8,8,8,8,8,8,3,1.439,3,1.625,9.617,3,3,1.439,3,1.625,9.617,3,0,3,1.439,3,1.625,9.617,3,3,3,3,3,3,3,
KYNU,outlier,LINEAGE,A: within 2x of LP or ML in >25% of donors,False,True,True,2.609,1.036,37.75,3/8,3/3,4.193,1.665,no,0.2877,-,1.289,,-,138.2,835.3,40.39,102.6,1.841,19.41,18.15,28.77,82.74,171.4,34,2.226,3.155,3.506,2.277,1.844,2.837,116.4,2.832,1.967,9.707,450.4,106.2,887.8,0,9.772,9.819,2.944,2.663,3.912,ENSG00000115919,143.2,133.2,0.1158,2.279,1.132,8,1.383,6,1.76,0.0954,2.015,0.1815,1.434,1.331,2.068,6,8,0.05109,3,0.4281,-0.3191,2.003,0.1744,0.1019,-0.001592,0.7359,3,7,5.238,7,5.615,4.867,5.927,0.005714,5.289,5.186,5.923,7,8,3,3,3,1,3,3,3,3,2.393,3,2.77,3.078,3,3,2.485,3,2.862,3.17,3,0,3,6.744,3,7.121,7.429,3,3,3,3,3,3,3,
B2M,immune,BELOW,A and own-HS both >=2x below (bias model B disagrees),False,False,False,0.0004466,0.0004115,0.0008564,0/8,0/3,1.596,1.47,no,0.2659,-,1.15,,-,585.7,260.9,2238,2437,1167,2207,2462,1749,788.9,831.9,165,-1.577,-1.573,-1.61,-1.622,-1.833,-1.385,435.5,-0.6894,-1.513,8.08,1657,0,70.54,506.1,-2.353,-3.919,-3.948,-4.451,0.3107,ENSG00000166710,570.9,600.5,1,-3.77,1.276,8,-11.13,0,-1.932,-11.82,-10.71,0.9928,-11.13,-11.13,0.6743,2,8,-11.25,0,-2.05,-11.77,-10.92,0.9729,-11.25,-11.25,0.5562,1,7,-10.19,0,-0.9929,-10.34,-9.839,0.9228,-10.19,-10.19,1.614,7,8,0,0,0,0,0,0,1,3,-11.11,0,-1.912,0.6943,0,3,-11.27,0,-2.07,0.5365,0,1690,3,-10.72,0,-1.527,1.079,2,3,0,0,0,0,0,
HLA-A,immune,BELOW,A and own-HS both >=2x below (bias model B disagrees),False,False,False,0.002497,0.002516,0.00213,0/8,0/3,1.437,1.448,no,0.2948,-,1.241,,-,224.4,97.15,399.5,396.9,468.5,437,376,657.4,285,337.8,67,-1.547,-1.681,-1.406,-1.712,-2.02,-1.32,204.3,-0.9898,-1.806,6.692,595.8,0,29.14,183.7,-2.48,-2.946,-3.727,-4.104,-2.091,ENSG00000206503,214.1,234.6,0.9745,-2.552,1.276,8,-8.646,0,-0.8293,-9.153,-8.5,0.8888,-8.646,-8.646,0.523,0,8,-8.634,0,-0.8182,-8.857,-8.421,0.774,-8.634,-8.634,0.5341,0,7,-8.875,0,-1.059,-9.144,-8.454,0.8166,-8.875,-8.875,0.2935,0,8,0,0,0,0,0,0,0,3,-8.775,0,-0.9584,0.3939,0,3,-8.558,0,-0.742,0.6103,0,602.4,3,-9.237,0,-1.421,-0.06844,0,3,0,0,0,0,0,
TAP1,immune,LINEAGE,below public normals on A but not >=2x below own HS luminal,False,False,False,0.03505,0.02967,0.03838,0/8,0/3,0.5218,0.4416,no,0.02723,-,0.3649,,-,18.29,8.322,27.55,32.78,25.06,21.72,19.57,43.77,19.05,15.13,3,-1.215,-0.8257,-1.319,-0.7229,-1.893,3.288,4.531,0.8208,-1.804,3.288,47.97,0,2.915,9.645,-0.5226,-1.88,-0.3056,-1.216,2.162,ENSG00000168394,17.41,19.17,1,-0.6753,1.276,8,-4.834,0,-0.5647,-5.169,-4.601,0.2136,-4.834,-4.834,-0.9384,0,8,-5.075,0,-0.8055,-5.356,-4.531,0.1378,-5.075,-5.075,-1.179,0,7,-4.704,0,-0.4339,-4.968,-4.409,0.06286,-4.704,-4.704,-0.8075,0,8,0,0,0,0,0,0,0,3,-4.506,0,-0.2366,-0.6102,0,3,-4.362,0,-0.09286,-0.4665,0,26.69,3,-4.791,0,-0.5217,-0.8953,1,3,0,0,0,0,0,
PSMB9,immune,BELOW,A and own-HS both >=2x below (bias model B disagrees),False,False,False,0.06177,0.03805,0.1576,0/8,0/3,1.066,0.6568,no,0.02562,-,0.5089,,-,7.897,5.205,15.19,25.73,5.347,11.43,21.03,21.84,15.36,20.17,4,-1.36,-1.301,-1.495,-1.812,-2.777,-0.003171,19.41,-1.759,-2.883,2.592,35.42,0,1.323,8.846,-2.269,-2.028,-2.484,-2.509,-2.427,ENSG00000240065,8.66,7.134,1,-1.476,1.013,8,-4.017,0,-0.8637,-4.809,-3.581,0.1113,-4.017,-4.017,0.09263,0,8,-4.716,0,-1.563,-5.075,-3.974,0.09198,-4.716,-4.716,-0.6065,1,7,-2.666,0,0.4872,-3.351,-2.018,0.01361,-2.666,-2.666,1.443,5,8,0,0,0,0,0,0,0,3,-3.635,0,-0.4819,0.4744,0,3,-4.461,0,-1.308,-0.3518,0,11.66,3,-3.663,0,-0.5095,0.4468,1,3,0,0,0,0,0,
NLRC5,immune,NA,<10 CPM in tumor (ambient-corrected exon) and all normal lineages,False,False,False,0.533,0.5681,2.144,0/8,0/3,0.5234,0.5579,no,0.003906,-,0.3048,,-,5.445,10.54,4.983,4.639,0.4803,5.553,4.991,17.72,35.45,25.21,5,-1.538,-1.576,-1.739,-1.207,-2.179,0.9099,26.2,-1.261,-2.313,3.505,15.92,2.173,9.812,41.8,-1.851,-2.133,-1.482,-1.457,-1.535,ENSG00000140853,5.961,4.929,0.3005,1.889,1.02,8,-0.9078,0,0.1146,-1.544,-0.6355,0.05025,-0.817,-1.005,-0.9339,0,8,-0.8158,0,0.2065,-1.876,-0.328,0.02814,-0.7251,-0.9126,-0.8419,0,7,1.1,4,2.122,0.5515,1.666,0.002484,1.191,1.003,1.074,4,8,0,0,0,0,0,0,0,3,-1.046,0,-0.02396,-1.072,0,3,-0.9169,0,0.1054,-0.943,0,1.271,3,0.4826,1,1.505,0.4565,1,3,0,0,0,0,0,
CD274,immune,BELOW,A and own-HS both >=2x below,False,False,False,0.2942,0.119,0.1129,0/8,0/3,0.5627,0.2277,no,0.0006258,-,,,-,0.5712,1.093,3.026,8.853,9.365,4.506,8.167,8.156,11.2,5.042,1,-2.543,-2.554,-2.533,-1.534,-2.95,1.061,5.836,-1.712,-3.136,1.061,1.304,0.1699,1.064,14.42,-2.831,-2.981,-1.863,-1.784,-2.028,ENSG00000120217,0.6525,0.4899,0.3513,-0.0966,1.013,8,-1.765,0,-1.34,-2.154,-0.9392,0.01741,-1.736,-1.795,-0.8295,0,8,-3.07,0,-2.645,-3.229,-2.104,0.02912,-3.041,-3.101,-2.135,0,7,-3.147,0,-2.722,-3.747,-2.936,0.03112,-3.118,-3.177,-2.212,0,8,0,0,0,0,0,0,0,3,-2.235,0,-1.809,-1.299,0,3,-2.97,0,-2.545,-2.034,0,11.66,3,-3.436,0,-3.011,-2.501,0,3,0,0,0,0,0,
CSN3,negative_control,LINEAGE,passes A but not >=2x above own myoepithelium,True,False,False,8.549,39.83,52.5,7/8,2/3,624.4,2909,PASS,1,PASS,154.4,0.8239,PASS,1934,1482,6.87,0.3688,0,0,0,4218,1993,1447,287,-1.125,-0.4015,-0.4511,0.05078,-0.1106,0.2269,137.7,3.435,0.6718,10.55,4625,51.5,1054,1136,-0.2163,0.03355,2.791,0.3754,9.906,ENSG00000171209,1942,1926,0.4867,-1.37,1.276,8,3.096,7,8.299,1.075,5.408,0.0117,3.102,3.09,9.286,8,8,5.316,8,10.52,3.975,5.714,0.0003569,5.321,5.31,11.51,8,7,5.714,7,10.92,5.714,5.714,0,5.72,5.708,11.9,7,8,7,8,8,0,7,7,8,3,5.714,2,10.92,11.9,3,3,5.714,3,10.92,11.9,3,0,3,5.714,3,10.92,11.9,3,3,2,3,3,0,3,
KRT5,negative_control,BELOW,A and own-HS both >=2x below,False,False,False,0.008365,0.09975,0.0007106,0/8,0/3,0.04969,0.5925,no,5.349e-06,-,0.0407,,-,1.586,0.6902,118.6,9.331,1406,100.6,22.23,123.6,57.8,5.042,1,-5.59,-5.233,-5.016,-1.733,-3.149,0.8624,4.56,-1.613,-3.279,0.8624,3.26,0,0.3398,75.54,-5.564,-6.182,-2.418,-2.474,-2.281,ENSG00000186081,1.335,1.837,1,-1.813,1.276,8,-6.901,0,-5.531,-7.293,-6.013,0.3365,-6.901,-6.901,-4.331,0,8,-3.326,0,-1.955,-4.141,-2.637,0.03648,-3.326,-3.326,-0.755,0,7,-10.46,0,-9.088,-11.03,-10.11,0.9266,-10.46,-10.46,-7.888,0,8,0,0,0,0,0,0,0,3,-6.666,0,-5.296,-4.096,0,3,-4.538,0,-3.167,-1.968,0,1031,3,-10.01,0,-8.64,-7.44,0,3,0,0,0,0,0,
PTPRC,negative_control,NA,<10 CPM in tumor (ambient-corrected exon) and all normal lineages,False,False,False,1,1,1,0/8,0/3,4.108,4.108,PASS,0.8139,-,4.028,1,-,30.24,21.32,0,0,0,0.6731,0.2836,88.13,65.08,85.71,17,-1.512,-1.42,-1.703,-1.989,-2.597,-1.087,39.01,-0.8734,-2.395,4.449,186.9,0,2.502,25.4,-2.479,-4.272,-5.322,-5.941,0,ENSG00000081237,29.66,30.83,1,2.442,1.132,8,0,0,4.966,-0.02938,0,0,0,0,2.038,8,8,0,0,4.966,0,0,0,0,0,2.038,8,7,0,0,4.966,0,0,0,0,0,2.038,7,8,0,8,0,0,0,0,8,3,-0.7425,0,4.223,1.296,3,3,-0.3602,0,4.605,1.678,3,0,3,0,0,4.966,2.038,2,3,0,3,0,0,3,
COL1A1,negative_control,NA,<10 CPM in tumor (ambient-corrected exon) and all normal lineages,False,False,False,0.4896,0.1696,0.2722,0/8,0/3,7.523,2.606,PASS,0.6164,-,2.462,1,-,30.74,13.28,1.047,4.896,2.674,1.234,4.084,95.06,41.92,10.08,2,-1.598,-1.674,-1.51,0.4809,-0.7607,3.951,0,3.951,1.106,3.951,119.7,0,0,16.61,-4.358,-3.878,0,0,0,ENSG00000108821,28.26,33.22,1,-0.1058,1.013,8,-1.03,0,3.958,-1.445,-0.749,0.007462,-1.03,-1.03,2.911,8,8,-2.56,0,2.428,-2.651,-2.453,0.02398,-2.56,-2.56,1.382,8,7,-1.877,0,3.111,-2.587,-1.668,0.01118,-1.877,-1.877,2.065,7,8,0,8,0,0,0,0,8,3,-1.16,0,3.829,2.782,3,3,-2.346,0,2.642,1.596,3,3.813,3,-2.267,0,2.721,1.675,2,3,0,3,0,0,3,
GAPDH,housekeeping,LINEAGE,below public normals on A but not >=2x below own HS luminal,False,False,False,0.0005615,0.0009242,0.0006557,0/8,0/3,0.4843,0.7972,no,0.05294,-,0.4784,,-,196,85.14,1780,1086,1524,1367,819.4,423.1,183.9,156.3,31,-1.106,-1.032,-1.167,-0.8452,-1.281,-0.2877,41.47,1.044,-0.8737,6.452,389.5,0,43.63,116.9,-1.254,-1.654,-0.4987,-1.663,4.91,ENSG00000111640,194.2,197.8,0.7845,-3.324,1.276,8,-10.8,0,-3.176,-10.83,-10.44,0.9875,-10.8,-10.8,-1.046,0,8,-10.08,0,-2.457,-10.32,-9.635,0.9379,-10.08,-10.08,-0.327,0,7,-10.57,0,-2.952,-11.19,-10.27,0.9536,-10.57,-10.57,-0.8221,0,8,0,0,0,0,0,0,0,3,-10.42,0,-2.796,-0.6654,0,3,-9.68,0,-2.058,0.07229,0,1324,3,-10.37,0,-2.749,-0.619,0,3,0,0,0,0,0,
ACTB,housekeeping,LINEAGE,below public normals on A but not >=2x below own HS luminal,False,False,False,0.000206,0.0001487,0.0003035,0/8,0/3,0.3994,0.2883,no,0.000645,-,0.2054,,-,360.3,156,4866,6727,3294,4015,5970,1157,502.5,307.6,61,-1.681,-1.668,-1.693,-0.9059,-1.241,-0.5002,75.61,1.104,-0.7554,7.364,813.8,0,66.34,401.1,-2.314,-2.957,-0.671,-1.928,5.588,ENSG00000075624,345.5,375.1,0.8313,-3.626,1.02,8,-12.24,0,-3.748,-12.59,-11.53,0.991,-12.24,-12.24,-1.324,0,8,-12.72,0,-4.218,-13.23,-12.45,0.9909,-12.72,-12.72,-1.794,0,7,-11.69,0,-3.189,-12.01,-11.54,0.9752,-11.69,-11.69,-0.7652,0,8,0,0,0,0,0,0,0,3,-11.97,0,-3.474,-1.051,0,3,-12.54,0,-4.046,-1.623,0,3346,3,-11.71,0,-3.212,-0.7879,0,3,0,0,0,0,0,
MALAT1,housekeeping,NA,not in module-1 exonic recount,False,False,False,,,,NA,NA,,,no,,NA,,,NA,,,,,,,,,,,,,,,,,,,,,,,,,,,,,,,,,,,,,,,,,,,,,,,,,,,,,,,,,,,,,,,,,,,,,,,,,,,,,,,,,,,,,,,,,,,,,,,,,,,,,,,gene missing from public features or module-1 recount
BRCA1,positive_control,PASS,A+W,True,True,True,10.13,6.923,19.13,8/8,3/3,4.907,3.354,PASS,0.6839,PASS,2.805,1,PASS,57.89,56.23,2.158,3.61,0.6684,0.6437,2.553,14.91,13.98,25.21,5,1.888,1.607,2.374,1.1,0.1278,3.217,23.22,1.214,0.03608,5.812,54.32,30.91,56.49,1.42,5.796,3.952,1.295,1.242,1.424,ENSG00000012048,58.81,56.98,0.2331,1.888,1.02,8,3.34,8,4.224,2.618,3.47,0.01374,3.362,3.318,2.295,8,8,2.791,8,3.676,2.403,3.46,0.01693,2.813,2.769,1.746,8,7,4.257,7,5.142,3.327,4.43,0.00276,4.279,4.235,3.212,7,8,8,8,8,8,8,8,8,3,4.279,3,5.163,3.234,3,3,3.167,3,4.051,2.122,3,0,3,4.996,3,5.88,3.951,3,3,3,3,3,3,3,
TP53,positive_control,LINEAGE,A: within 2x of LP or ML in >25% of donors,False,False,False,1.097,1.43,1.659,0/8,1/3,1.185,1.546,no,0.1972,-,1.1,,-,56.83,55.71,35.99,27.31,23.39,19.96,18.46,31.22,24.62,35.29,7,0.8438,0.9488,1.374,0.6465,-0.2281,2.358,33.94,0.7014,-0.3247,5.828,19.72,39.46,60.61,26.19,0.7369,1.896,0.757,0.7315,0.8166,ENSG00000141510,55.7,57.96,0.1528,0.3746,1.013,8,0.133,0,0.6482,0.01145,0.2516,0.2548,0.1048,0.1607,0.2455,0,8,0.516,2,1.031,0.1766,1.015,0.1133,0.4877,0.5436,0.6284,3,7,0.7301,1,1.245,0.4148,0.9293,0.05714,0.7018,0.7578,0.8425,3,8,0,1,0,0,0,0,0,3,0.9493,1,1.464,1.062,2,3,1.056,2,1.571,1.168,2,15.76,3,1.272,2,1.787,1.384,2,3,1,2,2,0,2,
CDKN1A,positive_control,BELOW,A and own-HS both >=2x below,False,False,False,0.01849,0.01238,0.00516,0/8,0/3,0.08402,0.05624,no,2.434e-08,-,0.04341,,-,1.914,1.009,53.36,79.85,192.8,94.1,118,20.43,12.38,20.17,4,-2.879,-2.772,-2.701,-3.371,-4.337,-1.562,25.26,-3.682,-4.542,-1.636,2.282,0,0.8351,15.67,-3.057,-3.337,-4.067,-3.933,-4.333,ENSG00000124762,1.868,1.959,0.7155,-1.178,1.013,8,-5.757,0,-4.214,-5.959,-5.409,0.2093,-5.757,-5.757,-3.573,0,8,-6.336,0,-4.793,-6.974,-6.209,0.2967,-6.336,-6.336,-4.152,0,7,-7.599,0,-6.056,-7.688,-6.84,0.3627,-7.599,-7.599,-5.415,0,8,0,0,0,0,0,0,0,3,-6.571,0,-5.028,-4.388,0,3,-6.894,0,-5.351,-4.711,0,151.2,3,-7.249,0,-5.707,-5.066,0,3,0,0,0,0,0,
