gene,G11_vs_normal_breast,fold_vs_LP,fold_vs_ML,n_donors_exceeded
CD44,LINEAGE,1.32,1.34,0/8
VTCN1,LINEAGE,11.25,2.96,6/8
FOLH1,PASS,19.63,50.02,8/8
ENPP3,PASS,46.48,37.2,8/8
PRLR,LINEAGE,9.32,2.39,5/8
ERBB4,LINEAGE,25.72,2.74,6/8
SLC28A3,PASS,9.81,47.71,8/8
SLC6A14,PASS,6.19,38.1,8/8
HORMAD1,PASS,108.83,123.15,8/8
ATR,LINEAGE,13.09,14.3,8/8
POLQ,PASS,25.78,34.22,8/8
KIF18A,PASS,27.28,27.58,8/8
TACSTD2,BELOW,0.0,0.0,0/8
TOP1,LINEAGE,0.67,0.45,0/8
SLFN11,NA,3.48,2.78,7/8
NECTIN4,LINEAGE,3.13,1.21,0/8
EGFR,LINEAGE,0.37,1.76,0/8
CD276,BELOW,0.2,0.12,0/8
SHANK2,PASS,30.66,24.04,8/8
CCND1,LINEAGE,0.51,0.45,0/8
CTTN,LINEAGE,2.16,1.96,3/8
EWSR1,LINEAGE,5.61,6.41,8/8
SPECC1L,PASS,26.31,22.35,8/8
LDLRAD3,PASS,5.32,3.96,8/8
ELF5,PASS,84.07,311.88,8/8
EHF,PASS,15.34,16.48,8/8
ESRRG,PASS,157.6,79.24,8/8
MECOM,PASS,28.68,78.3,8/8
SOX6,PASS,136.91,299.04,8/8
CARD18,NA,2.71,2.71,8/8
KYNU,LINEAGE,2.61,1.04,3/8
B2M,BELOW,0.0,0.0,0/8
HLA-A,BELOW,0.0,0.0,0/8
TAP1,LINEAGE,0.04,0.03,0/8
PSMB9,BELOW,0.06,0.04,0/8
NLRC5,NA,0.53,0.57,0/8
CD274,BELOW,0.29,0.12,0/8
CSN3,LINEAGE,8.55,39.83,7/8
KRT5,BELOW,0.01,0.1,0/8
PTPRC,NA,1.0,1.0,0/8
COL1A1,NA,0.49,0.17,0/8
GAPDH,LINEAGE,0.0,0.0,0/8
ACTB,LINEAGE,0.0,0.0,0/8
MALAT1,NA,,,NA
BRCA1,PASS,10.13,6.92,8/8
TP53,LINEAGE,1.1,1.43,0/8
CDKN1A,BELOW,0.02,0.01,0/8
