gene,diana_group,atlas_compartment,ref,n_units,diana_cpm,ref_median_cpm,fold_vs_median,diana_percentile
FAP,nt:CAFs,fibroblast,cells,155,478.92402979020744,207.77501,2.2987618668155383,99.35483870967742
FAP,nt:CAFs,fibroblast,nuclei,11,478.92402979020744,879.3072,0.5451779052516332,0.0
FOLH1,nt:Endothelial,endothelial,cells,140,32.5019321362258,11.080929,2.773125533967228,77.14285714285715
FOLH1,nt:Endothelial,endothelial,nuclei,11,32.5019321362258,39.785248,0.8214227923357063,36.36363636363637
ITGB3,nt:Endothelial,endothelial,cells,140,11.870897957459928,7.127486,1.5836259324101032,80.0
ITGB3,nt:Endothelial,endothelial,nuclei,11,11.870897957459928,0.0,12.870897957459928,100.0
ITGAV,nt:Endothelial,endothelial,cells,140,178.76453719787872,59.68519,2.962247333378722,99.28571428571429
ITGAV,nt:Endothelial,endothelial,nuclei,11,178.76453719787872,268.8756,0.6661014567552156,9.090909090909092
CD8A,nt:T-cells,T_NK,cells,217,42.6116849387772,366.53638,0.11865950603398195,0.9216589861751152
CD8A,nt:T-cells,T_NK,nuclei,9,42.6116849387772,106.814995,0.4045048187853588,0.0
CD8B,nt:T-cells,T_NK,cells,217,33.785900663106176,227.31053,0.1523622253290581,0.4608294930875576
CD8B,nt:T-cells,T_NK,nuclei,9,33.785900663106176,65.194824,0.5255078636986984,33.33333333333333
CD274,nt:Myeloid,myeloid,cells,214,21.371892173696843,9.916685,2.0493301730157105,77.57009345794393
CD274,nt:Myeloid,myeloid,nuclei,11,21.371892173696843,30.970678,0.6997628246466198,18.181818181818183
PLAUR,nt:Myeloid,myeloid,cells,214,60.895247096901834,783.99194,0.07884825776939948,0.0
PLAUR,nt:Myeloid,myeloid,nuclei,11,60.895247096901834,259.49802,0.23760352559451792,0.0
CXCR4,nt:T-cells,T_NK,cells,217,44.307982912064105,932.8663,0.04851656417182473,0.9216589861751152
CXCR4,nt:T-cells,T_NK,nuclei,9,44.307982912064105,110.449486,0.40653379955458824,22.22222222222222
CXCR4,nt:Myeloid,myeloid,cells,214,33.87239345551569,223.84822,0.15509303710535777,0.46728971962616817
CXCR4,nt:Myeloid,myeloid,nuclei,11,33.87239345551569,47.059814,0.7256039968595464,18.181818181818183
FOLH1,tumour,malignant,cells,118,146.074042134428,2.7979412,38.72467583991432,100.0
FOLH1,tumour,malignant,nuclei,11,146.074042134428,3.8285403,30.459317356826354,100.0
