key,type,contig,position,ref,alt,tumor_depth,normal_depth,min_depth
chr1:36883323:G:A,snv,chr1,36883323,G,A,1,1,1
chr1:118948876:G:A,snv,chr1,118948876,G,A,1,1,1
chr1:177291137:T:C,snv,chr1,177291137,T,C,1,1,1
chr1:197493388:G:A,snv,chr1,197493388,G,A,1,1,1
chr1:209797202:C:A,snv,chr1,209797202,C,A,1,1,1
chr10:67328366:G:A,snv,chr10,67328366,G,A,2,1,1
chr10:120652088:A:G,snv,chr10,120652088,A,G,1,1,1
chr11:27565836:C:T,snv,chr11,27565836,C,T,1,1,1
chr11:66696000:G:T,snv,chr11,66696000,G,T,1,1,1
chr11:102145213:C:G,snv,chr11,102145213,C,G,2,1,1
chr12:9926955:C:T,snv,chr12,9926955,C,T,1,1,1
chr12:21652464:C:T,snv,chr12,21652464,C,T,1,1,1
chr12:25752212:A:T,snv,chr12,25752212,A,T,1,1,1
chr13:105136702:G:C,snv,chr13,105136702,G,C,1,1,1
chr14:19753921:C:T,snv,chr14,19753921,C,T,2,1,1
chr14:47096182:T:A,snv,chr14,47096182,T,A,1,2,1
chr14:59418110:AGTATGATTTGAACCAATCTC:A,indel,chr14,59418110,AGTATGATTTGAACCAATCTC,A,2,1,1
chr14:86259396:G:T,snv,chr14,86259396,G,T,2,1,1
chr14:87224877:A:T,snv,chr14,87224877,A,T,1,1,1
chr14:87741546:C:A,snv,chr14,87741546,C,A,1,2,1
chr14:92515490:A:G,snv,chr14,92515490,A,G,1,1,1
chr14:97423679:C:A,snv,chr14,97423679,C,A,1,1,1
chr15:46552117:G:C,snv,chr15,46552117,G,C,1,1,1
chr15:55900108:G:C,snv,chr15,55900108,G,C,2,1,1
chr15:61628416:T:A,snv,chr15,61628416,T,A,1,1,1
chr15:61734578:G:T,snv,chr15,61734578,G,T,1,1,1
chr15:80853658:A:T,snv,chr15,80853658,A,T,1,1,1
chr15:99292079:C:A,snv,chr15,99292079,C,A,1,1,1
chr16:11651625:C:G,snv,chr16,11651625,C,G,2,1,1
chr16:30447459:T:C,snv,chr16,30447459,T,C,2,1,1
chr17:7777772:T:C,snv,chr17,7777772,T,C,1,1,1
chr18:35426763:C:T,snv,chr18,35426763,C,T,1,1,1
chr18:40448973:G:A,snv,chr18,40448973,G,A,1,1,1
chr19:35726507:C:T,snv,chr19,35726507,C,T,1,4,1
chr19:43151157:C:T,snv,chr19,43151157,C,T,1,1,1
chr2:42911598:G:A,snv,chr2,42911598,G,A,1,2,1
chr2:44855806:C:T,snv,chr2,44855806,C,T,1,1,1
chr2:51658280:A:T,snv,chr2,51658280,A,T,1,1,1
chr2:137237612:GTTATCAAAAGTCTT:G,indel,chr2,137237612,GTTATCAAAAGTCTT,G,1,1,1
chr2:146141185:G:C,snv,chr2,146141185,G,C,4,1,1
chr2:165264421:C:G,snv,chr2,165264421,C,G,1,1,1
chr20:30881659:C:T,snv,chr20,30881659,C,T,1,1,1
chr20:59489762:C:T,snv,chr20,59489762,C,T,1,1,1
chr21:36390829:G:C,snv,chr21,36390829,G,C,1,1,1
chr22:37353377:C:T,snv,chr22,37353377,C,T,1,2,1
chr3:28875475:A:C,snv,chr3,28875475,A,C,1,1,1
chr3:41903015:G:A,snv,chr3,41903015,G,A,1,1,1
chr3:50966683:G:A,snv,chr3,50966683,G,A,1,2,1
chr3:84778792:C:G,snv,chr3,84778792,C,G,1,1,1
chr3:89219446:A:G,snv,chr3,89219446,A,G,1,1,1
chr3:90015182:G:C,snv,chr3,90015182,G,C,1,1,1
chr3:90413407:A:G,snv,chr3,90413407,A,G,1,1,1
chr3:151862923:T:C,snv,chr3,151862923,T,C,2,1,1
chr3:160589294:G:T,snv,chr3,160589294,G,T,1,1,1
chr3:176731663:C:G,snv,chr3,176731663,C,G,1,1,1
chr4:47144818:GA:G,indel,chr4,47144818,GA,G,1,1,1
chr4:87883180:C:A,snv,chr4,87883180,C,A,1,1,1
chr4:98928161:C:T,snv,chr4,98928161,C,T,1,1,1
chr4:122319913:C:T,snv,chr4,122319913,C,T,1,1,1
chr4:135329729:G:T,snv,chr4,135329729,G,T,1,1,1
chr4:153871302:A:C,snv,chr4,153871302,A,C,1,1,1
chr4:170693269:A:C,snv,chr4,170693269,A,C,2,1,1
chr4:172040271:G:C,snv,chr4,172040271,G,C,1,1,1
chr4:178964938:C:A,snv,chr4,178964938,C,A,3,1,1
chr5:14010240:G:A,snv,chr5,14010240,G,A,1,1,1
chr5:19993444:A:G,snv,chr5,19993444,A,G,1,1,1
chr5:34634857:A:T,snv,chr5,34634857,A,T,1,1,1
chr5:46202481:C:T,snv,chr5,46202481,C,T,2,1,1
chr5:78256950:C:T,snv,chr5,78256950,C,T,1,1,1
chr5:93341262:C:G,snv,chr5,93341262,C,G,1,1,1
chr6:98478858:G:T,snv,chr6,98478858,G,T,1,1,1
chr6:116445453:A:G,snv,chr6,116445453,A,G,1,1,1
chr6:124567453:T:A,snv,chr6,124567453,T,A,1,2,1
chr7:39231183:G:C,snv,chr7,39231183,G,C,1,1,1
chr7:44977726:C:G,snv,chr7,44977726,C,G,1,1,1
chr7:80555122:A:T,snv,chr7,80555122,A,T,1,1,1
chr7:82075766:C:G,snv,chr7,82075766,C,G,1,1,1
chr7:85455984:A:C,snv,chr7,85455984,A,C,1,1,1
chr7:88334696:C:T,snv,chr7,88334696,C,T,1,1,1
chr7:104636403:G:A,snv,chr7,104636403,G,A,1,1,1
chr7:108108011:GCTCACTGTAGCCTCAA:G,indel,chr7,108108011,GCTCACTGTAGCCTCAA,G,1,1,1
chr7:113805232:G:T,snv,chr7,113805232,G,T,1,1,1
chr7:119701715:C:A,snv,chr7,119701715,C,A,2,1,1
chr7:119750097:A:C,snv,chr7,119750097,A,C,2,1,1
chr7:125840897:C:G,snv,chr7,125840897,C,G,1,1,1
chr7:136158412:C:A,snv,chr7,136158412,C,A,1,1,1
chr7:154551475:T:C,snv,chr7,154551475,T,C,1,1,1
chr8:59100340:G:C,snv,chr8,59100340,G,C,1,1,1
chr8:86905316:G:A,snv,chr8,86905316,G,A,1,1,1
chr8:112261350:C:A,snv,chr8,112261350,C,A,1,1,1
chr8:112261351:C:T,snv,chr8,112261351,C,T,1,1,1
chr8:112982467:C:T,snv,chr8,112982467,C,T,1,1,1
chr8:119017340:C:T,snv,chr8,119017340,C,T,1,1,1
chr8:134876717:G:C,snv,chr8,134876717,G,C,1,1,1
chr8:136764115:C:T,snv,chr8,136764115,C,T,1,1,1
chr9:3020154:G:C,snv,chr9,3020154,G,C,1,1,1
chr9:15740682:C:A,snv,chr9,15740682,C,A,1,1,1
chr9:19549883:G:C,snv,chr9,19549883,G,C,1,2,1
chr9:79231360:C:T,snv,chr9,79231360,C,T,1,1,1
chr9:113485515:A:T,snv,chr9,113485515,A,T,1,1,1
