contig,start,end,length,tumor_depth_sum,normal_depth_sum,tumor_mean_depth,normal_mean_depth,log2_tumor_normal,coverage_class
chr1,0,5000000,5000000,187977,224611,0.037595,0.044922,-0.2562,neutral_or_low_signal
chr1,5000000,10000000,5000000,225402,255584,0.04508,0.051117,-0.1809,neutral_or_low_signal
chr1,10000000,15000000,5000000,255819,246829,0.051164,0.049366,0.0515,neutral_or_low_signal
chr1,15000000,20000000,5000000,256457,253182,0.051291,0.050636,0.0185,neutral_or_low_signal
chr1,20000000,25000000,5000000,259906,236452,0.051981,0.04729,0.1362,neutral_or_low_signal
chr1,25000000,30000000,5000000,263036,269807,0.052607,0.053961,-0.0366,neutral_or_low_signal
chr1,30000000,35000000,5000000,252270,244823,0.050454,0.048965,0.0431,neutral_or_low_signal
chr1,35000000,40000000,5000000,242354,261607,0.048471,0.052321,-0.1101,neutral_or_low_signal
chr1,40000000,45000000,5000000,308383,247526,0.061677,0.049505,0.3166,neutral_or_low_signal
chr1,45000000,50000000,5000000,293976,264226,0.058795,0.052845,0.1537,neutral_or_low_signal
chr1,50000000,55000000,5000000,223149,269692,0.04463,0.053938,-0.2727,neutral_or_low_signal
chr1,55000000,60000000,5000000,182406,250884,0.036481,0.050177,-0.4588,neutral_or_low_signal
chr1,60000000,65000000,5000000,183718,255800,0.036744,0.05116,-0.4764,neutral_or_low_signal
chr1,65000000,70000000,5000000,179179,272763,0.035836,0.054553,-0.6049,relative_loss
chr1,70000000,75000000,5000000,113904,261793,0.022781,0.052359,-1.197,relative_loss
chr1,75000000,80000000,5000000,190611,258941,0.038122,0.051788,-0.441,neutral_or_low_signal
chr1,80000000,85000000,5000000,238985,265307,0.047797,0.053061,-0.1504,neutral_or_low_signal
chr1,85000000,90000000,5000000,443646,279792,0.088729,0.055958,0.6641,relative_gain
chr1,90000000,95000000,5000000,341951,274309,0.06839,0.054862,0.3175,neutral_or_low_signal
chr1,95000000,100000000,5000000,208148,266698,0.04163,0.05334,-0.3568,neutral_or_low_signal
chr1,100000000,105000000,5000000,178869,274438,0.035774,0.054888,-0.6162,relative_loss
chr1,105000000,110000000,5000000,178253,254364,0.035651,0.050873,-0.5118,relative_loss
chr1,110000000,115000000,5000000,186017,273810,0.037203,0.054762,-0.5565,relative_loss
chr1,115000000,120000000,5000000,281485,254436,0.056297,0.050887,0.1455,neutral_or_low_signal
chr1,120000000,125000000,5000000,929852,802346,0.18597,0.160469,0.2127,neutral_or_low_signal
chr1,125000000,130000000,5000000,233601,246909,0.04672,0.049382,-0.0798,neutral_or_low_signal
chr1,130000000,135000000,5000000,0,0,0.0,0.0,0.0,neutral_or_low_signal
chr1,135000000,140000000,5000000,0,0,0.0,0.0,0.0,neutral_or_low_signal
chr1,140000000,145000000,5000000,413213,428748,0.082643,0.08575,-0.0532,neutral_or_low_signal
chr1,145000000,150000000,5000000,262112,251868,0.052422,0.050374,0.0574,neutral_or_low_signal
chr1,150000000,155000000,5000000,246245,261014,0.049249,0.052203,-0.0839,neutral_or_low_signal
chr1,155000000,160000000,5000000,253960,267362,0.050792,0.053472,-0.0741,neutral_or_low_signal
chr1,160000000,165000000,5000000,263536,261086,0.052707,0.052217,0.0134,neutral_or_low_signal
chr1,165000000,170000000,5000000,273326,268552,0.054665,0.05371,0.0254,neutral_or_low_signal
chr1,170000000,175000000,5000000,287766,271729,0.057553,0.054346,0.0826,neutral_or_low_signal
chr1,175000000,180000000,5000000,280280,256595,0.056056,0.051319,0.1271,neutral_or_low_signal
chr1,180000000,185000000,5000000,285913,275833,0.057183,0.055167,0.0517,neutral_or_low_signal
chr1,185000000,190000000,5000000,266485,270609,0.053297,0.054122,-0.0221,neutral_or_low_signal
chr1,190000000,195000000,5000000,273938,243310,0.054788,0.048662,0.1707,neutral_or_low_signal
chr1,195000000,200000000,5000000,280446,263173,0.056089,0.052635,0.0915,neutral_or_low_signal
chr1,200000000,205000000,5000000,251884,260945,0.050377,0.052189,-0.0509,neutral_or_low_signal
chr1,205000000,210000000,5000000,219908,254809,0.043982,0.050962,-0.2121,neutral_or_low_signal
chr1,210000000,215000000,5000000,237644,269222,0.047529,0.053844,-0.1796,neutral_or_low_signal
chr1,215000000,220000000,5000000,222022,266150,0.044404,0.05323,-0.261,neutral_or_low_signal
chr1,220000000,225000000,5000000,234764,257535,0.046953,0.051507,-0.1333,neutral_or_low_signal
chr1,225000000,230000000,5000000,232660,248754,0.046532,0.049751,-0.0963,neutral_or_low_signal
chr1,230000000,235000000,5000000,229886,263039,0.045977,0.052608,-0.194,neutral_or_low_signal
chr1,235000000,240000000,5000000,226034,260399,0.045207,0.05208,-0.2038,neutral_or_low_signal
chr1,240000000,245000000,5000000,230995,254912,0.046199,0.050982,-0.1418,neutral_or_low_signal
chr1,245000000,248956422,3956422,171814,202244,0.043427,0.051118,-0.2348,neutral_or_low_signal
chr2,0,5000000,5000000,247172,241199,0.049434,0.04824,0.0352,neutral_or_low_signal
chr2,5000000,10000000,5000000,256355,245482,0.051271,0.049096,0.0624,neutral_or_low_signal
chr2,10000000,15000000,5000000,144056,251220,0.028811,0.050244,-0.8002,relative_loss
chr2,15000000,20000000,5000000,157662,247872,0.031532,0.049574,-0.6511,relative_loss
chr2,20000000,25000000,5000000,147546,259706,0.029509,0.051941,-0.8136,relative_loss
chr2,25000000,30000000,5000000,244624,271067,0.048925,0.054213,-0.1478,neutral_or_low_signal
chr2,30000000,35000000,5000000,267648,320137,0.05353,0.064027,-0.2579,neutral_or_low_signal
chr2,35000000,40000000,5000000,183148,277809,0.03663,0.055562,-0.5997,relative_loss
chr2,40000000,45000000,5000000,182068,270275,0.036414,0.054055,-0.5687,relative_loss
chr2,45000000,50000000,5000000,273739,252752,0.054748,0.05055,0.1149,neutral_or_low_signal
chr2,50000000,55000000,5000000,279834,251395,0.055967,0.050279,0.1543,neutral_or_low_signal
chr2,55000000,60000000,5000000,250233,274243,0.050047,0.054849,-0.1319,neutral_or_low_signal
chr2,60000000,65000000,5000000,230019,272136,0.046004,0.054427,-0.2421,neutral_or_low_signal
chr2,65000000,70000000,5000000,162878,272968,0.032576,0.054594,-0.7432,relative_loss
chr2,70000000,75000000,5000000,188074,263605,0.037615,0.052721,-0.486,neutral_or_low_signal
chr2,75000000,80000000,5000000,179107,250835,0.035821,0.050167,-0.4848,neutral_or_low_signal
chr2,80000000,85000000,5000000,191086,263726,0.038217,0.052745,-0.4638,neutral_or_low_signal
chr2,85000000,90000000,5000000,336165,251059,0.067233,0.050212,0.4204,neutral_or_low_signal
chr2,90000000,95000000,5000000,314469,210956,0.062894,0.042191,0.5749,relative_gain
chr2,95000000,100000000,5000000,305080,264863,0.061016,0.052973,0.2036,neutral_or_low_signal
chr2,100000000,105000000,5000000,195024,241286,0.039005,0.048257,-0.3064,neutral_or_low_signal
chr2,105000000,110000000,5000000,95204,265285,0.019041,0.053057,-1.4736,relative_loss
chr2,110000000,115000000,5000000,105960,270558,0.021192,0.054112,-1.3483,relative_loss
chr2,115000000,120000000,5000000,203732,253288,0.040746,0.050658,-0.3134,neutral_or_low_signal
chr2,120000000,125000000,5000000,202019,250478,0.040404,0.050096,-0.3095,neutral_or_low_signal
chr2,125000000,130000000,5000000,210965,234615,0.042193,0.046923,-0.1529,neutral_or_low_signal
chr2,130000000,135000000,5000000,207637,268402,0.041527,0.05368,-0.3695,neutral_or_low_signal
chr2,135000000,140000000,5000000,218883,270757,0.043777,0.054151,-0.3062,neutral_or_low_signal
chr2,140000000,145000000,5000000,223189,267248,0.044638,0.05345,-0.2594,neutral_or_low_signal
chr2,145000000,150000000,5000000,220168,273347,0.044034,0.054669,-0.3115,neutral_or_low_signal
chr2,150000000,155000000,5000000,213722,243622,0.042744,0.048724,-0.1885,neutral_or_low_signal
chr2,155000000,160000000,5000000,222820,276046,0.044564,0.055209,-0.3084,neutral_or_low_signal
chr2,160000000,165000000,5000000,277429,270148,0.055486,0.05403,0.0383,neutral_or_low_signal
chr2,165000000,170000000,5000000,318582,256503,0.063716,0.051301,0.3121,neutral_or_low_signal
chr2,170000000,175000000,5000000,316774,272073,0.063355,0.054415,0.2191,neutral_or_low_signal
chr2,175000000,180000000,5000000,321519,273341,0.064304,0.054668,0.2338,neutral_or_low_signal
chr2,180000000,185000000,5000000,310103,288270,0.062021,0.057654,0.1052,neutral_or_low_signal
chr2,185000000,190000000,5000000,308854,264008,0.061771,0.052802,0.2259,neutral_or_low_signal
chr2,190000000,195000000,5000000,201754,262353,0.040351,0.052471,-0.3781,neutral_or_low_signal
chr2,195000000,200000000,5000000,171982,283232,0.034396,0.056646,-0.7181,relative_loss
chr2,200000000,205000000,5000000,206674,254847,0.041335,0.050969,-0.3016,neutral_or_low_signal
chr2,205000000,210000000,5000000,189634,265581,0.037927,0.053116,-0.4848,neutral_or_low_signal
chr2,210000000,215000000,5000000,205324,267804,0.041065,0.053561,-0.3825,neutral_or_low_signal
chr2,215000000,220000000,5000000,188357,264781,0.037671,0.052956,-0.4902,neutral_or_low_signal
chr2,220000000,225000000,5000000,210910,245418,0.042182,0.049084,-0.2181,neutral_or_low_signal
chr2,225000000,230000000,5000000,374108,260652,0.074822,0.05213,0.5205,relative_gain
chr2,230000000,235000000,5000000,305134,262399,0.061027,0.05248,0.2173,neutral_or_low_signal
chr2,235000000,240000000,5000000,258366,238896,0.051673,0.047779,0.1128,neutral_or_low_signal
chr2,240000000,242193529,2193529,112038,96389,0.051077,0.043942,0.2166,neutral_or_low_signal
chr3,0,5000000,5000000,265531,267497,0.053106,0.053499,-0.0106,neutral_or_low_signal
chr3,5000000,10000000,5000000,256483,267810,0.051297,0.053562,-0.0622,neutral_or_low_signal
chr3,10000000,15000000,5000000,244980,254695,0.048996,0.050939,-0.056,neutral_or_low_signal
chr3,15000000,20000000,5000000,257305,260080,0.051461,0.052016,-0.0154,neutral_or_low_signal
chr3,20000000,25000000,5000000,272905,275338,0.054581,0.055068,-0.0128,neutral_or_low_signal
chr3,25000000,30000000,5000000,272559,248952,0.054512,0.04979,0.1305,neutral_or_low_signal
chr3,30000000,35000000,5000000,283221,254707,0.056644,0.050941,0.1528,neutral_or_low_signal
chr3,35000000,40000000,5000000,267113,257514,0.053423,0.051503,0.0527,neutral_or_low_signal
chr3,40000000,45000000,5000000,260337,251640,0.052067,0.050328,0.0489,neutral_or_low_signal
chr3,45000000,50000000,5000000,284109,261870,0.056822,0.052374,0.1174,neutral_or_low_signal
chr3,50000000,55000000,5000000,265910,265212,0.053182,0.053042,0.0038,neutral_or_low_signal
chr3,55000000,60000000,5000000,227898,267126,0.04558,0.053425,-0.2287,neutral_or_low_signal
chr3,60000000,65000000,5000000,196538,265130,0.039308,0.053026,-0.4309,neutral_or_low_signal
chr3,65000000,70000000,5000000,162114,259261,0.032423,0.051852,-0.6757,relative_loss
chr3,70000000,75000000,5000000,241988,249881,0.048398,0.049976,-0.0462,neutral_or_low_signal
chr3,75000000,80000000,5000000,213470,267782,0.042694,0.053556,-0.3263,neutral_or_low_signal
chr3,80000000,85000000,5000000,236810,260199,0.047362,0.05204,-0.1356,neutral_or_low_signal
chr3,85000000,90000000,5000000,308943,265284,0.061789,0.053057,0.2194,neutral_or_low_signal
chr3,90000000,95000000,5000000,449283,603454,0.089857,0.120691,-0.4252,neutral_or_low_signal
chr3,95000000,100000000,5000000,170616,250670,0.034123,0.050134,-0.5537,relative_loss
chr3,100000000,105000000,5000000,183766,264763,0.036753,0.052953,-0.5256,relative_loss
chr3,105000000,110000000,5000000,177622,258900,0.035524,0.05178,-0.5423,relative_loss
chr3,110000000,115000000,5000000,168166,274928,0.033633,0.054986,-0.7075,relative_loss
chr3,115000000,120000000,5000000,160671,271615,0.032134,0.054323,-0.7556,relative_loss
chr3,120000000,125000000,5000000,175383,271573,0.035077,0.054315,-0.6294,relative_loss
chr3,125000000,130000000,5000000,240169,243233,0.048034,0.048647,-0.0183,neutral_or_low_signal
chr3,130000000,135000000,5000000,344857,257774,0.068971,0.051555,0.4192,neutral_or_low_signal
chr3,135000000,140000000,5000000,370148,265003,0.07403,0.053001,0.4813,neutral_or_low_signal
chr3,140000000,145000000,5000000,380103,275599,0.076021,0.05512,0.4631,neutral_or_low_signal
chr3,145000000,150000000,5000000,342066,263300,0.068413,0.05266,0.3769,neutral_or_low_signal
chr3,150000000,155000000,5000000,333228,275542,0.066646,0.055108,0.2738,neutral_or_low_signal
chr3,155000000,160000000,5000000,338202,251038,0.06764,0.050208,0.4292,neutral_or_low_signal
chr3,160000000,165000000,5000000,215809,263679,0.043162,0.052736,-0.2884,neutral_or_low_signal
chr3,165000000,170000000,5000000,176449,260209,0.03529,0.052042,-0.5591,relative_loss
chr3,170000000,175000000,5000000,307832,268697,0.061566,0.053739,0.1958,neutral_or_low_signal
chr3,175000000,180000000,5000000,310879,266708,0.062176,0.053342,0.2207,neutral_or_low_signal
chr3,180000000,185000000,5000000,282819,262036,0.056564,0.052407,0.1099,neutral_or_low_signal
chr3,185000000,190000000,5000000,243405,227456,0.048681,0.045491,0.0976,neutral_or_low_signal
chr3,190000000,195000000,5000000,217716,256249,0.043543,0.05125,-0.2346,neutral_or_low_signal
chr3,195000000,198295559,3295559,116357,182432,0.035307,0.055357,-0.6473,relative_loss
chr4,0,5000000,5000000,168147,220653,0.033629,0.044131,-0.391,neutral_or_low_signal
chr4,5000000,10000000,5000000,160811,232302,0.032162,0.04646,-0.5293,relative_loss
chr4,10000000,15000000,5000000,153292,239272,0.030658,0.047854,-0.6407,relative_loss
chr4,15000000,20000000,5000000,90586,253283,0.018117,0.050657,-1.4783,relative_loss
chr4,20000000,25000000,5000000,99692,235125,0.019938,0.047025,-1.2337,relative_loss
chr4,25000000,30000000,5000000,211533,262028,0.042307,0.052406,-0.3082,neutral_or_low_signal
chr4,30000000,35000000,5000000,210556,241760,0.042111,0.048352,-0.1989,neutral_or_low_signal
chr4,35000000,40000000,5000000,202979,268579,0.040596,0.053716,-0.4031,neutral_or_low_signal
chr4,40000000,45000000,5000000,210607,254943,0.042121,0.050989,-0.275,neutral_or_low_signal
chr4,45000000,50000000,5000000,545740,635642,0.109148,0.127128,-0.2198,neutral_or_low_signal
chr4,50000000,55000000,5000000,256171,286576,0.051234,0.057315,-0.1615,neutral_or_low_signal
chr4,55000000,60000000,5000000,225745,233412,0.045149,0.046682,-0.0481,neutral_or_low_signal
chr4,60000000,65000000,5000000,227534,240730,0.045507,0.048146,-0.0812,neutral_or_low_signal
chr4,65000000,70000000,5000000,222839,251584,0.044568,0.050317,-0.1747,neutral_or_low_signal
chr4,70000000,75000000,5000000,258003,261948,0.051601,0.05239,-0.0219,neutral_or_low_signal
chr4,75000000,80000000,5000000,232146,264842,0.046429,0.052968,-0.1897,neutral_or_low_signal
chr4,80000000,85000000,5000000,213435,267584,0.042687,0.053517,-0.3255,neutral_or_low_signal
chr4,85000000,90000000,5000000,262412,261627,0.052482,0.052325,0.0043,neutral_or_low_signal
chr4,90000000,95000000,5000000,284383,254200,0.056877,0.05084,0.1616,neutral_or_low_signal
chr4,95000000,100000000,5000000,366306,254432,0.073261,0.050886,0.5249,relative_gain
chr4,100000000,105000000,5000000,300659,250057,0.060132,0.050011,0.2654,neutral_or_low_signal
chr4,105000000,110000000,5000000,287443,257923,0.057489,0.051585,0.156,neutral_or_low_signal
chr4,110000000,115000000,5000000,295603,271058,0.059121,0.054212,0.1248,neutral_or_low_signal
chr4,115000000,120000000,5000000,295039,267539,0.059008,0.053508,0.1409,neutral_or_low_signal
chr4,120000000,125000000,5000000,284244,261251,0.056849,0.05225,0.1215,neutral_or_low_signal
chr4,125000000,130000000,5000000,285425,256138,0.057085,0.051228,0.1559,neutral_or_low_signal
chr4,130000000,135000000,5000000,253498,253481,0.0507,0.050696,0.0001,neutral_or_low_signal
chr4,135000000,140000000,5000000,195541,243302,0.039108,0.04866,-0.3146,neutral_or_low_signal
chr4,140000000,145000000,5000000,151002,268587,0.0302,0.053717,-0.8287,relative_loss
chr4,145000000,150000000,5000000,129741,265271,0.025948,0.053054,-1.029,relative_loss
chr4,150000000,155000000,5000000,146947,276149,0.029389,0.05523,-0.9079,relative_loss
chr4,155000000,160000000,5000000,133864,293526,0.026773,0.058705,-1.1298,relative_loss
chr4,160000000,165000000,5000000,121015,257796,0.024203,0.051559,-1.0879,relative_loss
chr4,165000000,170000000,5000000,157342,253687,0.031468,0.050737,-0.6874,relative_loss
chr4,170000000,175000000,5000000,183989,262154,0.036798,0.052431,-0.5096,relative_loss
chr4,175000000,180000000,5000000,182387,255591,0.036477,0.051118,-0.4857,neutral_or_low_signal
chr4,180000000,185000000,5000000,184213,252079,0.036843,0.050416,-0.4514,neutral_or_low_signal
chr4,185000000,190000000,5000000,197110,238284,0.039422,0.047657,-0.2731,neutral_or_low_signal
chr4,190000000,190214555,214555,38936,38820,0.181473,0.180933,0.0043,neutral_or_low_signal
chr5,0,5000000,5000000,499309,242156,0.099862,0.048431,1.0425,relative_gain
chr5,5000000,10000000,5000000,442119,242238,0.088424,0.048448,0.8667,relative_gain
chr5,10000000,15000000,5000000,347350,271836,0.06947,0.054367,0.3531,neutral_or_low_signal
chr5,15000000,20000000,5000000,346812,262863,0.069362,0.052573,0.3992,neutral_or_low_signal
chr5,20000000,25000000,5000000,333957,252404,0.066791,0.050481,0.4032,neutral_or_low_signal
chr5,25000000,30000000,5000000,329925,246941,0.065985,0.049388,0.4172,neutral_or_low_signal
chr5,30000000,35000000,5000000,335745,263758,0.067149,0.052752,0.3476,neutral_or_low_signal
chr5,35000000,40000000,5000000,325890,259639,0.065178,0.051928,0.3273,neutral_or_low_signal
chr5,40000000,45000000,5000000,262725,263956,0.052545,0.052791,-0.0067,neutral_or_low_signal
chr5,45000000,50000000,5000000,312110,314471,0.062422,0.062894,-0.0109,neutral_or_low_signal
chr5,50000000,55000000,5000000,179508,250434,0.035902,0.050087,-0.4792,neutral_or_low_signal
chr5,55000000,60000000,5000000,187544,280982,0.037509,0.056196,-0.582,relative_loss
chr5,60000000,65000000,5000000,158104,257856,0.031621,0.051571,-0.7039,relative_loss
chr5,65000000,70000000,5000000,181536,257011,0.036307,0.051402,-0.5004,relative_loss
chr5,70000000,75000000,5000000,154998,255677,0.031,0.051135,-0.7202,relative_loss
chr5,75000000,80000000,5000000,167410,262931,0.033482,0.052586,-0.6497,relative_loss
chr5,80000000,85000000,5000000,175146,248714,0.035029,0.049743,-0.5047,relative_loss
chr5,85000000,90000000,5000000,169176,276889,0.033835,0.055378,-0.7091,relative_loss
chr5,90000000,95000000,5000000,178189,284579,0.035638,0.056916,-0.6739,relative_loss
chr5,95000000,100000000,5000000,171359,276790,0.034272,0.055358,-0.6902,relative_loss
chr5,100000000,105000000,5000000,184718,285228,0.036944,0.057046,-0.6254,relative_loss
chr5,105000000,110000000,5000000,158911,262049,0.031782,0.05241,-0.7198,relative_loss
chr5,110000000,115000000,5000000,169352,252826,0.03387,0.050565,-0.5767,relative_loss
chr5,115000000,120000000,5000000,163146,269482,0.032629,0.053896,-0.7223,relative_loss
chr5,120000000,125000000,5000000,173536,259662,0.034707,0.051932,-0.58,relative_loss
chr5,125000000,130000000,5000000,183111,254365,0.036622,0.050873,-0.4731,neutral_or_low_signal
chr5,130000000,135000000,5000000,186240,262662,0.037248,0.052532,-0.4949,neutral_or_low_signal
chr5,135000000,140000000,5000000,176316,261464,0.035263,0.052293,-0.5671,relative_loss
chr5,140000000,145000000,5000000,255034,258251,0.051007,0.05165,-0.018,neutral_or_low_signal
chr5,145000000,150000000,5000000,237894,265267,0.047579,0.053053,-0.1568,neutral_or_low_signal
chr5,150000000,155000000,5000000,232917,242939,0.046583,0.048588,-0.0607,neutral_or_low_signal
chr5,155000000,160000000,5000000,257660,277231,0.051532,0.055446,-0.1054,neutral_or_low_signal
chr5,160000000,165000000,5000000,233615,263223,0.046723,0.052645,-0.1718,neutral_or_low_signal
chr5,165000000,170000000,5000000,243190,234683,0.048638,0.046937,0.0513,neutral_or_low_signal
chr5,170000000,175000000,5000000,233523,249969,0.046705,0.049994,-0.098,neutral_or_low_signal
chr5,175000000,180000000,5000000,226897,250117,0.045379,0.050023,-0.1403,neutral_or_low_signal
chr5,180000000,181538259,1538259,67772,69718,0.044058,0.045323,-0.0408,neutral_or_low_signal
chr6,0,5000000,5000000,379808,137196,0.075962,0.027439,1.4657,relative_gain
chr6,5000000,10000000,5000000,356713,130413,0.071343,0.026083,1.4482,relative_gain
chr6,10000000,15000000,5000000,320479,135332,0.064096,0.027066,1.2407,relative_gain
chr6,15000000,20000000,5000000,313969,131528,0.062794,0.026306,1.2521,relative_gain
chr6,20000000,25000000,5000000,324994,120569,0.064999,0.024114,1.4268,relative_gain
chr6,25000000,30000000,5000000,328222,121406,0.065644,0.024281,1.4311,relative_gain
chr6,30000000,35000000,5000000,305790,116971,0.061158,0.023394,1.3826,relative_gain
chr6,35000000,40000000,5000000,274589,128445,0.054918,0.025689,1.0931,relative_gain
chr6,40000000,45000000,5000000,303152,124884,0.06063,0.024977,1.2761,relative_gain
chr6,45000000,50000000,5000000,208658,138393,0.041732,0.027679,0.5906,relative_gain
chr6,50000000,55000000,5000000,160941,132407,0.032188,0.026481,0.2806,neutral_or_low_signal
chr6,55000000,60000000,5000000,233643,185352,0.046729,0.03707,0.3332,neutral_or_low_signal
chr6,60000000,65000000,5000000,236883,245266,0.047377,0.049053,-0.0501,neutral_or_low_signal
chr6,65000000,70000000,5000000,172422,254296,0.034484,0.050859,-0.5592,relative_loss
chr6,70000000,75000000,5000000,348733,270471,0.069747,0.054094,0.3661,neutral_or_low_signal
chr6,75000000,80000000,5000000,189646,253466,0.037929,0.050693,-0.4175,neutral_or_low_signal
chr6,80000000,85000000,5000000,192697,251921,0.038539,0.050384,-0.3858,neutral_or_low_signal
chr6,85000000,90000000,5000000,133607,264998,0.026721,0.053,-0.9853,relative_loss
chr6,90000000,95000000,5000000,62372,263052,0.012474,0.05261,-2.0676,relative_loss
chr6,95000000,100000000,5000000,90425,244741,0.018085,0.048948,-1.4315,relative_loss
chr6,100000000,105000000,5000000,72780,258320,0.014556,0.051664,-1.8205,relative_loss
chr6,105000000,110000000,5000000,221030,264920,0.044206,0.052984,-0.2608,neutral_or_low_signal
chr6,110000000,115000000,5000000,241547,275133,0.048309,0.055027,-0.1875,neutral_or_low_signal
chr6,115000000,120000000,5000000,361913,260208,0.072383,0.052042,0.4752,neutral_or_low_signal
chr6,120000000,125000000,5000000,291232,256569,0.058246,0.051314,0.1825,neutral_or_low_signal
chr6,125000000,130000000,5000000,245548,269104,0.04911,0.053821,-0.1319,neutral_or_low_signal
chr6,130000000,135000000,5000000,232042,249959,0.046408,0.049992,-0.1071,neutral_or_low_signal
chr6,135000000,140000000,5000000,232656,258750,0.046531,0.05175,-0.153,neutral_or_low_signal
chr6,140000000,145000000,5000000,232317,257410,0.046463,0.051482,-0.1477,neutral_or_low_signal
chr6,145000000,150000000,5000000,230799,271409,0.04616,0.054282,-0.2334,neutral_or_low_signal
chr6,150000000,155000000,5000000,234257,249970,0.046851,0.049994,-0.0935,neutral_or_low_signal
chr6,155000000,160000000,5000000,237400,267866,0.04748,0.053573,-0.1738,neutral_or_low_signal
chr6,160000000,165000000,5000000,166478,238661,0.033296,0.047732,-0.5183,relative_loss
chr6,165000000,170000000,5000000,204573,226650,0.040915,0.04533,-0.1475,neutral_or_low_signal
chr6,170000000,170805979,805979,30680,33395,0.038066,0.041434,-0.122,neutral_or_low_signal
chr7,0,5000000,5000000,295702,234220,0.05914,0.046844,0.3356,neutral_or_low_signal
chr7,5000000,10000000,5000000,311121,271069,0.062224,0.054214,0.1985,neutral_or_low_signal
chr7,10000000,15000000,5000000,215133,251248,0.043027,0.05025,-0.2234,neutral_or_low_signal
chr7,15000000,20000000,5000000,227092,248534,0.045418,0.049707,-0.1299,neutral_or_low_signal
chr7,20000000,25000000,5000000,155514,246879,0.031103,0.049376,-0.665,relative_loss
chr7,25000000,30000000,5000000,245338,234749,0.049068,0.04695,0.0635,neutral_or_low_signal
chr7,30000000,35000000,5000000,248860,258727,0.049772,0.051745,-0.056,neutral_or_low_signal
chr7,35000000,40000000,5000000,259068,274973,0.051814,0.054995,-0.0858,neutral_or_low_signal
chr7,40000000,45000000,5000000,275872,256311,0.055174,0.051262,0.1059,neutral_or_low_signal
chr7,45000000,50000000,5000000,273729,260915,0.054746,0.052183,0.069,neutral_or_low_signal
chr7,50000000,55000000,5000000,258009,255312,0.051602,0.051062,0.0151,neutral_or_low_signal
chr7,55000000,60000000,5000000,399605,286400,0.079921,0.05728,0.4798,neutral_or_low_signal
chr7,60000000,65000000,5000000,474586,259263,0.094917,0.051853,0.871,relative_gain
chr7,65000000,70000000,5000000,306733,250445,0.061347,0.050089,0.292,neutral_or_low_signal
chr7,70000000,75000000,5000000,264349,236455,0.05287,0.047291,0.1606,neutral_or_low_signal
chr7,75000000,80000000,5000000,411709,245975,0.082342,0.049195,0.7419,relative_gain
chr7,80000000,85000000,5000000,425532,267281,0.085106,0.053456,0.6699,relative_gain
chr7,85000000,90000000,5000000,448022,267967,0.089604,0.053593,0.7404,relative_gain
chr7,90000000,95000000,5000000,440354,248950,0.088071,0.04979,0.8216,relative_gain
chr7,95000000,100000000,5000000,436126,244857,0.087225,0.048971,0.8315,relative_gain
chr7,100000000,105000000,5000000,438321,269032,0.087664,0.053806,0.7032,relative_gain
chr7,105000000,110000000,5000000,404392,270878,0.080878,0.054176,0.5772,relative_gain
chr7,110000000,115000000,5000000,448652,254573,0.08973,0.050915,0.8163,relative_gain
chr7,115000000,120000000,5000000,557090,268181,0.111418,0.053636,1.0533,relative_gain
chr7,120000000,125000000,5000000,416039,270541,0.083208,0.054108,0.6199,relative_gain
chr7,125000000,130000000,5000000,366091,252797,0.073218,0.050559,0.5333,relative_gain
chr7,130000000,135000000,5000000,401201,256686,0.08024,0.051337,0.6433,relative_gain
chr7,135000000,140000000,5000000,382316,265127,0.076463,0.053025,0.5272,relative_gain
chr7,140000000,145000000,5000000,410270,254501,0.082054,0.0509,0.6878,relative_gain
chr7,145000000,150000000,5000000,480803,257788,0.096161,0.051558,0.898,relative_gain
chr7,150000000,155000000,5000000,605867,253228,0.121173,0.050646,1.2569,relative_gain
chr7,155000000,159345973,4345973,555531,212524,0.127827,0.048901,1.3844,relative_gain
chr8,0,5000000,5000000,151081,258205,0.030216,0.051641,-0.7712,relative_loss
chr8,5000000,10000000,5000000,194801,246649,0.03896,0.04933,-0.3397,neutral_or_low_signal
chr8,10000000,15000000,5000000,181947,250379,0.036389,0.050076,-0.4595,neutral_or_low_signal
chr8,15000000,20000000,5000000,194621,254418,0.038924,0.050884,-0.3857,neutral_or_low_signal
chr8,20000000,25000000,5000000,170260,254013,0.034052,0.050803,-0.5758,relative_loss
chr8,25000000,30000000,5000000,167209,243246,0.033442,0.048649,-0.5394,relative_loss
chr8,30000000,35000000,5000000,179861,244987,0.035972,0.048997,-0.4448,neutral_or_low_signal
chr8,35000000,40000000,5000000,184337,243009,0.036867,0.048602,-0.3977,neutral_or_low_signal
chr8,40000000,45000000,5000000,189373,268220,0.037875,0.053644,-0.5011,relative_loss
chr8,45000000,50000000,5000000,164786,257104,0.032957,0.051421,-0.6402,relative_loss
chr8,50000000,55000000,5000000,158894,253312,0.031779,0.050662,-0.6712,relative_loss
chr8,55000000,60000000,5000000,252864,259542,0.050573,0.051908,-0.0375,neutral_or_low_signal
chr8,60000000,65000000,5000000,261898,272632,0.05238,0.054526,-0.0578,neutral_or_low_signal
chr8,65000000,70000000,5000000,239537,264447,0.047907,0.052889,-0.1424,neutral_or_low_signal
chr8,70000000,75000000,5000000,233521,265787,0.046704,0.053157,-0.1863,neutral_or_low_signal
chr8,75000000,80000000,5000000,224642,271688,0.044928,0.054338,-0.2738,neutral_or_low_signal
chr8,80000000,85000000,5000000,219509,257033,0.043902,0.051407,-0.2272,neutral_or_low_signal
chr8,85000000,90000000,5000000,242360,292592,0.048472,0.058518,-0.2712,neutral_or_low_signal
chr8,90000000,95000000,5000000,223588,284486,0.044718,0.056897,-0.3468,neutral_or_low_signal
chr8,95000000,100000000,5000000,225002,259490,0.045,0.051898,-0.2053,neutral_or_low_signal
chr8,100000000,105000000,5000000,279864,259120,0.055973,0.051824,0.1109,neutral_or_low_signal
chr8,105000000,110000000,5000000,333178,264452,0.066636,0.05289,0.3327,neutral_or_low_signal
chr8,110000000,115000000,5000000,361959,261248,0.072392,0.05225,0.4696,neutral_or_low_signal
chr8,115000000,120000000,5000000,431854,282517,0.086371,0.056503,0.6113,relative_gain
chr8,120000000,125000000,5000000,490286,255916,0.098057,0.051183,0.9366,relative_gain
chr8,125000000,130000000,5000000,559745,264500,0.111949,0.0529,1.0801,relative_gain
chr8,130000000,135000000,5000000,509342,243956,0.101868,0.048791,1.0605,relative_gain
chr8,135000000,140000000,5000000,503548,230880,0.10071,0.046176,1.1233,relative_gain
chr8,140000000,145000000,5000000,479236,234033,0.095847,0.046807,1.0324,relative_gain
chr8,145000000,145138636,138636,8446,1800,0.060922,0.012984,2.2216,relative_gain
chr9,0,5000000,5000000,345810,257682,0.069162,0.051536,0.4237,neutral_or_low_signal
chr9,5000000,10000000,5000000,331893,254459,0.066379,0.050892,0.3826,neutral_or_low_signal
chr9,10000000,15000000,5000000,322855,252900,0.064571,0.05058,0.3517,neutral_or_low_signal
chr9,15000000,20000000,5000000,192522,273175,0.038504,0.054635,-0.5037,relative_loss
chr9,20000000,25000000,5000000,155529,245434,0.031106,0.049087,-0.6565,relative_loss
chr9,25000000,30000000,5000000,174261,250478,0.034852,0.050096,-0.5222,relative_loss
chr9,30000000,35000000,5000000,171911,248601,0.034382,0.04972,-0.5309,relative_loss
chr9,35000000,40000000,5000000,187059,261140,0.037412,0.052228,-0.4802,neutral_or_low_signal
chr9,40000000,45000000,5000000,354232,327247,0.070846,0.065449,0.1141,neutral_or_low_signal
chr9,45000000,50000000,5000000,18071,18464,0.003614,0.003693,-0.0302,neutral_or_low_signal
chr9,50000000,55000000,5000000,0,0,0.0,0.0,0.0,neutral_or_low_signal
chr9,55000000,60000000,5000000,0,0,0.0,0.0,0.0,neutral_or_low_signal
chr9,60000000,65000000,5000000,193353,183060,0.038671,0.036612,0.0787,neutral_or_low_signal
chr9,65000000,70000000,5000000,216163,232249,0.043233,0.04645,-0.1033,neutral_or_low_signal
chr9,70000000,75000000,5000000,295127,272705,0.059025,0.054541,0.1138,neutral_or_low_signal
chr9,75000000,80000000,5000000,261498,239680,0.0523,0.047936,0.1254,neutral_or_low_signal
chr9,80000000,85000000,5000000,280494,264736,0.056099,0.052947,0.0833,neutral_or_low_signal
chr9,85000000,90000000,5000000,268348,245198,0.05367,0.04904,0.1299,neutral_or_low_signal
chr9,90000000,95000000,5000000,259507,256444,0.051901,0.051289,0.0171,neutral_or_low_signal
chr9,95000000,100000000,5000000,267948,275268,0.05359,0.055054,-0.0388,neutral_or_low_signal
chr9,100000000,105000000,5000000,273592,255706,0.054718,0.051141,0.0974,neutral_or_low_signal
chr9,105000000,110000000,5000000,218692,248270,0.043738,0.049654,-0.1826,neutral_or_low_signal
chr9,110000000,115000000,5000000,185585,264945,0.037117,0.052989,-0.5125,relative_loss
chr9,115000000,120000000,5000000,190027,248835,0.038005,0.049767,-0.3881,neutral_or_low_signal
chr9,120000000,125000000,5000000,209515,270080,0.041903,0.054016,-0.3656,neutral_or_low_signal
chr9,125000000,130000000,5000000,231087,245223,0.046217,0.049045,-0.0855,neutral_or_low_signal
chr9,130000000,135000000,5000000,294413,252476,0.058883,0.050495,0.2213,neutral_or_low_signal
chr9,135000000,138394717,3394717,194720,147703,0.05736,0.04351,0.3979,neutral_or_low_signal
chr10,0,5000000,5000000,178841,237026,0.035768,0.047405,-0.4054,neutral_or_low_signal
chr10,5000000,10000000,5000000,171673,255032,0.034335,0.051006,-0.5696,relative_loss
chr10,10000000,15000000,5000000,186155,265129,0.037231,0.053026,-0.509,relative_loss
chr10,15000000,20000000,5000000,183243,251958,0.036649,0.050392,-0.4584,neutral_or_low_signal
chr10,20000000,25000000,5000000,222689,251128,0.044538,0.050226,-0.173,neutral_or_low_signal
chr10,25000000,30000000,5000000,177703,256850,0.035541,0.05137,-0.5302,relative_loss
chr10,30000000,35000000,5000000,295761,275444,0.059152,0.055089,0.1025,neutral_or_low_signal
chr10,35000000,40000000,5000000,340658,251951,0.068132,0.05039,0.4344,neutral_or_low_signal
chr10,40000000,45000000,5000000,557213,365712,0.111443,0.073142,0.6068,relative_gain
chr10,45000000,50000000,5000000,269148,254066,0.05383,0.050813,0.083,neutral_or_low_signal
chr10,50000000,55000000,5000000,266501,250995,0.0533,0.050199,0.0863,neutral_or_low_signal
chr10,55000000,60000000,5000000,243224,250687,0.048645,0.050137,-0.0435,neutral_or_low_signal
chr10,60000000,65000000,5000000,186470,265401,0.037294,0.05308,-0.5081,relative_loss
chr10,65000000,70000000,5000000,174152,262641,0.03483,0.052528,-0.5914,relative_loss
chr10,70000000,75000000,5000000,185659,277171,0.037132,0.055434,-0.5768,relative_loss
chr10,75000000,80000000,5000000,180352,235157,0.03607,0.047031,-0.3819,neutral_or_low_signal
chr10,80000000,85000000,5000000,173320,263674,0.034664,0.052735,-0.6039,relative_loss
chr10,85000000,90000000,5000000,182186,274673,0.036437,0.054935,-0.591,relative_loss
chr10,90000000,95000000,5000000,183270,281944,0.036654,0.056389,-0.6201,relative_loss
chr10,95000000,100000000,5000000,188475,263374,0.037695,0.052675,-0.4817,neutral_or_low_signal
chr10,100000000,105000000,5000000,185565,252388,0.037113,0.050478,-0.4427,neutral_or_low_signal
chr10,105000000,110000000,5000000,177403,261392,0.035481,0.052278,-0.5579,relative_loss
chr10,110000000,115000000,5000000,184513,254858,0.036903,0.050972,-0.4649,neutral_or_low_signal
chr10,115000000,120000000,5000000,168224,258119,0.033645,0.051624,-0.6162,relative_loss
chr10,120000000,125000000,5000000,305645,245806,0.061129,0.049161,0.3138,neutral_or_low_signal
chr10,125000000,130000000,5000000,288537,231918,0.057707,0.046384,0.3145,neutral_or_low_signal
chr10,130000000,133797422,3797422,248276,200248,0.06538,0.052733,0.3096,neutral_or_low_signal
chr11,0,5000000,5000000,165832,227905,0.033166,0.045581,-0.4575,neutral_or_low_signal
chr11,5000000,10000000,5000000,172540,267206,0.034508,0.053441,-0.6295,relative_loss
chr11,10000000,15000000,5000000,177134,266150,0.035427,0.05323,-0.586,relative_loss
chr11,15000000,20000000,5000000,178623,245513,0.035725,0.049103,-0.4578,neutral_or_low_signal
chr11,20000000,25000000,5000000,176907,253887,0.035381,0.050777,-0.52,relative_loss
chr11,25000000,30000000,5000000,176357,260701,0.035271,0.05214,-0.5626,relative_loss
chr11,30000000,35000000,5000000,183781,258045,0.036756,0.051609,-0.4885,neutral_or_low_signal
chr11,35000000,40000000,5000000,165386,256654,0.033077,0.051331,-0.6324,relative_loss
chr11,40000000,45000000,5000000,181599,252993,0.03632,0.050599,-0.4772,neutral_or_low_signal
chr11,45000000,50000000,5000000,180975,268436,0.036195,0.053687,-0.5675,relative_loss
chr11,50000000,55000000,5000000,261954,260181,0.052391,0.052036,0.0098,neutral_or_low_signal
chr11,55000000,60000000,5000000,352728,246838,0.070546,0.049368,0.5141,relative_gain
chr11,60000000,65000000,5000000,395783,245068,0.079157,0.049014,0.6904,relative_gain
chr11,65000000,70000000,5000000,392364,237001,0.078473,0.0474,0.7261,relative_gain
chr11,70000000,75000000,5000000,183128,243628,0.036626,0.048726,-0.4109,neutral_or_low_signal
chr11,75000000,80000000,5000000,172780,261561,0.034556,0.052312,-0.5968,relative_loss
chr11,80000000,85000000,5000000,171097,285340,0.034219,0.057068,-0.7362,relative_loss
chr11,85000000,90000000,5000000,177368,262465,0.035474,0.052493,-0.5641,relative_loss
chr11,90000000,95000000,5000000,184083,255795,0.036817,0.051159,-0.4735,neutral_or_low_signal
chr11,95000000,100000000,5000000,184576,258759,0.036915,0.051752,-0.4863,neutral_or_low_signal
chr11,100000000,105000000,5000000,176912,259561,0.035382,0.051912,-0.5517,relative_loss
chr11,105000000,110000000,5000000,166887,270496,0.033377,0.054099,-0.6951,relative_loss
chr11,110000000,115000000,5000000,177721,243333,0.035544,0.048667,-0.4522,neutral_or_low_signal
chr11,115000000,120000000,5000000,176828,268170,0.035366,0.053634,-0.5994,relative_loss
chr11,120000000,125000000,5000000,185966,266193,0.037193,0.053239,-0.5163,relative_loss
chr11,125000000,130000000,5000000,174182,277156,0.034836,0.055431,-0.6686,relative_loss
chr11,130000000,135000000,5000000,161089,246623,0.032218,0.049325,-0.6129,relative_loss
chr11,135000000,135086622,86622,1647,1500,0.019014,0.017317,0.1341,neutral_or_low_signal
chr12,0,5000000,5000000,277084,263126,0.055417,0.052625,0.0744,neutral_or_low_signal
chr12,5000000,10000000,5000000,308122,255607,0.061624,0.051121,0.2691,neutral_or_low_signal
chr12,10000000,15000000,5000000,366476,263761,0.073295,0.052752,0.4737,neutral_or_low_signal
chr12,15000000,20000000,5000000,365396,267874,0.073079,0.053575,0.4472,neutral_or_low_signal
chr12,20000000,25000000,5000000,342772,263357,0.068554,0.052671,0.3796,neutral_or_low_signal
chr12,25000000,30000000,5000000,293689,260187,0.058738,0.052037,0.1744,neutral_or_low_signal
chr12,30000000,35000000,5000000,263506,261685,0.052701,0.052337,0.01,neutral_or_low_signal
chr12,35000000,40000000,5000000,243617,293544,0.048723,0.058709,-0.2685,neutral_or_low_signal
chr12,40000000,45000000,5000000,177305,270019,0.035461,0.054004,-0.6054,relative_loss
chr12,45000000,50000000,5000000,178801,257652,0.03576,0.05153,-0.5258,relative_loss
chr12,50000000,55000000,5000000,177845,252315,0.035569,0.050463,-0.5034,relative_loss
chr12,55000000,60000000,5000000,163284,253349,0.032657,0.05067,-0.6322,relative_loss
chr12,60000000,65000000,5000000,193573,255213,0.038715,0.051043,-0.3979,neutral_or_low_signal
chr12,65000000,70000000,5000000,184261,274391,0.036852,0.054878,-0.5732,relative_loss
chr12,70000000,75000000,5000000,167785,260245,0.033557,0.052049,-0.6317,relative_loss
chr12,75000000,80000000,5000000,172259,257301,0.034452,0.05146,-0.5775,relative_loss
chr12,80000000,85000000,5000000,145817,257181,0.029163,0.051436,-0.8165,relative_loss
chr12,85000000,90000000,5000000,160892,263676,0.032178,0.052735,-0.7109,relative_loss
chr12,90000000,95000000,5000000,160194,283718,0.032039,0.056744,-0.8227,relative_loss
chr12,95000000,100000000,5000000,160145,268808,0.032029,0.053762,-0.7454,relative_loss
chr12,100000000,105000000,5000000,177301,263801,0.03546,0.05276,-0.5719,relative_loss
chr12,105000000,110000000,5000000,172589,273227,0.034518,0.054645,-0.6612,relative_loss
chr12,110000000,115000000,5000000,179305,284167,0.035861,0.056833,-0.6628,relative_loss
chr12,115000000,120000000,5000000,188779,251043,0.037756,0.050209,-0.4103,neutral_or_low_signal
chr12,120000000,125000000,5000000,171075,257393,0.034215,0.051479,-0.5879,relative_loss
chr12,125000000,130000000,5000000,175361,238569,0.035072,0.047714,-0.443,neutral_or_low_signal
chr12,130000000,133275309,3275309,98460,148881,0.030061,0.045456,-0.5949,relative_loss
chr13,0,5000000,5000000,0,0,0.0,0.0,0.0,neutral_or_low_signal
chr13,5000000,10000000,5000000,0,0,0.0,0.0,0.0,neutral_or_low_signal
chr13,10000000,15000000,5000000,0,0,0.0,0.0,0.0,neutral_or_low_signal
chr13,15000000,20000000,5000000,377678,366485,0.075536,0.073297,0.0433,neutral_or_low_signal
chr13,20000000,25000000,5000000,243296,253165,0.048659,0.050633,-0.0573,neutral_or_low_signal
chr13,25000000,30000000,5000000,232501,245521,0.0465,0.049104,-0.0784,neutral_or_low_signal
chr13,30000000,35000000,5000000,342451,264250,0.06849,0.05285,0.3734,neutral_or_low_signal
chr13,35000000,40000000,5000000,322838,280104,0.064568,0.056021,0.2045,neutral_or_low_signal
chr13,40000000,45000000,5000000,339484,260383,0.067897,0.052077,0.3821,neutral_or_low_signal
chr13,45000000,50000000,5000000,305656,264314,0.061131,0.052863,0.2093,neutral_or_low_signal
chr13,50000000,55000000,5000000,82211,255870,0.016442,0.051174,-1.6321,relative_loss
chr13,55000000,60000000,5000000,558,246552,0.000112,0.04931,-7.8673,relative_loss
chr13,60000000,65000000,5000000,134153,231365,0.026831,0.046273,-0.784,relative_loss
chr13,65000000,70000000,5000000,155351,265655,0.03107,0.053131,-0.7721,relative_loss
chr13,70000000,75000000,5000000,160166,248825,0.032033,0.049765,-0.634,relative_loss
chr13,75000000,80000000,5000000,166976,268439,0.033395,0.053688,-0.6833,relative_loss
chr13,80000000,85000000,5000000,160940,269384,0.032188,0.053877,-0.7413,relative_loss
chr13,85000000,90000000,5000000,152206,252285,0.030441,0.050457,-0.7272,relative_loss
chr13,90000000,95000000,5000000,176672,279206,0.035334,0.055841,-0.6588,relative_loss
chr13,95000000,100000000,5000000,155632,257734,0.031126,0.051547,-0.7259,relative_loss
chr13,100000000,105000000,5000000,165431,244836,0.033086,0.048967,-0.5642,relative_loss
chr13,105000000,110000000,5000000,165511,245840,0.033102,0.049168,-0.5694,relative_loss
chr13,110000000,114364328,4364328,124272,209890,0.028474,0.048092,-0.7541,relative_loss
chr14,0,5000000,5000000,0,0,0.0,0.0,0.0,neutral_or_low_signal
chr14,5000000,10000000,5000000,0,0,0.0,0.0,0.0,neutral_or_low_signal
chr14,10000000,15000000,5000000,0,0,0.0,0.0,0.0,neutral_or_low_signal
chr14,15000000,20000000,5000000,179361,156480,0.035872,0.031296,0.1963,neutral_or_low_signal
chr14,20000000,25000000,5000000,347279,263658,0.069456,0.052732,0.3968,neutral_or_low_signal
chr14,25000000,30000000,5000000,280424,236982,0.056085,0.047396,0.2424,neutral_or_low_signal
chr14,30000000,35000000,5000000,287076,268006,0.057415,0.053601,0.099,neutral_or_low_signal
chr14,35000000,40000000,5000000,202347,265479,0.040469,0.053096,-0.3909,neutral_or_low_signal
chr14,40000000,45000000,5000000,160886,259810,0.032177,0.051962,-0.6897,relative_loss
chr14,45000000,50000000,5000000,310832,261721,0.062166,0.052344,0.2477,neutral_or_low_signal
chr14,50000000,55000000,5000000,343405,289870,0.068681,0.057974,0.2441,neutral_or_low_signal
chr14,55000000,60000000,5000000,340965,246966,0.068193,0.049393,0.4645,neutral_or_low_signal
chr14,60000000,65000000,5000000,188024,259769,0.037605,0.051954,-0.4653,neutral_or_low_signal
chr14,65000000,70000000,5000000,281276,261837,0.056255,0.052367,0.1031,neutral_or_low_signal
chr14,70000000,75000000,5000000,173457,272050,0.034691,0.05441,-0.6478,relative_loss
chr14,75000000,80000000,5000000,340638,274788,0.068128,0.054958,0.3094,neutral_or_low_signal
chr14,80000000,85000000,5000000,401673,262340,0.080335,0.052468,0.6136,relative_gain
chr14,85000000,90000000,5000000,544470,235035,0.108894,0.047007,1.2102,relative_gain
chr14,90000000,95000000,5000000,503143,271840,0.100629,0.054368,0.887,relative_gain
chr14,95000000,100000000,5000000,406186,252037,0.081237,0.050407,0.6874,relative_gain
chr14,100000000,105000000,5000000,284257,240186,0.056851,0.048037,0.2426,neutral_or_low_signal
chr14,105000000,107043718,2043718,90085,79987,0.044079,0.039138,0.1711,neutral_or_low_signal
chr15,0,5000000,5000000,0,0,0.0,0.0,0.0,neutral_or_low_signal
chr15,5000000,10000000,5000000,0,0,0.0,0.0,0.0,neutral_or_low_signal
chr15,10000000,15000000,5000000,0,0,0.0,0.0,0.0,neutral_or_low_signal
chr15,15000000,20000000,5000000,97016,144224,0.019403,0.028845,-0.5696,relative_loss
chr15,20000000,25000000,5000000,189469,244915,0.037894,0.048983,-0.3695,neutral_or_low_signal
chr15,25000000,30000000,5000000,168120,242880,0.033624,0.048576,-0.5294,relative_loss
chr15,30000000,35000000,5000000,164179,263092,0.032836,0.052618,-0.6786,relative_loss
chr15,35000000,40000000,5000000,186415,264964,0.037283,0.052993,-0.5061,relative_loss
chr15,40000000,45000000,5000000,177860,268815,0.035572,0.053763,-0.5945,relative_loss
chr15,45000000,50000000,5000000,181946,262083,0.036389,0.052417,-0.5253,relative_loss
chr15,50000000,55000000,5000000,182778,252129,0.036556,0.050426,-0.463,neutral_or_low_signal
chr15,55000000,60000000,5000000,344618,271928,0.068924,0.054386,0.3412,neutral_or_low_signal
chr15,60000000,65000000,5000000,360404,242835,0.072081,0.048567,0.5687,relative_gain
chr15,65000000,70000000,5000000,305898,259485,0.06118,0.051897,0.237,neutral_or_low_signal
chr15,70000000,75000000,5000000,310509,273040,0.062102,0.054608,0.1852,neutral_or_low_signal
chr15,75000000,80000000,5000000,285328,257160,0.057066,0.051432,0.1497,neutral_or_low_signal
chr15,80000000,85000000,5000000,254952,262681,0.05099,0.052536,-0.043,neutral_or_low_signal
chr15,85000000,90000000,5000000,300477,244044,0.060095,0.048809,0.2996,neutral_or_low_signal
chr15,90000000,95000000,5000000,354058,249684,0.070812,0.049937,0.503,relative_gain
chr15,95000000,100000000,5000000,394556,269767,0.078911,0.053953,0.5477,relative_gain
chr15,100000000,101991189,1991189,147467,109157,0.07406,0.05482,0.4333,neutral_or_low_signal
chr16,0,5000000,5000000,266641,239182,0.053328,0.047836,0.1565,neutral_or_low_signal
chr16,5000000,10000000,5000000,254349,246864,0.05087,0.049373,0.043,neutral_or_low_signal
chr16,10000000,15000000,5000000,446060,272636,0.089212,0.054527,0.7092,relative_gain
chr16,15000000,20000000,5000000,448289,252077,0.089658,0.050415,0.8293,relative_gain
chr16,20000000,25000000,5000000,437130,286283,0.087426,0.057257,0.6098,relative_gain
chr16,25000000,30000000,5000000,333349,253596,0.06667,0.050719,0.3938,neutral_or_low_signal
chr16,30000000,35000000,5000000,445600,238431,0.08912,0.047686,0.9008,relative_gain
chr16,35000000,40000000,5000000,197597,88332,0.039519,0.017666,1.1571,relative_gain
chr16,40000000,45000000,5000000,0,0,0.0,0.0,0.0,neutral_or_low_signal
chr16,45000000,50000000,5000000,493282,124718,0.098656,0.024944,1.9794,relative_gain
chr16,50000000,55000000,5000000,271941,130060,0.054388,0.026012,1.0612,relative_gain
chr16,55000000,60000000,5000000,265475,121480,0.053095,0.024296,1.1246,relative_gain
chr16,60000000,65000000,5000000,254962,133330,0.050992,0.026666,0.9327,relative_gain
chr16,65000000,70000000,5000000,263269,137542,0.052654,0.027508,0.9342,relative_gain
chr16,70000000,75000000,5000000,230093,124543,0.046019,0.024909,0.8829,relative_gain
chr16,75000000,80000000,5000000,244863,134587,0.048973,0.026917,0.861,relative_gain
chr16,80000000,85000000,5000000,337346,126603,0.067469,0.025321,1.4104,relative_gain
chr16,85000000,90000000,5000000,376563,117840,0.075313,0.023568,1.6719,relative_gain
chr16,90000000,90338345,338345,18793,5609,0.055544,0.016578,1.7383,relative_gain
chr17,0,5000000,5000000,243145,249176,0.048629,0.049835,-0.0353,neutral_or_low_signal
chr17,5000000,10000000,5000000,260811,259038,0.052162,0.051808,0.0098,neutral_or_low_signal
chr17,10000000,15000000,5000000,261652,225373,0.05233,0.045075,0.2149,neutral_or_low_signal
chr17,15000000,20000000,5000000,255265,267877,0.051053,0.053575,-0.0694,neutral_or_low_signal
chr17,20000000,25000000,5000000,171497,227295,0.034299,0.045459,-0.4054,neutral_or_low_signal
chr17,25000000,30000000,5000000,226279,301043,0.045256,0.060209,-0.4111,neutral_or_low_signal
chr17,30000000,35000000,5000000,171317,267558,0.034263,0.053512,-0.6417,relative_loss
chr17,35000000,40000000,5000000,160622,260793,0.032124,0.052159,-0.6975,relative_loss
chr17,40000000,45000000,5000000,181394,252853,0.036279,0.050571,-0.4781,neutral_or_low_signal
chr17,45000000,50000000,5000000,172283,242611,0.034457,0.048522,-0.4927,neutral_or_low_signal
chr17,50000000,55000000,5000000,170070,238411,0.034014,0.047682,-0.4861,neutral_or_low_signal
chr17,55000000,60000000,5000000,191149,261700,0.03823,0.05234,-0.4522,neutral_or_low_signal
chr17,60000000,65000000,5000000,178083,272276,0.035617,0.054455,-0.6111,relative_loss
chr17,65000000,70000000,5000000,312244,252572,0.062449,0.050514,0.3054,neutral_or_low_signal
chr17,70000000,75000000,5000000,376666,240959,0.075333,0.048192,0.6434,relative_gain
chr17,75000000,80000000,5000000,342756,247763,0.068551,0.049553,0.4674,neutral_or_low_signal
chr17,80000000,83257441,3257441,253689,152295,0.07788,0.046753,0.735,relative_gain
chr18,0,5000000,5000000,226612,324520,0.045322,0.064904,-0.5171,relative_loss
chr18,5000000,10000000,5000000,183379,242959,0.036676,0.048592,-0.4049,neutral_or_low_signal
chr18,10000000,15000000,5000000,315857,261070,0.063171,0.052214,0.2744,neutral_or_low_signal
chr18,15000000,20000000,5000000,412222,286516,0.082444,0.057303,0.524,relative_gain
chr18,20000000,25000000,5000000,350992,272740,0.070198,0.054548,0.3633,neutral_or_low_signal
chr18,25000000,30000000,5000000,334410,267473,0.066882,0.053495,0.3217,neutral_or_low_signal
chr18,30000000,35000000,5000000,337181,274638,0.067436,0.054928,0.2955,neutral_or_low_signal
chr18,35000000,40000000,5000000,327722,254490,0.065544,0.050898,0.3642,neutral_or_low_signal
chr18,40000000,45000000,5000000,339881,254602,0.067976,0.05092,0.4161,neutral_or_low_signal
chr18,45000000,50000000,5000000,343559,246151,0.068712,0.04923,0.4802,neutral_or_low_signal
chr18,50000000,55000000,5000000,375870,282737,0.075174,0.056547,0.4101,neutral_or_low_signal
chr18,55000000,60000000,5000000,352429,261761,0.070486,0.052352,0.4284,neutral_or_low_signal
chr18,60000000,65000000,5000000,93075,284310,0.018615,0.056862,-1.6058,relative_loss
chr18,65000000,70000000,5000000,90144,254566,0.018029,0.050913,-1.4926,relative_loss
chr18,70000000,75000000,5000000,82617,243326,0.016523,0.048665,-1.5526,relative_loss
chr18,75000000,80000000,5000000,119354,229772,0.023871,0.045954,-0.9421,relative_loss
chr18,80000000,80373285,373285,5373,14766,0.014394,0.039557,-1.4521,relative_loss
chr19,0,5000000,5000000,177760,230718,0.035552,0.046144,-0.3753,neutral_or_low_signal
chr19,5000000,10000000,5000000,168777,223622,0.033755,0.044724,-0.4049,neutral_or_low_signal
chr19,10000000,15000000,5000000,292263,249907,0.058453,0.049981,0.2255,neutral_or_low_signal
chr19,15000000,20000000,5000000,314844,238578,0.062969,0.047716,0.3994,neutral_or_low_signal
chr19,20000000,25000000,5000000,300439,220964,0.060088,0.044193,0.4424,neutral_or_low_signal
chr19,25000000,30000000,5000000,189265,141291,0.037853,0.028258,0.4204,neutral_or_low_signal
chr19,30000000,35000000,5000000,315520,237091,0.063104,0.047418,0.4115,neutral_or_low_signal
chr19,35000000,40000000,5000000,273276,252427,0.054655,0.050485,0.1143,neutral_or_low_signal
chr19,40000000,45000000,5000000,166533,250933,0.033307,0.050187,-0.59,relative_loss
chr19,45000000,50000000,5000000,200544,250876,0.040109,0.050175,-0.3223,neutral_or_low_signal
chr19,50000000,55000000,5000000,299400,235011,0.05988,0.047002,0.3487,neutral_or_low_signal
chr19,55000000,58617616,3617616,196797,168682,0.0544,0.046628,0.222,neutral_or_low_signal
chr20,0,5000000,5000000,223405,254423,0.044681,0.050885,-0.1872,neutral_or_low_signal
chr20,5000000,10000000,5000000,218685,267074,0.043737,0.053415,-0.2878,neutral_or_low_signal
chr20,10000000,15000000,5000000,247210,256743,0.049442,0.051349,-0.0545,neutral_or_low_signal
chr20,15000000,20000000,5000000,225177,236705,0.045035,0.047341,-0.0719,neutral_or_low_signal
chr20,20000000,25000000,5000000,215776,271115,0.043155,0.054223,-0.3287,neutral_or_low_signal
chr20,25000000,30000000,5000000,333836,345808,0.066767,0.069162,-0.0508,neutral_or_low_signal
chr20,30000000,35000000,5000000,294733,297265,0.058947,0.059453,-0.0123,neutral_or_low_signal
chr20,35000000,40000000,5000000,285031,260357,0.057006,0.052071,0.1304,neutral_or_low_signal
chr20,40000000,45000000,5000000,313727,243534,0.062745,0.048707,0.3647,neutral_or_low_signal
chr20,45000000,50000000,5000000,329976,249569,0.065995,0.049914,0.4022,neutral_or_low_signal
chr20,50000000,55000000,5000000,329612,257574,0.065922,0.051515,0.3552,neutral_or_low_signal
chr20,55000000,60000000,5000000,322376,233784,0.064475,0.046757,0.4627,neutral_or_low_signal
chr20,60000000,64444167,4444167,280547,198436,0.063127,0.044651,0.4986,neutral_or_low_signal
chr21,0,5000000,5000000,0,0,0.0,0.0,0.0,neutral_or_low_signal
chr21,5000000,10000000,5000000,413073,493219,0.082615,0.098644,-0.2555,neutral_or_low_signal
chr21,10000000,15000000,5000000,157312,215729,0.031462,0.043146,-0.4544,neutral_or_low_signal
chr21,15000000,20000000,5000000,172368,249508,0.034474,0.049902,-0.5323,relative_loss
chr21,20000000,25000000,5000000,172783,263916,0.034557,0.052783,-0.6097,relative_loss
chr21,25000000,30000000,5000000,172693,247682,0.034539,0.049536,-0.519,relative_loss
chr21,30000000,35000000,5000000,164209,253183,0.032842,0.050637,-0.6231,relative_loss
chr21,35000000,40000000,5000000,153157,248624,0.030631,0.049725,-0.6972,relative_loss
chr21,40000000,45000000,5000000,154528,236179,0.030906,0.047236,-0.6104,relative_loss
chr21,45000000,46709983,1709983,73553,77503,0.043014,0.045324,-0.0753,neutral_or_low_signal
chr22,0,5000000,5000000,0,0,0.0,0.0,0.0,neutral_or_low_signal
chr22,5000000,10000000,5000000,0,0,0.0,0.0,0.0,neutral_or_low_signal
chr22,10000000,15000000,5000000,129288,149160,0.025858,0.029832,-0.2055,neutral_or_low_signal
chr22,15000000,20000000,5000000,198622,232374,0.039724,0.046475,-0.2259,neutral_or_low_signal
chr22,20000000,25000000,5000000,291828,244590,0.058366,0.048918,0.2543,neutral_or_low_signal
chr22,25000000,30000000,5000000,421985,229747,0.084397,0.045949,0.8757,relative_gain
chr22,30000000,35000000,5000000,427284,256025,0.085457,0.051205,0.7378,relative_gain
chr22,35000000,40000000,5000000,373749,240834,0.07475,0.048167,0.633,relative_gain
chr22,40000000,45000000,5000000,349042,241958,0.069808,0.048392,0.5277,relative_gain
chr22,45000000,50000000,5000000,407017,237720,0.081403,0.047544,0.7746,relative_gain
chr22,50000000,50818468,818468,65589,37438,0.080136,0.045742,0.8076,relative_gain
chrX,0,5000000,5000000,257353,105814,0.051471,0.021163,1.2782,relative_gain
chrX,5000000,10000000,5000000,180327,123850,0.036065,0.02477,0.5402,relative_gain
chrX,10000000,15000000,5000000,124009,128752,0.024802,0.02575,-0.0539,neutral_or_low_signal
chrX,15000000,20000000,5000000,86695,126875,0.017339,0.025375,-0.5468,relative_loss
chrX,20000000,25000000,5000000,95560,134215,0.019112,0.026843,-0.4879,neutral_or_low_signal
chrX,25000000,30000000,5000000,84326,124301,0.016865,0.02486,-0.5571,relative_loss
chrX,30000000,35000000,5000000,86855,132207,0.017371,0.026441,-0.6033,relative_loss
chrX,35000000,40000000,5000000,83223,119949,0.016645,0.02399,-0.5247,relative_loss
chrX,40000000,45000000,5000000,93216,125278,0.018643,0.025056,-0.4245,neutral_or_low_signal
chrX,45000000,50000000,5000000,82461,144002,0.016492,0.0288,-0.8006,relative_loss
chrX,50000000,55000000,5000000,91155,139521,0.018231,0.027904,-0.6114,relative_loss
chrX,55000000,60000000,5000000,134179,115246,0.026836,0.023049,0.2186,neutral_or_low_signal
chrX,60000000,65000000,5000000,131443,116707,0.026289,0.023341,0.1709,neutral_or_low_signal
chrX,65000000,70000000,5000000,89315,131922,0.017863,0.026384,-0.5601,relative_loss
chrX,70000000,75000000,5000000,87389,123387,0.017478,0.024677,-0.4953,neutral_or_low_signal
chrX,75000000,80000000,5000000,99960,135147,0.019992,0.027029,-0.4332,neutral_or_low_signal
chrX,80000000,85000000,5000000,71509,127091,0.014302,0.025418,-0.8253,relative_loss
chrX,85000000,90000000,5000000,160430,123113,0.032086,0.024623,0.3806,neutral_or_low_signal
chrX,90000000,95000000,5000000,166715,115875,0.033343,0.023175,0.5229,relative_gain
chrX,95000000,100000000,5000000,170398,123318,0.03408,0.024664,0.4649,neutral_or_low_signal
chrX,100000000,105000000,5000000,172724,137706,0.034545,0.027541,0.3258,neutral_or_low_signal
chrX,105000000,110000000,5000000,164186,122187,0.032837,0.024437,0.4247,neutral_or_low_signal
chrX,110000000,115000000,5000000,184348,125980,0.03687,0.025196,0.5474,relative_gain
chrX,115000000,120000000,5000000,169166,122112,0.033833,0.024422,0.4686,neutral_or_low_signal
chrX,120000000,125000000,5000000,184595,123828,0.036919,0.024766,0.5741,relative_gain
chrX,125000000,130000000,5000000,159227,118985,0.031845,0.023797,0.4188,neutral_or_low_signal
chrX,130000000,135000000,5000000,174413,131107,0.034883,0.026221,0.4104,neutral_or_low_signal
chrX,135000000,140000000,5000000,175744,132909,0.035149,0.026582,0.4017,neutral_or_low_signal
chrX,140000000,145000000,5000000,160098,110333,0.03202,0.022067,0.5351,relative_gain
chrX,145000000,150000000,5000000,173071,121937,0.034614,0.024387,0.5035,relative_gain
chrX,150000000,155000000,5000000,184975,126322,0.036995,0.025264,0.5484,relative_gain
chrX,155000000,156040895,1040895,37399,29498,0.03593,0.028339,0.3413,neutral_or_low_signal
chrY,0,5000000,5000000,4338,2067,0.000868,0.000413,0.9143,relative_gain
chrY,5000000,10000000,5000000,2108,3106,0.000422,0.000621,-0.4675,neutral_or_low_signal
chrY,10000000,15000000,5000000,125145,154523,0.025029,0.030905,-0.3031,neutral_or_low_signal
chrY,15000000,20000000,5000000,1127,1135,0.000225,0.000227,-0.0071,neutral_or_low_signal
chrY,20000000,25000000,5000000,113,240,2.3e-05,4.8e-05,-0.2716,neutral_or_low_signal
chrY,25000000,30000000,5000000,1277,2320,0.000255,0.000464,-0.6663,relative_loss
chrY,30000000,35000000,5000000,0,0,0.0,0.0,0.0,neutral_or_low_signal
chrY,35000000,40000000,5000000,0,0,0.0,0.0,0.0,neutral_or_low_signal
chrY,40000000,45000000,5000000,0,0,0.0,0.0,0.0,neutral_or_low_signal
chrY,45000000,50000000,5000000,0,0,0.0,0.0,0.0,neutral_or_low_signal
chrY,50000000,55000000,5000000,0,0,0.0,0.0,0.0,neutral_or_low_signal
chrY,55000000,57227415,2227415,22248,23443,0.009988,0.010525,-0.0748,neutral_or_low_signal
