leiden,T cells,B cells,NK cells,Monocytes,Dendritic cells,Platelets
0,-0.89963794,-0.32103527,-0.39266557,1.3977929,0.007574433,0.0034809473
1,0.7988355,-0.2942727,-0.4107072,-0.67003024,-0.22588466,0.05166918
2,-0.23568399,-0.28138304,2.673947,-0.6674329,-0.21766521,-0.02345832
3,0.8680569,-0.2275734,-0.17589101,-0.64292574,-0.22317618,-0.03348791
4,-0.9215535,-0.2799877,-0.39228642,0.33712244,3.4413443,-0.047043078
5,-0.877286,3.2165515,-0.42348734,-0.6569422,-0.010296839,0.0036589806
6,0.8529605,-0.23769777,-0.37902597,-0.6870529,-0.22598849,-0.015105876
7,-0.91730416,-0.19618465,-0.3783515,0.98318976,0.016388198,-0.04023777
8,1.0100826,-0.27162394,0.9093371,-0.68491924,-0.2206074,-0.007741928
9,-0.8887884,3.006245,-0.4304994,-0.67665195,-0.00853281,-0.024029532
