chrom	pos	del_len	class	repeat_units_or_mh_len
chr1	4380750	36	other	0
chr1	20989223	17	microhomology	2
chr1	21762940	28	other	0
chr1	28900383	2	other	0
chr1	28900389	7	other	1
chr1	34671027	20	microhomology	5
chr1	35946115	41	microhomology	3
chr1	49409679	13	microhomology	2
chr1	53910938	8	other	0
chr1	66250160	48	other	1
chr1	66675093	39	microhomology	2
chr1	70750499	22	other	1
chr1	74310810	11	other	0
chr1	74791742	26	microhomology	4
chr1	79544687	11	microhomology	4
chr1	80698402	4	microhomology	3
chr1	82201680	7	microhomology	2
chr1	82369303	20	microhomology	4
chr1	83004445	14	microhomology	2
chr1	88100398	16	microhomology	5
chr1	88768892	26	other	1
chr1	97388725	26	other	1
chr1	101290691	13	other	0
chr1	101882811	17	microhomology	2
chr1	102730545	3	other	0
chr1	110291647	18	other	0
chr1	112122301	10	microhomology	3
chr1	118762375	11	microhomology	3
chr1	146599537	35	other	1
chr1	151481752	5	other	1
chr1	164878627	25	other	1
chr1	165731104	9	microhomology	3
chr1	166425979	7	microhomology	2
chr1	170495849	5	microhomology	4
chr1	171052378	9	microhomology	2
chr1	175132100	13	microhomology	2
chr1	175791243	16	other	1
chr1	178174876	9	microhomology	2
chr1	182023685	35	other	1
chr1	187369269	25	microhomology	3
chr1	195201689	26	other	1
chr1	195202298	10	other	0
chr1	199176566	7	microhomology	4
chr1	208746986	36	microhomology	2
chr1	222602684	2	repeat	14
chr1	222746782	4	microhomology	2
chr1	224370767	39	other	1
chr1	225265880	6	other	0
chr1	232342206	33	microhomology	2
chr1	234453307	4	repeat	1
chr1	245770126	5	other	0
chr2	7511691	24	other	1
chr2	7660633	40	microhomology	4
chr2	7792911	14	microhomology	5
chr2	9838038	3	repeat	1
chr2	16320468	11	microhomology	2
chr2	26504803	26	other	1
chr2	34157060	21	other	1
chr2	35724689	34	microhomology	6
chr2	40249350	2	other	0
chr2	45000876	8	other	1
chr2	47695912	4	other	1
chr2	49687543	10	other	1
chr2	55163367	7	other	1
chr2	60239035	3	other	0
chr2	61854055	28	microhomology	2
chr2	65940766	44	other	1
chr2	73562185	14	other	1
chr2	75359071	14	microhomology	7
chr2	75945973	11	microhomology	3
chr2	88839066	30	other	1
chr2	103709454	22	microhomology	4
chr2	109160582	32	microhomology	2
chr2	109408610	13	microhomology	2
chr2	110770415	25	microhomology	2
chr2	111654285	43	other	1
chr2	114381056	18	microhomology	3
chr2	116520751	35	microhomology	4
chr2	117120387	29	other	1
chr2	122566738	9	microhomology	2
chr2	126030543	31	microhomology	5
chr2	133620490	26	microhomology	2
chr2	142886654	26	other	1
chr2	150130281	24	other	0
chr2	153000810	4	other	0
chr2	153038159	7	microhomology	3
chr2	170363309	5	other	1
chr2	176472565	4	other	1
chr2	180390373	8	microhomology	3
chr2	185986493	31	microhomology	2
chr2	188869286	12	microhomology	8
chr2	189261965	33	microhomology	2
chr2	189323564	7	microhomology	2
chr2	190454109	3	microhomology	2
chr2	195391461	9	other	1
chr2	201130756	6	other	1
chr2	201888262	28	other	0
chr2	204176350	7	microhomology	2
chr2	214428312	16	microhomology	3
chr2	223834818	6	other	0
chr2	225103276	8	microhomology	5
chr2	227225658	35	microhomology	2
chr2	231075983	17	microhomology	2
chr3	2685233	5	microhomology	3
chr3	2844404	5	microhomology	3
chr3	9351634	32	microhomology	2
chr3	18424986	12	microhomology	6
chr3	21815433	31	other	0
chr3	25568159	16	microhomology	3
chr3	29845348	24	microhomology	2
chr3	30674921	10	other	1
chr3	37796946	14	other	1
chr3	38925261	32	other	1
chr3	45427951	15	other	1
chr3	47957126	3	other	1
chr3	52460314	11	microhomology	4
chr3	54362920	27	other	0
chr3	55815247	28	microhomology	2
chr3	82547085	2	other	1
chr3	86379402	29	other	1
chr3	88827378	8	microhomology	6
chr3	96562434	36	other	1
chr3	104564299	5	other	1
chr3	106235540	29	other	0
chr3	106651254	29	other	0
chr3	108326799	2	repeat	1
chr3	112611460	5	microhomology	3
chr3	114764217	14	microhomology	3
chr3	114927801	17	microhomology	7
chr3	118902172	31	other	1
chr3	125919546	19	other	0
chr3	138844768	5	repeat	4
chr3	138844782	12	other	1
chr3	146124149	8	microhomology	3
chr3	146547380	13	other	0
chr3	152997333	25	other	1
chr3	153151529	17	microhomology	2
chr3	154411650	6	microhomology	3
chr3	158442065	30	other	0
chr3	163702925	31	microhomology	2
chr3	169729209	17	microhomology	4
chr3	185232761	22	microhomology	3
chr3	186587220	28	microhomology	3
chr3	197033260	12	other	0
chr4	5164880	15	microhomology	4
chr4	22375037	23	microhomology	2
chr4	32044367	32	microhomology	2
chr4	37191483	3	microhomology	2
chr4	44344770	17	other	1
chr4	45883982	16	microhomology	3
chr4	46860023	22	microhomology	4
chr4	52577509	14	microhomology	2
chr4	58121959	8	other	1
chr4	63795870	5	microhomology	2
chr4	67020583	10	microhomology	2
chr4	67568340	15	microhomology	4
chr4	68917747	10	microhomology	3
chr4	81175099	9	microhomology	2
chr4	85527196	11	microhomology	5
chr4	87051513	8	microhomology	5
chr4	93130485	29	other	1
chr4	100262933	13	microhomology	2
chr4	107376321	2	repeat	1
chr4	108444490	9	other	1
chr4	109412891	41	microhomology	2
chr4	110128420	28	microhomology	3
chr4	113818861	23	microhomology	2
chr4	117783639	14	microhomology	5
chr4	125135030	8	other	1
chr4	125462759	42	microhomology	7
chr4	126533475	15	microhomology	3
chr4	126542255	44	microhomology	4
chr4	132925376	17	microhomology	5
chr4	133221549	8	other	1
chr4	133365970	17	other	0
chr4	139054786	22	other	1
chr4	147955977	19	microhomology	5
chr4	158357517	3	repeat	1
chr4	161035362	9	microhomology	2
chr4	164635064	9	microhomology	2
chr4	165987193	10	microhomology	3
chr4	175813903	20	other	1
chr4	178317700	10	microhomology	4
chr4	178990374	15	microhomology	2
chr4	182830998	19	other	0
chr4	186045465	19	microhomology	3
chr5	1898488	9	other	0
chr5	8212647	29	microhomology	5
chr5	10993888	11	microhomology	6
chr5	15704216	15	microhomology	2
chr5	20054496	15	microhomology	2
chr5	22482037	17	microhomology	3
chr5	28045581	11	microhomology	3
chr5	28940009	23	other	0
chr5	30692132	12	other	1
chr5	37324369	2	other	1
chr5	37339762	33	other	0
chr5	39138120	15	microhomology	4
chr5	42396044	18	other	1
chr5	45233010	9	microhomology	3
chr5	63154190	29	microhomology	3
chr5	99401388	28	microhomology	2
chr5	112678713	20	microhomology	6
chr5	116785584	22	microhomology	5
chr5	139528409	18	other	1
chr5	144069769	3	microhomology	2
chr5	157505640	27	microhomology	2
chr5	161513379	25	microhomology	3
chr5	162403469	42	other	1
chr5	165978611	30	microhomology	2
chr5	166026357	16	microhomology	2
chr5	180954946	2	repeat	1
chr6	903930	11	other	1
chr6	9978725	19	microhomology	2
chr6	11935137	15	microhomology	2
chr6	12914668	15	microhomology	2
chr6	15423564	4	microhomology	2
chr6	20738146	27	other	1
chr6	22518580	38	other	0
chr6	27553619	45	other	1
chr6	31913874	18	other	0
chr6	33470273	4	microhomology	2
chr6	39024438	31	microhomology	2
chr6	39482598	13	microhomology	2
chr6	61289778	14	microhomology	3
chr6	67030957	6	microhomology	3
chr6	68318254	18	other	1
chr6	69735521	13	other	1
chr6	69860373	34	microhomology	2
chr6	75776707	20	microhomology	2
chr6	80605619	8	other	1
chr6	82968814	8	microhomology	4
chr6	91006119	17	other	1
chr6	103796937	34	microhomology	3
chr6	112575376	13	microhomology	4
chr6	116761342	10	other	1
chr6	120656420	34	microhomology	2
chr6	124761604	13	other	0
chr6	126118440	40	other	1
chr6	127861364	41	other	1
chr6	138683400	30	microhomology	2
chr6	138708385	2	repeat	1
chr6	140415799	2	other	0
chr6	144682988	14	microhomology	2
chr6	155191486	19	microhomology	4
chr6	155611171	39	other	0
chr7	9718356	9	other	1
chr7	11123737	10	microhomology	3
chr7	14702364	24	other	1
chr7	20035145	25	microhomology	3
chr7	23153993	5	other	0
chr7	25454114	13	microhomology	4
chr7	37461789	41	microhomology	2
chr7	45867434	14	other	1
chr7	53396236	22	microhomology	2
chr7	64742544	28	microhomology	2
chr7	67541301	13	microhomology	2
chr7	71904157	13	other	0
chr7	87400472	22	microhomology	2
chr7	87436169	33	microhomology	2
chr7	107575172	14	other	1
chr7	109346713	40	microhomology	3
chr7	109470941	24	other	0
chr7	124112456	5	other	1
chr7	124989882	13	microhomology	3
chr7	133058190	30	other	1
chr7	134501830	10	microhomology	2
chr7	145518572	40	other	1
chr7	156560361	5	microhomology	4
chr7	157967444	35	other	0
chr8	4565530	12	other	1
chr8	15509862	25	other	0
chr8	16919796	2	repeat	1
chr8	17011625	13	other	1
chr8	17697550	14	microhomology	5
chr8	22954495	3	repeat	1
chr8	23755724	19	other	1
chr8	31084036	25	microhomology	2
chr8	34466036	12	other	0
chr8	34542431	28	other	0
chr8	47735699	17	microhomology	2
chr8	52592795	12	other	0
chr8	64134682	17	other	1
chr8	79284940	17	microhomology	2
chr8	80207723	10	microhomology	4
chr8	104077559	30	other	1
chr8	106397816	5	microhomology	2
chr8	113508168	36	microhomology	3
chr8	118657551	13	microhomology	3
chr8	118869855	13	microhomology	2
chr8	119107169	42	other	1
chr8	124372094	15	other	0
chr8	130259255	30	microhomology	2
chr8	143907890	2	other	1
chr9	10310659	28	other	1
chr9	20183718	9	microhomology	2
chr9	28024709	19	other	1
chr9	30761768	12	microhomology	5
chr9	32628673	18	microhomology	3
chr9	63915766	6	microhomology	5
chr9	64102811	3	microhomology	2
chr9	73041199	24	microhomology	3
chr9	82507708	27	microhomology	3
chr9	86902058	27	microhomology	2
chr9	87300089	7	microhomology	2
chr9	94657241	47	other	0
chr9	103460140	23	other	1
chr9	114707979	22	microhomology	2
chr9	115169221	24	other	1
chr9	115631219	17	microhomology	2
chr9	122690707	8	other	0
chr9	123868522	10	other	1
chr9	126440412	29	microhomology	4
chr9	127579618	11	microhomology	2
chr10	5063816	27	other	1
chr10	5318477	4	microhomology	2
chr10	5675968	5	microhomology	2
chr10	7120757	15	repeat	2
chr10	7736078	37	other	1
chr10	9304709	14	microhomology	3
chr10	15157687	2	repeat	2
chr10	23569064	22	microhomology	3
chr10	24540553	24	other	1
chr10	33058054	16	other	1
chr10	39578900	28	other	1
chr10	59649964	9	microhomology	2
chr10	64265289	6	microhomology	2
chr10	72423517	5	microhomology	2
chr10	73727628	42	microhomology	2
chr10	100498190	14	microhomology	2
chr10	116213765	10	microhomology	3
chr10	118253812	43	microhomology	4
chr10	119907653	15	other	0
chr10	125357098	13	microhomology	4
chr10	126116991	17	other	0
chr10	130472134	24	microhomology	3
chr11	4828441	3	repeat	1
chr11	8457138	8	microhomology	5
chr11	15539913	14	other	1
chr11	19749597	22	other	1
chr11	20195424	8	other	1
chr11	27160132	10	microhomology	2
chr11	33412009	33	other	0
chr11	34505299	19	other	1
chr11	35345659	9	other	1
chr11	37836745	21	other	1
chr11	39632946	8	other	1
chr11	40154890	21	microhomology	4
chr11	48950017	11	microhomology	3
chr11	66734803	5	microhomology	4
chr11	68290143	15	microhomology	2
chr11	70428780	22	other	0
chr11	79843788	17	other	1
chr11	83262981	26	microhomology	2
chr11	84538617	5	microhomology	2
chr11	88660511	8	microhomology	4
chr11	97407063	9	microhomology	5
chr11	102399317	31	other	1
chr11	107221125	4	microhomology	3
chr11	112887178	21	microhomology	3
chr11	128118405	8	other	0
chr11	133420816	21	microhomology	2
chr12	1521598	46	other	1
chr12	3945246	10	other	0
chr12	8161334	3	other	0
chr12	8776797	19	microhomology	4
chr12	9931871	11	microhomology	4
chr12	19001223	12	microhomology	4
chr12	20505648	37	microhomology	2
chr12	21232311	11	other	1
chr12	24496580	14	microhomology	3
chr12	30541292	4	other	1
chr12	51817191	40	microhomology	3
chr12	56982897	12	microhomology	3
chr12	58568035	35	microhomology	2
chr12	72987061	9	other	1
chr12	79762090	8	microhomology	2
chr12	81216798	10	microhomology	2
chr12	81378057	7	other	0
chr12	83405648	11	microhomology	2
chr12	86594616	37	microhomology	3
chr12	90552062	4	repeat	8
chr12	92164453	24	other	1
chr12	99067311	29	other	1
chr12	100859136	21	microhomology	5
chr12	109040133	3	repeat	1
chr12	109349187	9	other	1
chr12	132467021	3	other	0
chr13	24591432	17	microhomology	2
chr13	33479173	27	microhomology	2
chr13	35940618	37	other	1
chr13	37296223	22	microhomology	2
chr13	38726368	37	other	1
chr13	39049162	26	other	1
chr13	40771969	4	other	0
chr13	55884832	3	other	0
chr13	81599182	26	microhomology	3
chr13	105073546	6	microhomology	2
chr13	114317423	20	microhomology	2
chr13	114317464	2	repeat	8
chr14	34529313	46	other	0
chr14	35467600	8	microhomology	2
chr14	38140450	20	microhomology	5
chr14	49898244	2	other	0
chr14	56617212	13	microhomology	4
chr14	84731601	5	other	1
chr14	85904995	6	microhomology	2
chr14	90000593	13	other	1
chr14	90347138	9	microhomology	2
chr14	98562761	18	other	1
chr15	46207517	14	microhomology	2
chr15	51825399	21	other	1
chr15	54020735	11	other	1
chr15	60164208	3	repeat	1
chr15	89116437	21	other	1
chr15	95036085	2	repeat	1
chr15	95660682	16	microhomology	3
chr16	6801872	33	microhomology	2
chr16	9081920	10	microhomology	6
chr16	9759067	38	microhomology	4
chr16	16850048	18	other	0
chr16	21593663	9	microhomology	2
chr16	26277642	2	repeat	1
chr16	31867235	14	microhomology	2
chr16	47209036	6	other	1
chr16	56806989	28	microhomology	3
chr16	60056311	3	other	0
chr16	68474439	49	other	1
chr16	68528342	45	other	1
chr16	86088446	3	other	0
chr16	88080750	5	microhomology	2
chr17	986679	25	microhomology	3
chr17	3698927	7	microhomology	2
chr17	5270377	5	other	0
chr17	12978691	6	microhomology	5
chr17	22319651	6	microhomology	2
chr17	35466517	11	microhomology	2
chr17	47218686	18	microhomology	3
chr17	48297020	19	microhomology	2
chr17	56608817	29	other	1
chr17	57523355	26	other	1
chr17	58113918	2	repeat	1
chr17	60287487	17	microhomology	2
chr18	2028405	4	microhomology	3
chr18	11221304	18	other	0
chr18	15176125	5	microhomology	4
chr18	27005740	41	other	0
chr18	31792258	20	microhomology	2
chr18	33441385	16	microhomology	5
chr18	43906611	13	microhomology	3
chr18	45756207	18	microhomology	3
chr18	59916260	5	microhomology	3
chr18	62668392	12	microhomology	4
chr18	78262525	10	microhomology	3
chr19	11916105	10	microhomology	2
chr19	19017252	26	other	1
chr19	20270168	26	microhomology	3
chr19	35049292	10	microhomology	3
chr19	39745958	18	microhomology	6
chr19	41330444	13	microhomology	2
chr20	6053084	11	other	1
chr20	13510142	35	other	1
chr20	20844537	18	other	1
chr20	29834303	48	microhomology	4
chr20	34062780	17	microhomology	2
chr20	53592336	3	microhomology	2
chr20	54458578	7	microhomology	3
chr20	58896545	24	other	0
chr20	61404494	30	microhomology	3
chr21	23450449	44	other	0
chr21	24457680	38	other	0
chr21	25044746	2	repeat	2
chr21	25166779	2	repeat	1
chr21	30407260	7	microhomology	2
chr21	38953187	26	other	1
chr21	43290096	39	microhomology	3
chr22	24018390	10	other	0
chr22	27745123	7	repeat	7
chr22	31294394	23	microhomology	3
chr22	34077458	22	microhomology	3
chrX	1179604	13	microhomology	2
chrX	9608355	21	microhomology	2
chrX	17201430	36	other	0
chrX	19419520	6	microhomology	3
chrX	26009980	20	microhomology	2
chrX	27254171	19	other	1
chrX	28302355	21	microhomology	2
chrX	28760043	24	other	1
chrX	30013269	17	microhomology	2
chrX	30302156	36	microhomology	3
chrX	30302198	4	other	0
chrX	36494205	8	microhomology	2
chrX	38325084	15	microhomology	2
chrX	40136454	23	microhomology	3
chrX	44883706	15	microhomology	2
chrX	47585546	25	microhomology	3
chrX	50488518	27	other	0
chrX	55348216	4	microhomology	2
chrX	76856408	27	microhomology	5
chrX	100275534	3	microhomology	2
chrX	108189065	39	microhomology	2
chrX	118848767	26	other	0
chrX	131833658	27	other	0
chrX	145175714	10	microhomology	6
chrX	151625308	20	other	1
