library,ambient_definition_umi,n_barcodes,total_umi,pct_mt,pct_rp,pct_malat1,pct_neat1,pct_nuc_lnc,pct_xist,spearman_vs_called_cells_pseudobulk,cosine_vs_called_cells_pseudobulk,enrichment_vs_cells_mt,enrichment_vs_cells_rp,enrichment_vs_cells_malat1,enrichment_vs_cells_neat1,enrichment_vs_cells_nuc_lnc
KH022-1,1-99,1995931,3765480.0,3.487231375548403,3.2460669024931748,4.3656585614583,0.07130565027566206,4.4369642117339625,0.014287687094341226,0.9552219632213964,0.9625554882781874,2.6866808562161806,3.647000938973492,0.7441510164760589,0.7124759445795932,0.7436197207511922
KH022-1,10-99,6955,103231.0,2.954538849764121,2.8925419689821856,4.58292567155215,0.09008921738625025,4.6730148889384004,0.023248830293225872,0.808660469665349,0.97544076643539,2.276276539109746,3.249810799893224,0.7811854154211626,0.9001586831557578,0.7831809906396632
KH022-1,100-400,3590,1204126.0,2.6441585016850397,5.244052532708371,3.9544034428290726,0.02159242471302837,3.975995867542101,0.008304778735780142,0.9022573637123507,0.9202202862362897,2.0371490337836495,5.891765353364882,0.674050272166661,0.21574844537150953,0.666363034642126
KH022-1-1,1-99,2047923,6677889.0,3.536147426230056,3.434408688134828,4.268115268163338,0.06036338729200201,4.328478655455339,0.01810452374994553,0.963247596977611,0.9539294799064384,2.6487109738347003,3.9328497070580055,0.7353630290940919,0.5889680304437496,0.7328228062522935
KH022-1-1,10-99,147371,3053760.0,3.359170334276433,3.6454403751440845,4.3272555800062875,0.04846484334066855,4.375720423346956,0.02344650529183695,0.9442132954144205,0.9508705163373257,2.5161482978280985,4.174508747608898,0.7455524443572639,0.47287345208177983,0.7408209616492298
KH022-1-1,100-400,23143,5032199.0,1.591888556076578,1.8329760011478085,5.270340064055495,0.0848336880159151,5.35517375207141,0.013671955341988661,0.9627725334527825,0.9973670490241429,1.1923860007435088,2.098998629389534,0.9080385580887931,0.8277257521072411,0.9066449829931675
"pbmc1k-v3 (control, exon-only)",1-99,233233,905119.0,11.008497225226739,21.368460942704772,2.9032646535980353,0.21533080180617134,3.1185954554042064,0.00011048271000829725,0.9150614913055689,0.9864087790216922,1.0294799501241407,0.8742598299079196,0.7721613420946098,0.7711082098241314,0.7720885336401087
"pbmc1k-v3 (control, exon-only)",10-99,21057,277359.0,13.630349114324757,20.82030869739219,2.2530366780958975,0.17306090662282458,2.426097584718722,0.0,0.8625318236330161,0.9561697570481296,1.2746672719537029,0.8518329695909518,0.5992246772924673,0.6197380252946368,0.6006428706253929
"pbmc1k-v3 (control, exon-only)",100-400,105,21375.0,64.97777777777777,4.4865497076023395,0.4304093567251462,0.04678362573099415,0.47719298245614034,0.0,0.3894715915195471,0.5925478309067905,6.076516899377824,0.1835607250685485,0.11447301785839215,0.16753403407182763,0.11814139902290019
