chrom	arm	start	end	nhet	nblocks	t	n	baf	baf_lo	baf_hi	blk_logR_sd	blk_baf_sd	ratio	logR	len
chr1	p	13494	1902439	720	36	525027.6636618557	1077584.0	0.325	0.32	0.335	0.22537162732313215	0.05557499659841267	0.854778653085184	-0.22637721575334627	1888946
chr1	p	1902481	7701113	4240	212	2039799.774322522	5235283.0	0.39	0.385	0.39	0.21099142186028003	0.05027152931673514	0.6835495339312007	-0.548882207286386	5798633
chr1	p	7701386	18929177	7020	351	4129071.8297756184	9157197.0	0.39	0.39	0.39	0.21278832925883095	0.05009944980232997	0.7910655934894442	-0.33813077000154657	11227792
chr1	p	18929260	50369238	18360	918	14071405.594918458	26205160.0	0.395	0.395	0.395	0.17100324053430435	0.039638490630124916	0.9420485398532628	-0.08612669704354461	31439979
chr1	p	50369310	63607716	8020	401	6690991.399581153	10498263.0	0.355	0.355	0.36	0.1618502262368643	0.02803809418506033	1.1181385950083154	0.1610990235465772	13238407
chr1	p	63607743	65176643	680	34	618480.6918066889	1257758.0	0.465	0.455	0.485	0.09883600572819426	0.03565532082472666	0.8626838598931333	-0.21309613029717084	1568901
chr1	p	65178503	82340743	12360	618	8651202.69198168	12427874.0	0.365	0.365	0.365	0.12430324547273562	0.026904180199022628	1.2212434880655705	0.28835086945216176	17162241
chr1	p	82340809	85587302	2680	134	1567642.973781675	2398035.0	0.415	0.415	0.415	0.09144290967074827	0.03240181288570503	1.1468701726922046	0.19770208550011278	3246494
chr1	p	85588397	121695794	24312	1215	14674547.377977073	26353110.0	0.46	0.46	0.46	0.15055222323419912	0.037400736886409006	0.9769120240975615	-0.033699448878961105	36107398
chr1	q	125100725	144323261	680	34	242981.00241776556	417171.0	0.305	0.305	0.31	0.3137344053771416	0.04494999143608157	1.0218351175961622	0.031162423069110014	19222537
chr1	q	144323267	152196095	4040	202	2984486.522727616	4406579.0	0.37	0.37	0.37	0.1528456106519827	0.03741611537343596	1.188203088022359	0.24878144307636996	7872829
chr1	q	152196135	155646764	2060	103	1856420.7116650343	2791918.0	0.41	0.41	0.415	0.15644740689239525	0.03422581413343483	1.1665312070227678	0.22222490279126425	3450630
chr1	q	155668108	171478492	11980	599	9611170.912217766	12457354.0	0.46	0.46	0.46	0.13783174327697012	0.037968337392952155	1.353546279357438	0.4367442158558222	15810385
chr1	q	171478539	175296233	1820	91	2442785.7384366095	2878885.0	0.41	0.41	0.415	0.13272860890066293	0.02797734001223357	1.4886193984249816	0.5739749411643501	3817695
chr1	q	175296882	184934985	7240	362	5581664.572828725	7646376.0	0.36	0.36	0.36	0.14193330990746403	0.027646620824074337	1.2806507238848768	0.3568770583275267	9638104
chr1	q	184935022	192863603	4920	246	3509333.4706149697	5361159.0	0.28	0.28	0.28	0.10422077833330948	0.01971423179557957	1.1483877893098442	0.1996098957101623	7928582
chr1	q	192863937	213951127	12180	609	11630355.80470334	16279035.0	0.245	0.245	0.245	0.15562901013986338	0.02935052187889302	1.2533921183439818	0.32583782622524976	21087191
chr1	q	213951475	248946254	29067	1453	21707951.883513108	27057475.0	0.35	0.35	0.35	0.15138116864058745	0.02721161255042399	1.4075187844048496	0.49315417629263497	34994780
chr2	p	10751	4155107	5500	275	1910352.6329348201	3521597.0	0.44	0.435	0.44	0.1447554668704095	0.047840630748488495	0.9516921808946562	-0.0714330769297744	4144357
chr2	p	4155249	10062470	4740	237	2877720.5063884035	4730957.0	0.45	0.45	0.45	0.10793425823858512	0.032874059210613024	1.0671420318656095	0.09375220524513185	5907222
chr2	p	10063939	38199022	21220	1061	12645016.327862255	22169508.0	0.465	0.465	0.465	0.14208689832346513	0.034412179280433455	1.0006586513976603	0.0009499203062404483	28135084
chr2	p	38200011	59779570	19940	997	10402007.085283257	16262616.0	0.475	0.475	0.475	0.13121046934361835	0.029446156849986808	1.122145967163489	0.1662603518878224	21579560
chr2	p	59780681	70637372	7260	363	5015473.057494774	8415066.0	0.48	0.475	0.485	0.1402778354046415	0.03125560760652241	1.0456274848380316	0.06436896870044426	10856692
chr2	p	70637410	86828846	10760	538	6628732.512351379	12220470.0	0.465	0.46	0.465	0.11312849086910676	0.035116310894418565	0.9516235921368396	-0.07153705616664909	16191437
chr2	p	86828858	91799749	2670	133	1015391.0113212466	2132679.0	0.38	0.38	0.38	0.23057344339917774	0.06595879392823016	0.8352768348635426	-0.2596736672491039	4970892
chr2	q	96005205	126681067	20380	1019	14136069.282922313	23173344.0	0.46	0.46	0.46	0.13739491164585332	0.04074073661451489	1.0701941472333474	0.09787254414300431	30675863
chr2	q	126682405	132647495	5200	260	2614443.133200519	4654842.0	0.43	0.425	0.43	0.1611797829662263	0.05904309365441503	0.9853644070317725	-0.021270734792126843	5965091
chr2	q	132648233	152433419	11580	579	9832742.116860673	14673615.0	0.46	0.46	0.46	0.12089541413390276	0.03641140687584685	1.1756015341275823	0.23339914678035448	19785187
chr2	q	152435434	182133630	19060	953	11820444.42694801	21938744.0	0.335	0.335	0.335	0.12469310776227989	0.025753531085210286	0.9452455907258879	-0.08123888037888027	29698197
chr2	q	182147825	192704918	8180	409	5140038.765438557	7441638.0	0.46	0.46	0.46	0.11226047824017538	0.028186764557779156	1.2117707624803682	0.2771168018530623	10557094
chr2	q	192708426	216181216	14960	748	10880555.986687839	17154052.0	0.425	0.425	0.425	0.12732786702941357	0.033376109571879954	1.1127740283600573	0.15416065353933703	23472791
chr2	q	216181720	230480994	9820	491	6692277.805893838	11283179.0	0.43	0.43	0.43	0.12305817434576335	0.0313155580360828	1.04055513795223	0.05735341403302278	14299275
chr2	q	230484173	238856321	6300	315	3839190.5766605884	7055182.0	0.43	0.43	0.43	0.15685887236246918	0.042448178059955946	0.9546717347997873	-0.06692334916181705	8372149
chr2	q	238857292	242183431	2610	130	1719494.1892895252	2953300.0	0.36	0.36	0.36	0.18317853360234396	0.042635808074639736	1.021446823671284	0.030614099594743968	3326140
chr3	p	10318	10314630	12000	600	5415046.995828454	8025695.0	0.26	0.26	0.26	0.1320433140112425	0.02405468163026344	1.1837014891834832	0.2433053019356886	10304313
chr3	p	10316268	22139557	8740	437	5811126.896310858	9490404.0	0.28	0.28	0.28	0.14671001867306413	0.029217147200508133	1.0742324662754406	0.10330622949825181	11823290
chr3	p	22139559	22644221	460	23	326540.6145296246	364963.0	0.195	0.195	0.195	0.07526058451133749	0.01518007847834443	1.5696794876079876	0.6504700057130081	504663
chr3	p	22688759	32380131	7820	391	4613761.428125216	7375276.0	0.29	0.29	0.29	0.11461432923362325	0.024551523853708616	1.0974872202897599	0.13420414036935027	9691373
chr3	p	32380243	32977283	260	13	374369.0210935604	462031.0	0.21	0.205	0.215	0.17076652548258991	0.016507125949134564	1.4215148580343142	0.5074291785092123	597041
chr3	p	32977459	43340835	3900	195	4719582.2832732	8187476.0	0.295	0.295	0.295	0.12629283180645728	0.024349471830724376	1.0112909885786145	0.016198177632464533	10363377
chr3	p	43342390	56548283	7300	365	5124412.415804468	10968151.0	0.34	0.34	0.34	0.13422347119502123	0.03046011084043087	0.8196591079514309	-0.28690406994080137	13205894
chr3	p	56548523	75708402	15020	751	7842000.075335491	15102140.0	0.34	0.34	0.34	0.1295674788386124	0.030371744566440356	0.9109844530123737	-0.13450166188456	19159880
chr3	p	75708410	75785641	380	19	35398.18824708462	65607.0	0.155	0.15	0.16	0.1827187017965436	0.04746335516061305	0.9465716002921044	-0.07921645691458748	77232
chr3	p	75785647	83005862	4580	229	3088206.337556146	4997405.0	0.43	0.43	0.43	0.08155780543819034	0.037024529354434135	1.0841375280023462	0.11654778102919096	7220216
chr3	p	83009309	85580105	1660	83	1157698.069122903	1673581.0	0.375	0.375	0.38	0.08973597624692853	0.02395379497703262	1.2135877593391036	0.27927843925573154	2570797
chr3	p	85581401	87783312	2575	128	881695.8624095991	1506392.0	0.445	0.445	0.445	0.1042949399673314	0.03684718230407856	1.0268415113975442	0.03821352501976548	2201912
chr3	q	94060750	118356573	17120	856	10922599.980471253	17650594.0	0.425	0.425	0.43	0.12756099769955923	0.03223242411174092	1.08564870450119	0.11855734967760036	24295824
chr3	q	118357012	123178407	3120	156	2139685.3968935534	3714476.0	0.445	0.44	0.445	0.16810535228932552	0.03711271357910212	1.0105899643585456	0.015197758488207834	4821396
chr3	q	123179852	142959727	15080	754	10422641.972916812	16015512.0	0.38	0.38	0.38	0.1560983495038847	0.0327452674434964	1.1417199966103755	0.19120887746737583	19779876
chr3	q	142962407	155748143	9740	487	6759196.78438583	9269594.0	0.385	0.385	0.385	0.12363646062994589	0.02690848161906047	1.2792546160948848	0.3553034392148164	12785737
chr3	q	155748827	156165505	480	24	304410.5544320941	311077.0	0.27	0.265	0.27	0.11482227326870692	0.01574399135825756	1.7167791064628597	0.7797044234333997	416679
chr3	q	156166530	194011063	28480	1424	21064469.732847646	27934475.0	0.37	0.37	0.37	0.1395358548853521	0.026649435228103747	1.3229171066121388	0.4037226658295636	37844534
chr3	q	194011259	197198096	3480	174	1704499.9773834199	2507654.0	0.36	0.36	0.365	0.15550199759416738	0.036589205823913146	1.1924824647345382	0.253968051785065	3186838
chr3	q	197205030	198181665	703	35	431687.85060563684	747232.0	0.41	0.4	0.415	0.1419217561966286	0.056733533977278566	1.0135308656034319	0.01939002464591253	976636
chr4	p	10165	10290189	9340	467	3693012.2945703324	8851354.0	0.465	0.46	0.465	0.20441488832269764	0.044661372551308844	0.7319706348089876	-0.4501423232431219	10280025
chr4	p	10290406	47423916	28980	1449	14042932.569280058	27388064.0	0.49	0.485	0.495	0.11417188714862553	0.028766925757849438	0.8995371242367376	-0.152745271612913	37133511
chr4	p	47426288	48197797	678	33	378034.7796318829	578654.0	0.4	0.395	0.4	0.11766161121875265	0.04195848225617207	1.1461340442643633	0.19677578204115292	771510
chr4	q	51811180	57649765	4480	224	2545421.223267235	4571997.0	0.445	0.44	0.445	0.19024057646158427	0.0414052753062022	0.9767340753495121	-0.03396226595430138	5838586
chr4	q	57651432	60731106	2680	134	1311120.7432771325	2065886.0	0.405	0.405	0.405	0.10415691582535487	0.028793811717587693	1.1134198278980485	0.15499768021101165	3079675
chr4	q	60731219	113051700	38800	1940	22162628.42209713	37717860.0	0.445	0.445	0.445	0.12753341185594985	0.03505634101531535	1.0308532301009803	0.043838940583309685	52320482
chr4	q	113052262	128323296	11860	593	6622119.005559728	10752698.0	0.43	0.43	0.43	0.10296429757562274	0.031268482216842156	1.0804437159005698	0.11162391911448727	15271035
chr4	q	128323505	181407432	39720	1986	19796148.63990041	37926816.0	0.48	0.48	0.48	0.10692499252093213	0.029976515068428848	0.9157078483917449	-0.1270407071608028	53083928
chr4	q	181407782	190192121	9935	496	3287763.1351643205	6652233.0	0.46	0.455	0.46	0.14634409594407824	0.04411912141222947	0.8670730428683702	-0.20577456263372293	8784340
chr5	p	12041	3727065	3560	178	1184852.3008712425	3213458.0	0.43	0.425	0.43	0.14351233411674286	0.05426071325697965	0.6468658191564044	-0.6284616131391778	3715025
chr5	p	3727949	21826455	14860	743	5996089.566847168	13758970.0	0.445	0.445	0.45	0.11725190346401278	0.038481309933809764	0.7645480816025069	-0.3873208609164056	18098507
chr5	p	21826881	46098683	19368	968	9577809.936076768	17528398.0	0.465	0.465	0.465	0.12119898196460112	0.031797258871540064	0.958620261239526	-0.06096866204411519	24271803
chr5	q	51422666	54500758	2300	115	1072151.3268885948	2241728.0	0.375	0.375	0.38	0.12211530019624196	0.022924879378482203	0.8390653486839527	-0.25314491884580365	3078093
chr5	q	54502141	56303987	860	43	817156.2356500104	1387437.0	0.31	0.31	0.315	0.11306395870574414	0.01761618312967965	1.0332714797655556	0.04721935493349875	1801847
chr5	q	56304054	128929280	53180	2659	25989498.446509797	52342292.0	0.36	0.36	0.36	0.12508840063109236	0.02860679374515125	0.8710995264536806	-0.1990905332179795	72625227
chr5	q	128929427	173146764	31240	1562	16566006.603268318	34999329.0	0.36	0.36	0.36	0.14213764290667652	0.03217528022086527	0.8303873546936471	-0.26814362067575886	44217338
chr5	q	173147173	181475100	6303	315	2646379.0516474545	6652979.0	0.375	0.375	0.375	0.16595498435472367	0.047219167568268945	0.6978442631439057	-0.5190229866171101	8327928
chr6	p	147596	1515139	1260	63	557986.5737983328	1148583.0	0.34	0.34	0.345	0.13620801225167858	0.03429416415568857	0.852283302753802	-0.2305950264780706	1367544
chr6	p	1515333	29575869	22620	1131	14756490.250886371	21866784.0	0.48	0.48	0.48	0.15214131972020145	0.030234502111799448	1.183915687844687	0.24356634358560167	28060537
chr6	p	29577048	29881500	1560	78	152983.66633243114	256068.0	0.395	0.39	0.395	0.18879857650329765	0.0756965246202177	1.0481232877157192	0.0678084269084687	304453
chr6	p	29881508	30000022	2360	118	76099.5870959647	107643.0	0.335	0.335	0.34	0.2748658689584044	0.07442826462908186	1.2402782347810477	0.3106638003791018	118515
chr6	p	30000033	32465290	4360	218	1455715.5835450273	1999104.0	0.45	0.45	0.45	0.21072520082993212	0.04114942255796307	1.2775083815623318	0.3533327565239485	2465258
chr6	p	32465607	32590437	2080	104	37740.85670946911	53013.0	0.35	0.35	0.35	0.3041996479379819	0.054122915117613565	1.2489699454123881	0.3207387610722183	124831
chr6	p	32590459	44672469	11360	568	7181521.746499572	10137731.0	0.44	0.44	0.44	0.1991568525718365	0.04295593446738271	1.242791664632997	0.3135844704917943	12082011
chr6	p	44672863	48253521	3400	170	1453333.7364207245	2750298.0	0.34	0.34	0.34	0.12330417889810953	0.02517277666688971	0.9270607987878753	-0.10926413766174517	3580659
chr6	p	48253597	58453052	8969	448	4443618.183334224	7454680.0	0.415	0.415	0.415	0.11609081402093059	0.03829878262345236	1.0457559511312444	0.06454620801599498	10199456
chr6	q	62604844	73546033	8740	437	4324747.499711875	7602312.0	0.395	0.395	0.395	0.11316388233831749	0.026675881775415296	0.9980164099152276	-0.0028645575726373687	10941190
chr6	q	73548145	95267412	16700	835	8192502.083969034	15736186.0	0.34	0.34	0.34	0.12154595148844653	0.025726523134958896	0.9133551783611357	-0.13075210169259197	21719268
chr6	q	95268755	106055387	8440	422	4623967.3773653805	7665426.0	0.295	0.295	0.295	0.10127840709153062	0.021251591225170903	1.058281200019548	0.08172302250934758	10786633
chr6	q	106055817	130921817	17540	877	9829458.376537181	18318653.0	0.34	0.34	0.34	0.1269396402584866	0.0265134401189221	0.9413663434102694	-0.08717182148957743	24866001
chr6	q	130923340	153413897	15420	771	9878098.203397878	16947105.0	0.31	0.31	0.31	0.12579768733488608	0.024665298411646542	1.0225873931528795	0.03222414515281288	22490558
chr6	q	153414254	153438458	400	19	10914.087022855878	19200.0	0.42	0.415	0.425	0.21566617031607493	0.05508492561918292	0.9972609158017262	-0.00395708506143235	24205
chr6	q	153441782	170737729	16031	801	7563268.120831385	13758037.0	0.305	0.305	0.305	0.14110755771051314	0.032353518524660646	0.964440942124875	-0.05223519783871448	17295948
chr7	p	24443	7010379	5860	293	2451282.4796809424	5874471.0	0.335	0.335	0.335	0.19497499747415098	0.03887145774249434	0.7320609010768735	-0.44996442175123263	6985937
chr7	p	7010738	20543541	14360	718	5304217.852916414	9617583.0	0.335	0.335	0.335	0.11412826295520836	0.023677633938519474	0.9675602656869983	-0.04757657078796472	13532804
chr7	p	20546236	55651009	29900	1495	13631558.603242025	27502194.0	0.34	0.34	0.34	0.12694496109930925	0.029557052550756704	0.8695624727116762	-0.20163841487287876	35104774
chr7	p	55652027	58099786	3255	162	737880.8157085329	1768947.0	0.35	0.35	0.35	0.22926029953354163	0.04213858268726693	0.7318027097032233	-0.4504733372205223	2447760
chr7	q	62110703	62357410	640	32	77514.48200761154	154096.0	0.365	0.365	0.37	0.2745916399110721	0.055612489815126065	0.882498749775204	-0.18033386034987955	246708
chr7	q	62357552	65238126	3640	182	1115439.9492309503	1868925.0	0.42	0.42	0.42	0.22916209527245066	0.06148219071722677	1.047072940418748	0.06636194572150902	2880575
chr7	q	65238731	76544211	7380	369	4426734.387096662	8322379.0	0.395	0.395	0.4	0.18101454819170898	0.043185202323857405	0.9331653186099026	-0.09979540479550139	11305481
chr7	q	76544219	100711959	15920	796	11370527.738060586	17570867.0	0.4	0.395	0.4	0.12077669295882801	0.027595761744531586	1.1352984519490952	0.1830716090106891	24167741
chr7	q	100712743	101638289	1160	58	370663.86980074644	755865.0	0.37	0.365	0.375	0.2051967528781765	0.05469513387350963	0.860317257449453	-0.21705931722957456	925547
chr7	q	101662709	127007433	16020	801	12619100.725916728	18352130.0	0.38	0.38	0.38	0.1121018331985437	0.024280353219620295	1.2063256021989885	0.27061936103329615	25344725
chr7	q	127022566	152413706	19240	962	12665216.757816002	19598547.0	0.38	0.38	0.38	0.16299303115201705	0.034334470709592335	1.133734512147135	0.18108284235146638	25391141
chr7	q	152413714	157257115	5580	279	2288107.157679178	4006238.0	0.375	0.375	0.375	0.15519310308751416	0.03983236865002413	1.001987327271601	0.0028642620280987362	4843402
chr7	q	157258526	159335896	2639	131	929927.4266853929	1807814.0	0.335	0.335	0.335	0.20562343997663754	0.04319410185765319	0.9024391473271095	-0.14809844245464296	2077371
chr8	p	75951	13086182	16660	833	4735553.614159216	9346975.0	0.395	0.395	0.395	0.1733253069319889	0.044729275764034036	0.8888373418749734	-0.17000866631723222	13010232
chr8	p	13087103	19852064	9160	458	2849003.8262053523	4985734.0	0.405	0.4	0.405	0.11483206907090569	0.02962356913805857	1.0025049909151629	0.0036094190748406202	6764962
chr8	p	19852264	26282771	5700	285	2732072.6750047943	5283439.0	0.395	0.395	0.395	0.1443971446686261	0.0355266233471634	0.9071898137813016	-0.14052365355971702	6430508
chr8	p	26282772	36784954	7320	366	4042558.024632968	8126554.0	0.34	0.34	0.34	0.1338864676513048	0.028030007238705898	0.8727150226164435	-0.19641746345766836	10502183
chr8	p	36784988	43192450	4896	244	2697790.3279850986	4931960.0	0.425	0.425	0.43	0.14861257660076732	0.037202822292975994	0.9596464538119416	-0.05942509871704193	6407463
chr8	q	47210085	86948575	27720	1386	14944624.655873772	29360646.0	0.48	0.48	0.485	0.12622674064291506	0.029386489007907017	0.8929805923809414	-0.1632992740537764	39738491
chr8	q	86950592	107893399	13940	697	9605610.297797743	15693145.0	0.425	0.425	0.425	0.12351170100377976	0.031987043276138084	1.0738350885215535	0.10277245213156516	20942808
chr8	q	107893453	128694336	11180	559	12103901.514269069	15489647.0	0.31	0.31	0.31	0.1365658854112965	0.02609719924971965	1.370902207883182	0.4551256613914561	20800884
chr8	q	128695276	138102841	10240	512	5151982.808724806	7554615.0	0.335	0.335	0.335	0.1306880079781927	0.023949245111279525	1.1964228082087798	0.2587273188932464	9407566
chr8	q	138104062	139468412	1380	69	698488.9320751205	1182084.0	0.335	0.335	0.34	0.1201498243101064	0.0266298185869753	1.0366539455831745	0.05193437601092058	1364351
chr8	q	139468773	141296101	1120	56	1261152.2362272441	1590626.0	0.24	0.24	0.245	0.1755306517940791	0.04015554895957591	1.390983737000263	0.47610555238466035	1827329
chr8	q	141296705	142672128	1200	60	690962.4130940735	1352006.0	0.295	0.29	0.3	0.1696378368421912	0.04029914184363401	0.8965993495918407	-0.1574646420534859	1375424
chr8	q	142673310	145075952	2433	121	1345217.258219108	2158283.0	0.3	0.295	0.3	0.19917852870163008	0.032231087093156065	1.0934694539498186	0.12891291928802914	2402643
chr9	p	10435	14773259	15100	755	6509998.775003342	10976887.0	0.295	0.295	0.3	0.1401891963820091	0.026882485764441504	1.0404574602744194	0.057217980829392584	14762825
chr9	p	14775781	31848863	13340	667	6672119.918823917	12496115.0	0.335	0.335	0.335	0.12250171188182969	0.02898092857045197	0.9367235634979578	-0.09430473794395444	17073083
chr9	p	31848942	42190453	7724	386	3290876.417822996	6642138.0	0.34	0.34	0.34	0.16453910310644437	0.041294119851917735	0.8692131625046231	-0.20221807345564263	10341512
chr9	q	45510779	129400881	46340	2317	24517490.023339633	49727255.0	0.34	0.34	0.34	0.13946970438729311	0.030613052976248806	0.8649761563629983	-0.20926773042814067	83890103
chr9	q	129400975	129443803	640	32	21004.137391097844	44007.0	0.44	0.43	0.455	0.3011660435705686	0.0643869451902907	0.8373474502817534	-0.25610171370523466	42829
chr9	q	129443817	133365882	2560	128	1486323.1546384692	3381548.0	0.335	0.33	0.335	0.2121683898875624	0.041601379107577	0.7711170434497195	-0.37497823969019844	3922066
chr9	q	133368224	138287530	2358	117	1619889.639655821	4460992.0	0.345	0.34	0.35	0.22769350156877174	0.04683850364104945	0.6370545156974737	-0.6505112590445647	4919307
chr10	p	10463	12267509	11540	577	7033406.670632501	9689386.0	0.445	0.445	0.445	0.16142320572928925	0.04836325477417937	1.2734798766497324	0.3487761625276831	12257047
chr10	p	12268285	16808345	5120	256	2149664.1633696314	3633304.0	0.44	0.44	0.445	0.15210852139546432	0.03820094814222343	1.0379859968640899	0.053786980891357465	4540061
chr10	p	16809950	33573175	13100	655	9227857.339242915	12651064.0	0.445	0.445	0.445	0.14811780082000447	0.04334989829499434	1.2796654195306938	0.35576665344305497	16763226
chr10	p	33573443	37999807	3037	151	1951495.72913225	3382787.0	0.46	0.455	0.465	0.13636526084162653	0.035759259183340816	1.0120816886562645	0.0173257396992638	4426365
chr10	q	41701615	42301255	1480	74	156388.31971796602	291692.0	0.38	0.38	0.385	0.2250109415673342	0.054313608261343585	0.9405944467739416	-0.08835528027103985	599641
chr10	q	42301537	44916005	2660	133	1198565.8619594127	2171337.0	0.455	0.45	0.46	0.17034023870185916	0.04041201256098116	0.9684055862747987	-0.046316693299682736	2614469
chr10	q	44916028	56094689	8160	408	3376887.3236717917	7747984.0	0.385	0.385	0.385	0.14780623742936216	0.045626328171090094	0.7646284793629368	-0.3871691590745929	11178662
chr10	q	56095197	65715352	5560	278	3711016.6711574234	7057728.0	0.345	0.345	0.345	0.13062123221984906	0.029211850170141867	0.922466500258945	-0.11643157481225867	9620156
chr10	q	65716468	69517826	3220	161	1554832.432277605	2756566.0	0.305	0.3	0.305	0.12714414095687415	0.026036404731819823	0.9895501545182356	-0.015155263975351437	3801359
chr10	q	69518711	120015189	36000	1800	19867804.23740675	40088492.0	0.335	0.335	0.335	0.15437350930298727	0.031154224962670653	0.8694663275978596	-0.20179793848631813	50496479
chr10	q	120015593	130181214	9920	496	4616544.511190526	8608933.0	0.29	0.29	0.29	0.14643041952002947	0.031188988307980402	0.9407848486617282	-0.08806326912699262	10165622
chr10	q	130183266	133787245	3803	190	1436283.705058001	3140980.0	0.295	0.29	0.295	0.1606894529474534	0.03746839850362693	0.8022277439719325	-0.317916234196684	3603980
chr11	p	87018	4364469	3800	190	1631031.7212734115	3521849.0	0.425	0.42	0.425	0.21721456180403223	0.0582459205233957	0.8124830155584051	-0.29959044016755176	4277452
chr11	p	4364655	11758689	7720	386	3323231.7513739495	5882694.0	0.455	0.455	0.455	0.15596823317660624	0.037212627224591045	0.9910760595858314	-0.012932314391270926	7394035
chr11	p	11758843	21803849	7980	399	6474161.36956852	8069393.0	0.42	0.42	0.42	0.1521811236591898	0.032797356755299024	1.4075546568095887	0.49319094474042535	10045007
chr11	p	21804426	34405569	10720	536	7092294.2086179685	9224349.0	0.455	0.455	0.455	0.117624764042058	0.03016340313525906	1.3488809840767106	0.43176306047516055	12601144
chr11	p	34405570	35067538	780	39	553805.8365829438	530338.0	0.385	0.38	0.385	0.13631527120680753	0.02618273919378333	1.8320081320739592	0.8734259074068734	661969
chr11	p	35067616	36266544	820	41	1407279.031918481	1012772.0	0.26	0.26	0.265	0.14338500200085622	0.01681158491247873	2.437761119115808	1.2855567604322744	1198929
chr11	p	36266728	44254916	6640	332	3983436.528276209	5846698.0	0.475	0.475	0.475	0.11417596302884694	0.029315632346896228	1.1952805563953808	0.25734928750664743	7988189
chr11	p	44256165	50820459	5350	267	2914444.6935881153	5260157.0	0.445	0.445	0.45	0.12801636475063274	0.0450885155183517	0.9720301293351938	-0.040927062158366244	6564295
chr11	q	55801599	59261814	2200	110	1437402.2629342861	2672407.0	0.43	0.43	0.435	0.16856050166073394	0.04738110391563776	0.9436226106546421	-0.08371810669520913	3460216
chr11	q	59264810	67457517	3760	188	4031508.9051256552	6861778.0	0.395	0.395	0.395	0.17025423555475674	0.03719530659849558	1.0307505504556467	0.04369523167411712	8192708
chr11	q	67458626	69121714	1320	66	896920.4423991516	1436525.0	0.34	0.335	0.345	0.15432410366223934	0.039753602905715446	1.0953763226834468	0.1314266009653422	1663089
chr11	q	69121899	69263215	160	8	155381.2680492252	130761.0	0.165	0.16	0.17	0.08291207153256527	0.015612494995995993	2.0846974888832386	1.0598380489208858	141317
chr11	q	69263222	69544971	220	11	169036.36455956846	269899.0	0.355	0.34	0.37	0.20665613616045436	0.029331392372548507	1.0987565663335994	0.1358717871558138	281750
chr11	q	69546618	71795768	1940	97	2224026.3162331283	1948921.0	0.175	0.175	0.175	0.19950307151900237	0.023472010453664892	2.0020194927838557	1.001456021129798	2249151
chr11	q	71795976	72181850	680	34	321588.1317394003	318485.0	0.245	0.245	0.245	0.12328543677114473	0.02633995544026519	1.7714693600540097	0.824946512320231	385875
chr11	q	72181995	75135226	1560	78	1495694.1141796112	2408961.0	0.395	0.39	0.395	0.1894366941323832	0.03402246231746501	1.0892702207287146	0.12336189505181086	2953232
chr11	q	75136067	89729623	8720	436	9139504.878998108	11201844.0	0.315	0.315	0.315	0.13583803769940786	0.022623478734335394	1.4313826998080557	0.5174094479558043	14593557
chr11	q	89729873	105652095	12100	605	8306331.918050267	11508562.0	0.36	0.355	0.36	0.1265041720667406	0.021585957358547597	1.2662248568547363	0.34053362203638526	15922223
chr11	q	105653176	108138933	1720	86	1123086.2388615683	1819664.0	0.41	0.405	0.41	0.11892945016780729	0.0266355858735947	1.082790702163422	0.11475440441254596	2485758
chr11	q	108140839	108684471	460	23	328497.3729212731	400923.0	0.305	0.3	0.305	0.13886385271843027	0.0247730721544534	1.437452638792702	0.523514422906043	543633
chr11	q	108687234	116569294	4780	239	3537474.1960687935	6404131.0	0.425	0.425	0.43	0.1528500946598453	0.03729461944979146	0.9690712039483793	-0.045325421188008454	7882061
chr11	q	116569319	123326988	5200	260	2823296.3154507503	5691105.0	0.33	0.33	0.33	0.1934187185885918	0.03329276624168783	0.8703270428095435	-0.20037047050081863	6757670
chr11	q	123328235	132479882	7220	361	5001673.351107985	7532545.0	0.245	0.245	0.245	0.14364395297972984	0.028120586991972195	1.164920279415905	0.22023122833307962	9151648
chr11	q	132479930	135075816	2626	131	1064216.7767583877	2236299.0	0.315	0.315	0.315	0.1548258224787514	0.028524553229426867	0.8348776722860538	-0.26036326797712156	2595887
chr12	p	12321	11308615	10840	542	5070920.228061496	9025515.0	0.41	0.41	0.41	0.19164078464097864	0.051414513777314805	0.9856833064548772	-0.020803902236910754	11296295
chr12	p	11308619	14730159	2120	106	1384317.1914675226	2694960.0	0.475	0.465	0.485	0.16477978705182292	0.031147509038937975	0.9011682949337995	-0.15013153757944384	3421541
chr12	p	14730161	17735670	2420	121	1398328.053108544	2184350.0	0.415	0.41	0.415	0.12238280929878878	0.0433544140569654	1.1230768072813488	0.1674565971015476	3005510
chr12	p	17768938	23783889	4840	242	2284024.1926510157	4310546.0	0.485	0.48	0.5	0.11980029008594448	0.028119652539775834	0.9295891172972015	-0.10533491568156095	6014952
chr12	p	23785188	29404501	4800	240	2718727.994817795	4190080.0	0.415	0.415	0.415	0.12165976766102027	0.033491752456969	1.1383244375408783	0.18691180344650227	5619314
chr12	p	29404756	33199747	3692	184	1609320.2628712635	2894602.0	0.43	0.43	0.43	0.1388828425989493	0.039604577591013025	0.9753853689692179	-0.03595576314702975	3794992
chr12	q	37800695	48225276	8720	436	4747556.320762124	7743451.0	0.425	0.42	0.425	0.1343435549704162	0.034415846468950836	1.0756183090646736	0.10516621793963324	10424582
chr12	q	48225842	57751373	5900	295	3750012.089053668	7749257.0	0.475	0.47	0.485	0.1372313040946288	0.03621988293138651	0.8489756196466383	-0.23620497093228693	9525532
chr12	q	57760400	66122980	4660	233	3606307.64304062	6151010.0	0.445	0.445	0.445	0.11453357178078476	0.037228191193352626	1.0285820813858257	0.04065692627240358	8362581
chr12	q	66134804	92855379	15720	786	12591270.255407471	19128276.0	0.465	0.465	0.465	0.11070188559786949	0.03031954500252775	1.15482540984718	0.2076747569342027	26720576
chr12	q	92857092	107105299	11120	556	6538873.699085996	11040991.0	0.485	0.48	0.49	0.12719682901978088	0.028369990442712167	1.0390046904550885	0.05520216712087495	14248208
chr12	q	107125719	120559799	8120	406	5999429.209464781	11195977.0	0.485	0.48	0.5	0.15234537780072074	0.03248192573238441	0.9400924194772323	-0.08912550132330883	13434081
chr12	q	120559822	133254733	11738	586	4778901.403524622	10640153.0	0.42	0.415	0.42	0.1610563781421533	0.04583530151082048	0.7879575344414383	-0.3438102145732177	12694912
chr13	p	16000289	16497397	576	28	44307.50274871733	85080.0	0.335	0.33	0.34	0.4264043426084084	0.04729244395357509	0.9136343238418247	-0.1303112433260552	497109
chr13	q	18900340	20217943	1240	62	545930.103033683	985224.0	0.435	0.43	0.44	0.16429146003446884	0.05296791137845673	0.9721307365757188	-0.04077774779898637	1317604
chr13	q	20218045	21415354	1360	68	632749.8667642773	928858.0	0.455	0.45	0.465	0.18600674563934802	0.0394196518666413	1.1951030413040906	0.25713501215552426	1197310
chr13	q	21416328	30103366	7160	358	3312536.164538998	6873422.0	0.34	0.34	0.34	0.13931523958945619	0.033621376999683206	0.8454934254169745	-0.24213455864974429	8687039
chr13	q	30103381	68926669	26820	1341	15050649.804604892	28230654.0	0.335	0.335	0.34	0.1187813532004668	0.02655098415451243	0.9353129051621943	-0.09647900132468319	38823289
chr13	q	68940769	94632726	19460	973	8916026.332046986	17798795.0	0.36	0.36	0.36	0.08986370298401745	0.02489215846847274	0.8788269298343615	-0.1863490160419482	25691958
chr13	q	94633326	95548579	860	43	311060.1894371547	715101.0	0.355	0.35	0.36	0.12195705554978238	0.03235526493912067	0.7631319946223362	-0.38999548144814217	915254
chr13	q	95557380	98034328	1220	61	1234374.8513943143	1904534.0	0.46	0.455	0.465	0.10826409446087955	0.02923507481724663	1.1370536325981278	0.18530030494123825	2476949
chr13	q	98035499	111307263	11620	581	5548602.444657754	10204654.0	0.46	0.46	0.465	0.13048793315807905	0.036331026774741336	0.9539111824525124	-0.06807315004068958	13271765
chr13	q	111307271	114354142	2362	118	1108139.764438562	2480514.0	0.445	0.44	0.455	0.18739676736156907	0.0576130497532224	0.7837462429226917	-0.35154147286396836	3046872
chr14	p	16023334	16096656	103	5	4193.351981383518	6423.0	0.38	0.365	0.395	0.11433833147519251	0.0661513416341649	1.1453705462489705	0.19581440946013698	73323
chr14	q	18223583	19954652	1320	66	342123.17412741913	705431.0	0.34	0.335	0.34	0.1743028033251734	0.04169585754330769	0.8508452272220619	-0.2330313721732004	1731070
chr14	q	19954892	46898413	21020	1051	11606587.18962204	19568513.0	0.43	0.43	0.43	0.1217894138086416	0.03243556402792608	1.0405652734771398	0.05736746653228615	26943522
chr14	q	46898683	92838156	37540	1877	18014595.06086178	35480754.0	0.345	0.345	0.345	0.14553848369774863	0.02747640724642476	0.8907468167969531	-0.16691267218352313	45939474
chr14	q	92838950	95477211	2520	126	1005276.4544806778	2262155.0	0.34	0.34	0.34	0.15309274228349257	0.04550307039607208	0.7796250175952012	-0.3591477085226646	2638262
chr14	q	95477496	105845780	7360	368	4560645.035723139	8887902.0	0.3	0.3	0.3	0.1783723381916336	0.03448916640401528	0.9002220147638346	-0.15164724889056136	10368285
chr14	q	105846024	106882832	1240	62	332145.7797472924	841776.0	0.355	0.35	0.355	0.19755847037707835	0.06691274390253382	0.6922370093192676	-0.5306620199918325	1036809
chr15	p	17009927	17453886	279	13	43925.983137257674	63103.0	0.28	0.275	0.29	0.11561865790457584	0.07131063806047255	1.2212205365635316	0.28832375583424186	443960
chr15	q	20501020	22595742	700	35	171112.49387006136	394024.0	0.305	0.3	0.31	0.2286715886807132	0.06695200839834028	0.7618713819683824	-0.39238063031601067	2094723
chr15	q	22603138	32425404	7820	391	2688498.749696537	7057001.0	0.395	0.395	0.395	0.1284569876058052	0.050363910741819236	0.6683628080445441	-0.5812966399780402	9822267
chr15	q	32427995	53239543	13840	692	6829710.239006566	15774456.0	0.4	0.4	0.4	0.13861716409084004	0.038116053428118	0.7595747205807207	-0.3967362029593405	20811549
chr15	q	53241837	101981039	36947	1847	18774507.468553193	38704306.0	0.345	0.345	0.345	0.15964561833998236	0.035485151960014887	0.851004551835643	-0.2327612462979262	48739203
chr16	p	10185	4232742	2680	134	1491845.8029985188	3644838.0	0.33	0.325	0.33	0.20793534498487967	0.03990892742613794	0.7180725443463812	-0.4777984930647926	4222558
chr16	p	4233041	26495655	20800	1040	8945961.138768354	17167708.0	0.42	0.42	0.42	0.1520198062747485	0.0437510859438345	0.9141917641849042	-0.12943127290791367	22262615
chr16	p	26495658	32003247	2620	131	2421288.319246173	4185573.0	0.48	0.47	0.5	0.14188399337145954	0.0385773839997127	1.014878848359475	0.021307515289191496	5507590
chr16	p	32008471	34574538	1320	66	392238.6072254274	723067.0	0.35	0.35	0.35	0.22294691912245074	0.05238969127668262	0.951687602818619	-0.07144001697153832	2566068
chr16	p	34574567	35296418	403	20	198240.13060269877	446873.0	0.305	0.3	0.31	0.19594351755641032	0.05728165063962455	0.778269614387872	-0.3616580631241323	721852
chr16	q	46381934	50201507	1340	67	1298622.199519366	3098079.0	0.365	0.36	0.365	0.1569166874081977	0.04158585019049074	0.7353819229671893	-0.4434343819933248	3819574
chr16	q	50201813	72214231	13660	683	8562246.610101765	17325292.0	0.335	0.335	0.335	0.15157905759238371	0.0351291301764387	0.86702133507019	-0.20586060014699906	22012419
chr16	q	72217233	77968120	4520	226	2472962.989399679	4456508.0	0.43	0.43	0.43	0.13309231707614136	0.03507292448754472	0.9735214867925005	-0.03871527357210447	5750888
chr16	q	77968424	85854087	9940	497	4056775.6529330537	6698592.0	0.375	0.375	0.375	0.1525186374152293	0.032119401170713734	1.0624783268164577	0.08743341243779743	7885664
chr16	q	85854703	90228128	5482	274	2362362.7436706237	3882513.0	0.335	0.335	0.335	0.19191503629225082	0.03936980254242762	1.0674714818066513	0.09419752782637823	4373426
chr17	p	117294	9157584	7800	390	3844521.3074547523	7488279.0	0.3	0.3	0.3	0.19612229582975113	0.03513326044477803	0.900705615281176	-0.15087243920551932	9040291
chr17	p	9157678	21290443	8340	417	5514300.702115221	9504646.0	0.27	0.27	0.27	0.14668293238311886	0.027597303178761575	1.0178343747290908	0.02550282055209235	12132766
chr17	p	21290941	22697807	3037	151	524249.3371612914	997208.0	0.32	0.32	0.325	0.2677480811541059	0.06099977675657872	0.9223053996454151	-0.11668355074145258	1406867
chr17	q	27401525	30543709	1740	87	1556340.6930064783	2545121.0	0.28	0.28	0.285	0.16777676334044433	0.026113085776635243	1.0728002194331676	0.10138143744740928	3142185
chr17	q	30544157	59561695	15860	793	11182762.454289678	22793750.0	0.33	0.33	0.33	0.18051345639286973	0.03471749720352815	0.8607081873038783	-0.21640390266410797	29017539
chr17	q	59563163	65744391	2300	115	2627207.812896181	4707601.0	0.305	0.305	0.31	0.17149105281186183	0.035189844298844766	0.9790782336150409	-0.030503951361783074	6181229
chr17	q	65744404	70601347	4060	203	2812759.8658238426	3694592.0	0.225	0.225	0.225	0.15360940657384425	0.02065934326571027	1.3356380605149816	0.41752911032397844	4856944
chr17	q	70602573	73362500	2660	133	2084064.8215284161	2210683.0	0.175	0.175	0.175	0.11487840624998481	0.0258910950780704	1.6538928376188295	0.7258657595125491	2759928
chr17	q	73365695	79079773	5200	260	3808615.8582944795	4999430.0	0.2	0.2	0.2	0.18021720764680005	0.031096165739020607	1.3365010200898482	0.4184609387242785	5714079
chr17	q	79079784	79715934	860	43	338199.9652907476	612489.0	0.21	0.205	0.215	0.10818001703023987	0.03212250078663635	0.9687191395232795	-0.04584964880372008	636151
chr17	q	79716322	83247237	2563	128	2233315.3281447515	3087081.0	0.21	0.205	0.21	0.1752968417816512	0.041102493574323974	1.2691841416261938	0.3439014000995303	3530916
chr18	p	10227	4587780	4840	242	2057579.7774041411	3390745.0	0.415	0.415	0.42	0.16906696543178826	0.036275278875887274	1.0645943770032715	0.09030385133947934	4577554
chr18	p	4587853	15398407	10018	500	4144918.6076690285	8456121.0	0.335	0.335	0.34	0.14586566164076364	0.03180498545825795	0.8599385796777682	-0.2176944745594762	10810555
chr18	q	21502042	39286598	11560	578	7268155.625445409	13396305.0	0.41	0.41	0.41	0.13522027013793386	0.03201544471730159	0.9518352979617001	-0.07121613834015779	17784557
chr18	q	39288176	77004127	30800	1540	13058724.036143243	28520707.0	0.475	0.475	0.475	0.1324304725332058	0.03220438490041325	0.8032728202550531	-0.31603803294586846	37715952
chr18	q	77005659	79511138	3580	179	969343.0125468709	2076913.0	0.405	0.405	0.41	0.16246981414899375	0.04111357995513548	0.8188074669525142	-0.2884038360943783	2505480
chr18	q	79511988	80262171	1117	55	438883.65184545144	650157.0	0.295	0.295	0.3	0.1965610001761997	0.04047507140152661	1.1842783126974552	0.2440081630317794	750184
chr19	p	75041	3393974	1980	99	1096987.063860805	2749280.0	0.315	0.31	0.32	0.20411670233025345	0.062447937708040836	0.7000114577634526	-0.5145495586537149	3318934
chr19	p	3400291	19360101	11320	566	6531443.212747098	13230058.0	0.45	0.45	0.455	0.16645641201501055	0.04716414797544473	0.8661039559497272	-0.207387897034501	15959811
chr19	p	19360610	24187286	4581	229	2087815.112797767	3667290.0	0.41	0.41	0.41	0.1791285194283387	0.07510962729626386	0.9987789893889564	-0.0017626222627885701	4826677
chr19	q	28100165	40556752	9380	469	5288710.460386768	10221727.0	0.445	0.445	0.45	0.16707189162737698	0.045302974617410265	0.9077121086661332	-0.13969329214821602	12456588
chr19	q	40558734	45650858	4180	209	2349320.502674952	4286015.0	0.395	0.395	0.395	0.15805401794266347	0.04473456484237995	0.9616370717187142	-0.05643558095782765	5092125
chr19	q	45651184	58607519	9318	465	5042321.397732947	10633027.0	0.39	0.385	0.39	0.19442450588475657	0.050154864805294956	0.8319480777497614	-0.2654346029517669	12956336
chr20	p	61275	6249486	6380	319	3161743.7631110814	5058817.0	0.47	0.47	0.475	0.14903605159156438	0.036130644781135396	1.096478994809125	0.13287817464262966	6188212
chr20	p	6249600	16515279	8280	414	5350973.013459712	7857404.0	0.475	0.475	0.48	0.0971822720160268	0.02717879719928633	1.194747945058342	0.25670628618099844	10265680
chr20	p	16515351	25691705	6978	348	4709029.455093432	7627437.0	0.47	0.47	0.475	0.14157244976807903	0.031954888663540564	1.083117051268115	0.11518916183723887	9176355
chr20	q	30400082	45737755	10060	503	6813225.7561501525	12491752.0	0.43	0.43	0.43	0.16892502799576553	0.05183152326630757	0.9568680223216783	-0.06360814266539075	15337674
chr20	q	45737764	56511225	9020	451	5257075.287711542	8845028.0	0.375	0.375	0.375	0.1528867659968265	0.045326470367586504	1.0427197505375259	0.06035146002622047	10773462
chr20	q	56511985	64333013	6669	333	3495527.8933903575	6980913.0	0.335	0.335	0.335	0.18774988555853017	0.04133098828887688	0.8784623676415855	-0.1869476107934378	7821029
chr21	p	5114338	10814535	2024	101	311620.619692267	600603.0	0.345	0.345	0.345	0.26747032858376646	0.05679009759443811	0.910251293673836	-0.13566320881877902	5700198
chr21	q	13000242	35686241	19260	963	8595169.175750175	16263784.0	0.34	0.34	0.34	0.12572712641674103	0.029377159936343312	0.9271616218619955	-0.10910724499605003	22686000
chr21	q	35687403	42558659	7500	375	3591923.275118379	5702991.0	0.47	0.47	0.475	0.1484708052475273	0.03452886457572691	1.1049610778262398	0.1439955516836367	6871257
chr21	q	42559017	46699658	3747	187	1810066.4854278602	3205747.0	0.435	0.435	0.44	0.17542775794056858	0.052488612830044655	0.9905762195598465	-0.013660107808519771	4140642
chr22	p	10557811	11373088	720	36	92998.94980460856	140847.0	0.345	0.34	0.345	0.4310512410218611	0.06262071675305758	1.1583853551554877	0.21211526842972694	815278
chr22	p	11374537	12224694	1160	58	98139.67363076785	290345.0	0.34	0.335	0.345	0.24313520754303433	0.05709793253804297	0.5929975144220225	-0.753902037229974	850158
chr22	p	12276313	12874211	1252	62	117082.26723475763	203866.0	0.37	0.37	0.375	0.19320172405573005	0.048652297435842026	1.0075554047564101	0.010859173710629994	597899
chr22	q	17400180	22375733	2220	111	1188397.870971675	3339692.0	0.395	0.39	0.4	0.19894896125624498	0.06009937527030422	0.6242780483024744	-0.6797393581686549	4975554
chr22	q	22375933	24152818	1420	71	862476.7162644572	1514124.0	0.345	0.345	0.35	0.182031876302818	0.05921651723555873	0.9993291395848314	-0.0009681717844780788	1776886
chr22	q	24184726	25153903	760	38	861363.7594938069	811786.0	0.35	0.35	0.355	0.1834926078214833	0.031977745031276344	1.8615197721786907	0.8964809398921674	969178
chr22	q	25161229	28988914	2700	135	1747458.9897063375	3221778.0	0.29	0.29	0.29	0.12922589241030163	0.033773757070640904	0.9515552195075468	-0.0716407152160795	3827686
chr22	q	29004982	30572064	700	35	1252927.6447767783	1322968.0	0.415	0.41	0.42	0.24037715331107712	0.048511728016037946	1.6614958743315626	0.7324827106713621	1567083
chr22	q	30574710	32332298	1660	83	1601949.0830426756	1433989.0	0.35	0.35	0.35	0.18209823538365372	0.03412181349930491	1.9598620496142822	0.9707521097784929	1757589
chr22	q	32333199	33663733	1180	59	870346.0205016499	1122058.0	0.48	0.47	0.5	0.1084198885882533	0.03049623106490429	1.360815528833036	0.44447150940213676	1330535
chr22	q	33664317	43440073	6060	303	4410955.657977542	8315357.0	0.29	0.285	0.29	0.18909901324529532	0.041170588689311095	0.9306243413756089	-0.10372917222094351	9775757
chr22	q	43442527	49938594	5780	289	2618189.957422966	5790915.0	0.305	0.305	0.305	0.1802777315305821	0.03584857749778365	0.793188807762522	-0.33426377422860193	6496068
chr22	q	49938676	50493180	500	25	475745.60582495667	493992.0	0.325	0.32	0.335	0.15025615477739518	0.03396115427955887	1.6895750397382399	0.7566604268876918	554505
chr22	q	50496322	50808163	192	9	134917.82844548672	261542.0	0.3	0.29	0.315	0.1631326014405661	0.02346523564660319	0.9050040382974807	-0.14400386510173974	311842
chrX	p	222653	1608319	2780	139	643887.8740949568	1052202.0	0.32	0.32	0.325	0.2056609514261395	0.04363580685129094	1.0735783344648049	0.10242746238511069	1385667
chrX	p	1609159	2555865	1180	59	294782.9244702619	600216.0	0.39	0.385	0.395	0.1550351108504626	0.05757525083542276	0.8616231716354303	-0.21487104607997565	946707
chrX	p	2555935	21318984	8860	443	8291975.804786938	14604092.0	0.435	0.435	0.435	0.12624224656320682	0.04132590728767635	0.9961072043445451	-0.005627076636920038	18763050
chrX	p	21320489	39011604	7680	384	8267370.857228335	12891259.0	0.475	0.475	0.475	0.11060314980390694	0.028702359002813493	1.1251092644120575	0.17006511483861544	17691116
chrX	p	39013026	47051822	3120	156	3524417.379215289	6310046.0	0.445	0.445	0.45	0.14420482094934128	0.03697473460814205	0.9798902219699427	-0.029307963099057237	8038797
chrX	p	47054092	54906214	3000	150	2646303.907982841	5672392.0	0.45	0.445	0.45	0.12191638310977533	0.040004569183476474	0.8184574334326811	-0.28902070833146487	7852123
chrX	p	54907387	58097579	2425	121	1419434.7499380335	2414095.0	0.475	0.47	0.485	0.10410041477024586	0.02626467865245815	1.0315343435204483	0.0447918545756577	3190193
chrX	q	61040895	88407042	10480	524	7936171.661539521	19261772.0	0.4	0.395	0.4	0.11747157256024898	0.03714586685634165	0.7228320994659332	-0.4682675201845146	27366148
chrX	q	88408229	90951572	1500	75	944761.8993251622	1611101.0	0.42	0.42	0.425	0.08095773009524197	0.03686166331328827	1.0287793029227479	0.04093352379806508	2543344
chrX	q	90951666	143883696	16800	840	18945326.027162187	38960547.0	0.465	0.465	0.465	0.10526043561038378	0.03502848694932716	0.8530994320525025	-0.22921419183278738	52932031
chrX	q	143883747	145474587	900	45	627134.8116521016	1052233.0	0.445	0.44	0.45	0.09106734851808508	0.03773592452822641	1.0456145209546737	0.06435108178904943	1590841
chrX	q	145474705	156030103	4032	201	3665224.8977827504	7951007.0	0.465	0.46	0.465	0.12589147858289465	0.035779896382244186	0.8087254446232535	-0.3062780917489233	10555399
