gene,diana_exon_cpm,n_all,pct_all,pct_2x_all,median_fold_all,public_median_cpm_all,n_pre,pct_pre,pct_2x_pre,median_fold_pre,public_median_cpm_pre,n_on,pct_on,pct_2x_on,median_fold_on,public_median_cpm_on,n_3prime,pct_3prime,pct_2x_3prime,median_fold_3prime,public_median_cpm_3prime,n_5prime,pct_5prime,pct_2x_5prime,median_fold_5prime,public_median_cpm_5prime,qc_tier,qc_8tumor_exon_fold
CSN3,1933.7642980424068,104,97.11538461538461,95.1923076923077,1934.764298042407,0.0,49,100.0,97.95918367346938,1934.764298042407,0.0,55,94.54545454545455,92.72727272727272,1934.764298042407,0.0,10,100.0,90.0,1934.764298042407,0.0,94,96.80851063829788,95.74468085106383,1934.764298042407,0.0,control,1934.764298042407
SLC28A3,352.77409880513386,104,100.0,100.0,106.90660887170294,2.3097498,49,100.0,100.0,114.37418652333446,2.093129,55,100.0,100.0,103.55035083298017,2.4164453,10,100.0,100.0,130.79735329279293,1.7291324,94,100.0,100.0,104.25033731465724,2.3935826,"A: robust outlier vs TNBC, tumor-cell origin",48.409874318148105
MECOM,97.47522550512345,104,100.0,99.03846153846155,72.23229645918259,0.36337608,49,100.0,97.95918367346938,72.93105413288201,0.35025093,55,100.0,100.0,71.54023363299852,0.37650126,10,100.0,100.0,83.31723695433388,0.18230149,94,100.0,98.93617021276596,69.33428983911796,0.4209928,"A: robust outlier vs TNBC, tumor-cell origin",74.82133116196769
SLC6A14,520.6289918038898,104,100.0,100.0,63.65274230291033,7.1990376,49,100.0,100.0,53.52139131592349,8.746178,55,100.0,100.0,78.01524099189291,5.6862445,10,100.0,100.0,32.61715451601934,15.15143,94,100.0,100.0,72.13392254903235,6.25362,"A: robust outlier vs TNBC, tumor-cell origin",32.89812692841107
HORMAD1,165.53190573391504,104,100.0,99.03846153846155,49.3489247977849,2.3803039,49,100.0,97.95918367346938,44.48424315349618,2.7436156,55,100.0,100.0,76.96587649893556,1.1637108,10,100.0,90.0,8.85176415985956,17.882374,94,100.0,100.0,75.45323407557706,1.2075225,"A: robust outlier vs TNBC, tumor-cell origin",37.7387616631248
SOX6,495.814881819792,104,100.0,100.0,43.238299240074866,10.491823,49,100.0,100.0,41.91693810948107,10.852366,55,100.0,100.0,43.9807260216385,10.296196,10,100.0,100.0,44.17434018104548,10.784317,94,100.0,100.0,43.238299240074866,10.491823,B: outlier on exon-only test; model-fragile,108.60007679882727
ENPP3,58.7500876580328,104,97.11538461538461,95.1923076923077,39.982197040152954,0.49525434,49,97.95918367346938,95.91836734693877,41.965310588878076,0.4237971,55,96.36363636363636,94.54545454545455,38.148881665603156,0.5662344,10,100.0,100.0,54.86785759626416,0.08912657,94,96.80851063829788,94.68085106382979,37.92123133080954,0.5756651,"A: robust outlier vs TNBC, tumor-cell origin",46.17926148774539
ESRRG,204.55896758557037,104,100.0,100.0,38.6592194747227,4.317274,49,100.0,100.0,52.50022278798964,2.9153924,55,100.0,100.0,33.311316928395456,5.170845,10,100.0,100.0,67.97037582131665,2.0741105,94,100.0,100.0,34.46360380369488,4.966009,"A: robust outlier vs TNBC, tumor-cell origin",61.665353293166355
SHANK2,471.90300212845096,104,100.0,100.0,32.4152978428239,13.589239,49,100.0,100.0,32.88611076443352,13.380022,55,100.0,100.0,29.375748973716526,15.098415,10,100.0,100.0,59.636771559792486,7.0096426,94,100.0,100.0,30.0820613990387,14.724039,"A: robust outlier vs TNBC, tumor-cell origin",46.78710813263619
FGFR2,205.2023462342068,104,99.03846153846155,99.03846153846155,31.607733722537045,5.523852,49,100.0,100.0,31.74114763113301,5.496373,55,98.18181818181819,98.18181818181819,31.47488057725102,5.5513306,10,100.0,100.0,23.763592330928073,7.7028465,94,98.93617021276596,98.93617021276596,32.35912000874942,5.373495,,19.187861602326453
SPECC1L,376.8991438206637,104,100.0,100.0,25.44071164679196,13.854263,49,100.0,100.0,26.36545046701794,13.333119,55,100.0,100.0,24.37065373757657,14.50632,10,100.0,100.0,53.90220793371908,6.013201,94,100.0,100.0,23.61409310588617,15.003121,"A: robust outlier vs TNBC, tumor-cell origin",35.34710803594208
KYNU,138.24487687425523,104,89.42307692307693,82.6923076923077,20.099073172256734,5.9284053,49,87.75510204081633,81.63265306122449,19.61491264924732,6.098929,55,90.9090909090909,83.63636363636363,20.33713787538037,5.8468275,10,100.0,100.0,45.662311124754005,2.0532339,94,88.29787234042553,80.85106382978722,19.609640986290387,6.1008377,B: outlier on exon-only test; model-fragile,19.23650963718488
ERBB4,48.24945103956033,104,93.26923076923077,83.65384615384616,19.284990018903322,1.5586181,49,91.83673469387756,83.6734693877551,29.192702847157413,0.68704665,55,94.54545454545455,83.63636363636363,11.529323686930988,3.2716684,10,100.0,100.0,44.70318483673476,0.10212854,94,92.5531914893617,81.91489361702128,13.226380836756196,2.724321,D: tumor-enriched in sample; not a robust outlier vs TNBC,30.030324001040114
EHF,1133.9257929670039,104,100.0,100.0,19.12992300702264,58.327274,49,100.0,100.0,19.67196363638863,56.692554,55,100.0,100.0,15.924246050319722,70.2703,10,100.0,100.0,45.99034108618887,25.020191,94,100.0,100.0,16.615955009472827,67.335,"A: robust outlier vs TNBC, tumor-cell origin",28.27394592821142
FOLH1,70.30791695244889,104,99.03846153846155,99.03846153846155,18.78439841788389,2.7979412,49,100.0,100.0,19.374571829301516,2.68049,55,98.18181818181819,98.18181818181819,16.847661774412103,3.2325118,10,100.0,100.0,19.269258085677205,2.7064967,94,98.93617021276596,98.93617021276596,18.066992920907584,2.956501,"A: robust outlier vs TNBC, tumor-cell origin",19.24251510022036
ATR,239.69018495558862,104,100.0,100.0,17.93353468182014,12.421268,49,100.0,100.0,17.476983512371312,12.771837,55,100.0,100.0,18.716494685216922,11.85979,10,100.0,100.0,22.07909504370011,9.90633,94,100.0,100.0,16.937948996627213,13.210642,C: high vs TNBC but tumor-cell origin not shown,22.53293466299893
NAALADL2,363.4827470497371,104,100.0,100.0,16.20530435715128,21.49718,49,100.0,100.0,15.847316914096682,21.999647,55,100.0,100.0,16.571378658699306,20.994717,10,100.0,100.0,36.20906807837105,9.750795,94,100.0,100.0,15.64934568169044,22.291702,,14.474587086887787
POLQ,50.80154252551057,104,100.0,100.0,15.923818883564229,2.2531803,49,100.0,100.0,15.441369334519003,2.3547246,55,100.0,100.0,16.742393093293863,2.0940344,10,100.0,100.0,12.630598850513062,3.101297,94,100.0,100.0,16.08163460799371,2.2211695,"A: robust outlier vs TNBC, tumor-cell origin",20.600194760147986
ELF5,612.5389707174297,104,100.0,98.07692307692307,13.634116904331352,44.065704,49,100.0,100.0,11.884169274803849,50.62658,55,100.0,96.36363636363636,24.23760936701314,24.313507,10,100.0,100.0,6.515795815760052,93.165344,94,100.0,97.87234042553192,22.760943647639053,25.987926,B: outlier on exon-only test; model-fragile,11.360142034910488
CADM1,170.72373755295635,104,100.0,97.11538461538461,12.636576371567376,12.589783,49,100.0,93.87755102040816,9.286201645407267,17.492355,55,100.0,100.0,14.253947652130682,11.047452,10,100.0,90.0,6.268952317944798,26.897976,94,100.0,97.87234042553192,12.800171992987007,12.415759,,5.223134883440077
KIF18A,54.379694583228705,104,100.0,99.03846153846155,11.048129462650222,4.012883,49,100.0,97.95918367346938,11.169211842790558,3.9582455,55,100.0,100.0,10.458520321784036,4.295175,10,100.0,90.0,11.262898354776741,3.9192376,94,100.0,100.0,10.993099369609439,4.0383143,"A: robust outlier vs TNBC, tumor-cell origin",14.540162427491873
FMNL2,139.73703183817173,104,100.0,100.0,10.533063287011528,12.361851,49,100.0,100.0,10.414672535530123,12.513342,55,100.0,100.0,12.167463853525494,10.566669,10,100.0,100.0,9.028451000356752,14.588205,94,100.0,100.0,10.65958601023889,12.202979,,10.28372116454711
LDLRAD3,180.1931007554105,104,100.0,98.07692307692307,9.595125246356876,17.884315,49,100.0,97.95918367346938,9.425407897080982,18.223898,55,100.0,98.18181818181819,9.661142869715954,17.754833,10,100.0,100.0,14.080300229122166,11.870246,94,100.0,97.87234042553192,9.414078243977752,18.247047,"A: robust outlier vs TNBC, tumor-cell origin",11.646696052196274
CTTN,591.7061784671084,75,100.0,97.33333333333334,8.643553025117784,67.57205,37,100.0,97.2972972972973,8.643553025117784,67.57205,38,100.0,97.36842105263158,8.596739309738119,67.95256,10,100.0,100.0,5.715443252049451,103.2862,65,100.0,96.92307692307692,8.721004426549392,66.963066,B: outlier on exon-only test; model-fragile,5.937429976457289
BRCA1,57.894256897622896,104,100.0,99.03846153846155,8.563086637900176,5.877719,49,100.0,97.95918367346938,8.719888211017285,5.7540154,55,100.0,100.0,8.406122952432911,6.0061145,10,100.0,100.0,6.150141126669646,8.576652,94,100.0,98.93617021276596,9.863178189321314,4.9712214,control,7.950813360128306
PTPRC,30.244238953921776,75,93.33333333333333,89.33333333333333,8.510208481034844,2.6713836,37,89.1891891891892,86.48648648648648,7.929419974063106,2.940293,38,97.36842105263158,92.10526315789474,10.046654063657098,2.1099167,10,100.0,100.0,8.59344185975787,2.6475868,65,92.3076923076923,87.6923076923077,8.510208481034844,2.6713836,control,13.209045455901679
PLCH1,70.20018908691407,104,100.0,98.07692307692307,8.490203859130983,7.3892937,49,100.0,100.0,8.261170942560984,7.6186557,55,100.0,96.36363636363636,8.725908058361837,7.159631,10,100.0,100.0,11.333341233451065,5.3043804,94,100.0,97.87234042553192,8.207942030251898,7.6747293,,10.968441365768049
EWSR1,747.6106691809518,104,100.0,100.0,7.5657450915695375,97.95134,49,100.0,100.0,7.498357777847397,98.83661,55,100.0,100.0,8.180688167049597,90.50951,10,100.0,100.0,8.739319679786732,84.873245,94,100.0,100.0,7.361940663001376,100.68667,B: outlier on exon-only test; model-fragile,7.702255811569666
IGF1R,72.62559859689426,104,93.26923076923077,81.73076923076923,6.78345759577245,9.853793,49,93.87755102040816,77.55102040816327,6.511080892179113,10.307737,55,92.72727272727272,85.45454545454545,7.885801172368504,8.336477,10,100.0,100.0,4.2391195778780615,16.49575,94,92.5531914893617,79.7872340425532,6.929406311932671,9.62665,,2.7781094778436173
CD44,720.0025209883149,104,100.0,93.26923076923077,6.142628793404579,116.37802,49,100.0,89.79591836734694,6.170012775446231,115.8559,55,100.0,96.36363636363636,6.115366347978773,116.90013,10,100.0,90.0,7.280528830617268,98.36282,94,100.0,93.61702127659575,5.810073231585305,123.09779,B: outlier on exon-only test; model-fragile,6.071938229262427
ERBB3,247.43305757353744,104,99.03846153846155,83.65384615384616,4.472178430171904,54.551422,49,97.95918367346938,85.71428571428571,4.7101974530862085,51.743664,55,100.0,81.81818181818183,4.1286228764270865,59.173347,10,100.0,100.0,5.360932866596183,45.930023,94,98.93617021276596,81.91489361702128,4.402615602739514,55.43188,,3.4746211406540413
PRLR,173.9105679342346,104,94.23076923076923,79.8076923076923,4.192653387015113,40.724285,49,93.87755102040816,79.59183673469387,4.05784608826956,42.104282,55,94.54545454545455,80.0,4.418890708833213,38.58246,10,100.0,100.0,9.12680300556042,18.169048,94,93.61702127659575,77.6595744680851,3.874742590241221,44.14131,B: outlier on exon-only test; model-fragile,7.30109629111908
SLFN11,6.002547991113616,104,88.46153846153845,63.46153846153846,3.105295108408327,1.2550509,49,83.6734693877551,55.10204081632652,2.2074507218486903,2.172233,55,92.72727272727272,70.9090909090909,3.171417984857031,1.2080181,10,90.0,60.0,2.8165326354218516,1.5377051,94,88.29787234042553,63.829787234042556,3.105295108408327,1.2550509,E: low,2.1465897587549123
CARD18,2.0842482690672486,104,92.3076923076923,90.38461538461539,3.0842482690672486,0.0,49,95.91836734693877,93.87755102040816,3.0842482690672486,0.0,55,89.0909090909091,87.27272727272727,3.0842482690672486,0.0,10,100.0,100.0,3.0842482690672486,0.0,94,91.48936170212765,89.36170212765957,3.0842482690672486,0.0,WITHDRAWN (artifact),3.0842482690672486
TP53,56.82706182294031,104,95.1923076923077,75.0,2.965062383158302,18.504253,49,93.87755102040816,77.55102040816327,2.8673823585032574,19.167198,55,96.36363636363636,72.72727272727273,3.0013067005817717,18.267294,10,90.0,80.0,7.212348684642366,7.0178814,94,95.74468085106383,74.46808510638297,2.839322027406946,19.366718,control,2.8312440853288807
NECTIN4,113.85649913799907,104,90.38461538461539,52.88461538461539,2.1366035345253405,52.77062,49,85.71428571428571,51.02040816326531,2.0649140590227764,54.62289,55,94.54545454545455,54.54545454545454,2.264809447156391,49.713535,10,80.0,60.0,2.710856141963526,41.397827,94,91.48936170212765,52.12765957446809,2.076590602892653,54.311012,D: tumor-enriched in sample; not a robust outlier vs TNBC,1.862388467956281
EGFR,35.01258486053374,104,79.8076923076923,43.269230769230774,1.931947776133187,17.641151,49,71.42857142857143,36.734693877551024,1.629428703119143,21.101357,55,87.27272727272727,49.09090909090909,1.9985390097204725,17.019457,10,80.0,40.0,1.9580011210333328,17.392794,94,79.7872340425532,43.61702127659575,1.8207275875896882,18.787947,F: typical / not supported,1.6710454871952367
COL1A1,30.741298453185046,104,58.65384615384615,44.230769230769226,1.5643555993165736,19.295101,49,69.38775510204081,53.06122448979592,2.5694424254102373,11.353379,55,49.09090909090909,36.36363636363637,0.9959322638954319,30.870943,10,70.0,60.0,2.5776543710239426,11.359333,94,57.446808510638306,42.5531914893617,1.5012535914025193,20.147217,control,1.744730560562209
TOP1,136.30278559735348,104,86.53846153846155,29.807692307692307,1.4459264392921631,93.96187,49,79.59183673469387,28.57142857142857,1.433530924107393,94.77945,55,92.72727272727272,30.909090909090907,1.5053626383092473,90.20912,10,80.0,30.0,1.7085733139632495,79.408005,94,87.2340425531915,29.78723404255319,1.4132363362990648,96.15517,F: typical / not supported,1.6804079257571207
CCND1,148.2577768097408,104,60.57692307692307,36.53846153846153,1.3669128899400513,108.19535,49,61.224489795918366,34.69387755102041,1.3586319205194133,108.85888,55,60.0,38.18181818181819,1.3752443325267543,107.53182,10,50.0,40.0,0.8249213230072407,195.96625,94,61.702127659574465,36.17021276595745,1.4041810241579846,105.3183,F: typical / not supported,0.6833867448969643
CD274,0.571167707233065,104,43.269230769230774,0.0,0.833322720855471,0.88542724,49,44.89795918367347,0.0,0.935766375997648,0.679017,55,41.81818181818181,0.0,0.8244437094670501,0.90573066,10,40.0,0.0,0.9599312423177294,0.6372822,94,43.61702127659575,0.0,0.8297077537848051,0.89364785,E: low,0.9427634529809511
VTCN1,34.67435301800094,104,42.30769230769231,26.923076923076923,0.7384522813089403,47.31664,49,38.775510204081634,26.53061224489796,0.6864048701841768,50.972748,55,45.45454545454545,27.27272727272727,0.8018243686638715,43.49148,10,20.0,10.0,0.631758715592446,55.46973,94,44.680851063829785,28.723404255319153,0.7780110300515788,44.854362,D: tumor-enriched in sample; not a robust outlier vs TNBC,0.7445796459821246
NLRC5,5.4452328814393915,104,41.34615384615385,16.346153846153847,0.732361881882566,7.800891,49,42.857142857142854,18.367346938775512,0.7846653566365704,7.2139897,55,40.0,14.545454545454545,0.6466344565528026,8.967351,10,60.0,30.0,1.360317077848433,3.7514174,94,39.361702127659576,14.893617021276595,0.7025354695063046,8.174377,E: low,0.5240757599561731
CD276,17.098262978803994,104,24.03846153846154,3.8461538461538463,0.6623727028247843,26.32342,49,22.448979591836736,2.0408163265306123,0.645034817908124,27.057812,55,25.454545454545453,5.454545454545454,0.6676800477488304,26.10619,10,40.0,0.0,0.758922489260215,22.90144,94,22.340425531914892,4.25531914893617,0.6588049802925879,26.471542,F: typical / not supported,0.8346442619245601
HLA-A,224.3864984559437,75,26.666666666666668,12.0,0.3854700877828045,583.7054,37,27.027027027027028,16.216216216216218,0.4947189053815095,454.58484,38,26.31578947368421,7.894736842105263,0.3384263425736036,665.1399,10,40.0,30.0,0.2837924013044107,797.2667,65,24.615384615384617,9.230769230769232,0.4248417015980724,529.5187,E: low,0.16384407205179988
TACSTD2,162.64033109137551,104,16.346153846153847,11.538461538461538,0.3616307061228868,451.51196,49,22.448979591836736,12.244897959183673,0.30695515241004134,532.10815,55,10.909090909090908,10.909090909090908,0.37961773526286413,430.06616,10,10.0,10.0,0.18545603822564108,881.3689,94,17.02127659574468,11.702127659574469,0.3736143882070297,437.0483,E: low,0.24057339058098112
TAP1,18.287480361571095,75,16.0,5.333333333333334,0.3044834608005071,62.344917,37,21.62162162162162,8.108108108108109,0.3385268542079801,55.974747,38,10.526315789473683,2.631578947368421,0.23174567054703937,82.847855,10,30.0,10.0,0.32614910927576374,58.20378,65,13.846153846153847,4.615384615384616,0.29847371950123586,63.62037,E: low,0.23329723520940862
B2M,585.7411003323797,75,1.3333333333333335,1.3333333333333335,0.234835690592068,2497.518,37,2.7027027027027026,2.7027027027027026,0.29070039722031554,2017.37,38,0.0,0.0,0.1939309338799999,3024.7866,10,10.0,10.0,0.2989868107972197,2003.9646,65,0.0,0.0,0.22915454738857813,2559.4597,E: low,0.1647326533730555
PSMB9,7.896855054503689,75,5.333333333333334,2.666666666666667,0.11632141807830144,75.4851,37,10.81081081081081,5.405405405405405,0.1341255849951724,65.33228,38,0.0,0.0,0.06798773924450482,129.86044,10,20.0,10.0,0.16678019069888564,56.706673,65,3.076923076923077,1.5384615384615385,0.11632141807830144,75.4851,E: low,0.06780335524750332
ACTB,360.342579454517,104,0.9615384615384616,0.0,0.06533829818956118,5529.341,49,2.0408163265306123,0.0,0.07093538168317408,5092.9673,55,0.0,0.0,0.06267498888480989,5764.3384,10,10.0,0.0,0.09666577788568546,3737.355,94,0.0,0.0,0.06194010811529395,5833.147,control,0.12200903744970534
KRT5,1.5857890139154223,104,22.115384615384613,13.461538461538462,0.040016640414254984,63.61886,49,24.489795918367346,16.3265306122449,0.04024161382192418,63.256588,55,20.0,10.909090909090908,0.039792924735323566,63.981125,10,30.0,20.0,0.05080911169728656,50.224262,94,21.27659574468085,12.76595744680851,0.03910705440217685,65.130775,control,0.013862189819924703
GAPDH,196.02112865967453,104,0.0,0.0,0.03474395492094132,5670.2266,49,0.0,0.0,0.03182238651522701,6190.275,55,0.0,0.0,0.036924776579663546,5334.743,10,0.0,0.0,0.059798057718235875,3299.4614,94,0.0,0.0,0.03358054917520372,5866.368,control,0.063297770734272
CDKN1A,1.9139442367932122,104,0.9615384615384616,0.0,0.02894196673599348,99.68667,49,2.0408163265306123,0.0,0.02834892213943982,101.78855,55,0.0,0.0,0.03220325764791601,89.486,10,10.0,0.0,0.059121824547072335,48.303177,94,0.0,0.0,0.02799311948798679,103.095245,control,0.02964934787566598
