gene	change	sources	altera_vaf	site37	site38	exT_alt	exT_dp	exT_vaf	exT_f1r2	exT_f2r1	exN_alt	exN_dp	exT_upper95_if_absent	wgsT_alt	wgsT_dp	wgsN_alt	wgsN_dp	rna_alt	rna_dp	status	pattern	other_somatic_like_in_window_exome
AASS	R445S	Altera	14.0000	7:121741678T>A	chr7:122101624T>A	30	223	0.1345	14	16	0	78		9	63	0	46	21	102	confirmed_exome		121741678A:30/223
ABHD2	P38_L44del	Altera	9.0000	scan:89659670-		35	313	0.1118			0	131								confirmed_exome		89659668G-21:33/321;89659669-:33/320;89659670-:35/313;89659671-:35/313;89659672-:35/312;89659673-:35/315;89659674-:35/313;89659675-:35/311;89659676-:35/313;89659677-:35/318;89659678-:35/318;89659679-:
ADAD1	L291I	Altera	9.0000	4:123332399C>A	chr4:122411244C>A	15	183	0.0820	8	7	0	46		6	50	0	23	0	4	confirmed_exome		123332399A:15/183
ADAMTS2	Q986R	Altera	9.0000	5:178551975T>C	chr5:179124974T>C	6	137	0.0438	3	3	0	112		0	6	0	51	0	211	confirmed_exome		178551975C:6/137
AKAP10	P21A	Altera	6.0000	17:19880932G>C	chr17:19977619G>C	0	112	0.0000	0	0	0	39	0.0264	1	22	0	33	0	354	not_reproduced		
ANO5	G348V	Altera	11.0000	11:22272316G>T	chr11:22250770G>T	30	238	0.1261	17	13	0	104		9	77	0	44	1	8	confirmed_exome		22272316T:30/238
ANTXR2	R427K	Altera	13.0000	4:80899228C>T	chr4:79978074C>T	14	132	0.1061	9	5	0	41		4	56	0	53	9	281	confirmed_exome		80899228T:14/132
AP5M1	V407A	Altera	8.0000	14:57749875T>C	chr14:57283157T>C	0	435	0.0000	0	0	0	183	0.0069	3	39	0	25	0	412	not_reproduced	Altera+WGS_present_exome_absent_or_<3%	
APEH	R693G	Altera	14.0000	3:49720563C>G	chr3:49683130C>G	39	283	0.1378	14	25	0	186		2	16	0	55	98	397	confirmed_exome		49720563G:39/283
ARAF	L527M	Altera	9.0000	X:47430304C>A	chrX:47570905C>A	37	1407	0.0263	18	19	0	837		3	18	0	55	0	3335	confirmed_exome	Altera+WGS_present_exome_absent_or_<3%	47430304A:37/1407
ARAF	L598I	Altera	9.0000	X:47430827C>A	chrX:47571428C>A	20	906	0.0221	8	12	0	566		1	8	0	50	0	3442	confirmed_exome		47430827A:20/906
ARAF	S490*	Altera	9.0000	X:47429341C>G	chrX:47569942C>G	16	1103	0.0145	7	9	0	598		2	9	0	58	0	2624	unresolved_low_support		
ATAD2	R1265T	Altera	5.0000	8:124340504C>G	chr8:123328264C>G	37	315	0.1175	15	22	0	127		5	41	0	40	59	431	confirmed_exome		124340504G:37/315
ATP13A3	K1040T	Altera	5.0000	3:194147810T>G	chr3:194427081T>G	0	211	0.0000	0	0	0	53	0.0141	6	62	0	29	0	1016	not_reproduced	Altera+WGS_present_exome_absent_or_<3%	
BCL2L1	E179Q	Altera	7.0000	20:30309487C>G	chr20:31721684C>G	31	344	0.0901	14	17	0	129		1	28	0	53	127	705	confirmed_exome		30309487G:31/344
BRCA2	S2695L	Altera+July17+WGS_early_look	12.0000	13:32937423C>T	chr13:32363286C>T	201	1362	0.1476	92	109	0	778		5	37	0	54	344	914	confirmed_exome		32937423T:201/1362
C1QTNF7	V252I	Altera	11.0000	4:15444286G>A	chr4:15442662G>A	49	390	0.1256	25	24	0	171		3	37	0	40	0	31	confirmed_exome		15444286A:49/390
C1orf109	P37S	Altera	7.0000	1:38155444G>A	chr1:37689772G>A	28	313	0.0895	18	10	0	122		4	22	0	45	32	116	confirmed_exome		38155444A:28/313
CD84	N269S	Altera	9.0000	1:160522500T>C	chr1:160552710T>C	19	247	0.0769	8	11	0	86		3	52	0	50	0	385	confirmed_exome		160522500C:19/247
CDKL5	S450C	Altera	6.0000	X:18622392A>T	chrX:18604272A>T	1	416	0.0024	1	0	0	183		2	29	0	38	0	195	not_reproduced		
CDX4	S51L	Altera	12.0000	X:72667241C>T	chrX:73447405C>T	49	377	0.1300	20	29	0	270		2	13	0	47	0	0	confirmed_exome		72667241T:49/377
CLASP2	T774K	Altera	20.0000	3:33623342G>T	chr3:33581850G>T	83	316	0.2627	48	35	0	93		12	56	0	44	98	200	confirmed_exome		33623342T:83/316
COL15A1	S1354Y	Altera	14.0000	9:101832062C>A	chr9:99069780C>A	69	687	0.1004	41	28	0	190		2	36	0	41	4	1063	confirmed_exome		101832062A:69/687
COL4A6	G1190*	Altera	12.0000	X:107413175C>A	chrX:108169945C>A	39	309	0.1262	14	25	0	166		2	16	0	50	0	21	confirmed_exome		107413175A:39/309
CPNE9	A209G	Altera	10.0000	3:9754739C>G	chr3:9713055C>G	22	205	0.1073	16	6	0	99		2	29	0	62	0	10	confirmed_exome		9754739G:22/205
CREB3L1	F19L	Altera	9.0000	11:46299719C>G	chr11:46278168C>G	1	279	0.0036	0	1	0	165		0	17	0	42	0	322	not_reproduced		
CRNN	K255N	Altera	6.0000	1:152382793C>G	chr1:152410317C>G	0	437	0.0000	0	0	0	294	0.0068	0	29	1	56	0	0	not_reproduced		
CST5	K61T	Altera	13.0000	20:23860132T>G	chr20:23879495T>G	30	319	0.0940	15	15	0	207		3	18	0	45	0	3	confirmed_exome		23860132G:30/319
CUBN	E62K	Altera	9.0000	10:17171188C>T	chr10:17129189C>T	68	547	0.1243	38	30	0	134		4	52	0	30	3	27	confirmed_exome		17171188T:68/547
DCSTAMP	H110R	Altera	8.0000	8:105361109A>G	chr8:104348881A>G	39	370	0.1054	19	20	0	150		5	27	0	41	0	1	confirmed_exome		105361109G:39/370
DFNA5	E375K	Altera	11.0000	7:24745863C>T	chr7:24706244C>T	38	264	0.1439	23	15	0	152		5	29	0	50	7	56	confirmed_exome		24745863T:38/264
DNAAF1	E25K	Altera	9.0000	16:84179118G>A	chr16:84145513G>A	19	189	0.1005	11	8	0	82		3	16	0	56	1	8	confirmed_exome		84179118A:19/189
DST	R4789L	Altera	11.0000	6:56335990C>A	chr6:56471192C>A	44	364	0.1209	26	18	0	134		4	52	0	50	222	1120	confirmed_exome		56335990A:44/364
DSTN	Q136E	Altera	9.0000	20:17587699C>G	chr20:17607054C>G	34	349	0.0974	17	17	0	127		4	34	0	41	841	3432	confirmed_exome		17587699G:34/349
ECT2	G185V	Altera	7.0000	3:172476837G>T	chr3:172759047G>T	8	369	0.0217	5	3	0	113		4	67	0	33	3	936	confirmed_exome	Altera+WGS_present_exome_absent_or_<3%	172476837T:8/369
EIF4A2	E245Q	Altera	12.0000	3:186504396G>C	chr3:186786607G>C	59	646	0.0913	31	28	0	180		9	81	0	39	1230	7868	confirmed_exome		186504396C:59/646
ELAVL3	L270V	Altera	7.0000	19:11565637G>C	chr19:11454822G>C	0	348	0.0000	0	0	0	198	0.0086	0	10	0	51	0	14	not_reproduced		
EMX1	A138V	Altera	12.0000	2:73145394C>T	chr2:72918265C>T	43	311	0.1383	20	23	0	160		2	11	0	32	0	0	confirmed_exome		73145394T:43/311
EN1	A274D	Altera	7.0000	2:119603923G>T	chr2:118846347G>T	42	230	0.1826	15	27	0	85		3	16	0	45	233	664	confirmed_exome		119603923T:42/230
ETV3	E417Q	Altera	21.0000	1:157094923C>G	chr1:157125131C>G	47	463	0.1015	22	25	0	169		8	32	0	49	75	464	confirmed_exome		157094923G:47/463
F5	E2057*	Altera	9.0000	1:169489782C>A	chr1:169520544C>A	0	564	0.0000	0	0	0	122	0.0053	7	58	0	32	0	188	not_reproduced	Altera+WGS_present_exome_absent_or_<3%	
FAM229A	A30T	Altera	8.0000	1:32827605C>T	chr1:32362004C>T	10	68	0.1471	4	6	0	34		2	11	0	48	6	18	confirmed_exome		32827605T:10/68
FASTK	R356L	Altera	19.0000	7:150774840C>A	chr7:151077753C>A	18	291	0.0619	8	10	0	144		0	12	0	52	153	925	confirmed_exome		150774840A:18/291
FAT4	P3870R	Altera	11.0000	4:126373780C>G	chr4:125452625C>G	35	260	0.1346	16	19	0	115		5	37	0	55	2	65	confirmed_exome		126373780G:35/260
FBXO43	E332K	Altera	10.0000	8:101153488C>T	chr8:100141260C>T	21	282	0.0745	9	12	0	111		6	44	0	49	4	12	confirmed_exome		101153488T:21/282
GIF	E118Q	Altera	12.0000	11:59610519C>G	chr11:59843046C>G	28	232	0.1207	18	10	0	96		8	40	0	47	0	4	confirmed_exome		59610519G:28/232
HABP2	D7A	Altera	9.0000	10:115312900A>C	chr10:113553141A>C	0	197	0.0000	0	0	0	72	0.0151	1	23	0	50	0	2	not_reproduced		
HPN	R8fs	Altera	14.0000	scan:35540196G-10		24	263	0.0913			0	129								confirmed_exome		35540196G-10:24/263;35540197-:24/267;35540198-:24/270;35540199-:24/273;35540200-:24/275;35540201-:24/279;35540202-:24/280;35540203-:24/283;35540204-:24/281;35540205-:24/285;35540206-:24/290
IGDCC4	Q824*	Altera	12.0000	15:65681688G>A	chr15:65389350G>A	18	202	0.0891	6	12	0	159		1	9	0	63	0	107	confirmed_exome		65681688A:18/202;65681689T:18/206
IL20	D122E	Altera	8.0000	1:207039969C>G	chr1:206866624C>G	40	351	0.1140	18	22	0	98		9	49	0	37	0	3	confirmed_exome		207039969G:40/351
IL2RA	V148L	Altera	11.0000	10:6063582C>G	chr10:6021619C>G	248	1870	0.1326	129	119	0	721		1	20	0	61	0	350	confirmed_exome		6063582G:248/1870
INTS2	W576G	Altera	20.0000	17:59969047A>C	chr17:61891686A>C	19	148	0.1284	9	10	0	66		5	22	0	42	40	142	confirmed_exome		59969047C:19/148
ITGA8	E252G	Altera	12.0000	10:15714670T>C	chr10:15672671T>C	22	278	0.0791	9	13	0	87		5	41	0	49	0	27	confirmed_exome		15714670C:22/278
JPH3	E534D	Altera	10.0000	16:87723568G>C	chr16:87689962G>C	23	134	0.1716	8	15	0	109		2	9	0	50	0	12	confirmed_exome		87723568C:23/134
KBTBD3	S188C	Altera	12.0000	11:105924854T>A	chr11:106054127T>A	35	203	0.1724	21	14	0	91		6	49	0	41	0	6	confirmed_exome		105924854A:35/203
KIAA1919	K213fs	Altera	9.0000	unresolved_coordinates																coordinates_unresolved		
KRTAP6-2	G24V	Altera	10.0000	21:31971123C>A	chr21:30598804C>A	41	442	0.0928	18	23	0	173		4	25	0	38	0	0	confirmed_exome		31971123A:41/442
LPHN3	E37V	Altera	8.0000	4:62452999A>T	chr4:61587281A>T	0	580	0.0000	0	0	0	183	0.0052	4	54	0	54	0	58	not_reproduced	Altera+WGS_present_exome_absent_or_<3%	
LRFN2	P422fs	Altera	9.0000	scan:40399588G+T		49	439	0.1116			0	208								confirmed_exome		40399588G+T:49/439
MAN1A1	L594F	Altera	13.0000	6:119501532G>A	chr6:119180367G>A	31	315	0.0984	17	14	0	107		5	56	0	42	90	751	confirmed_exome		119501532A:31/315
MAST1	A617D	Altera	11.0000	19:12976576C>A	chr19:12865762C>A	40	297	0.1347	15	25	0	177		0	7	0	41	0	11	confirmed_exome		12976576A:40/297
MBNL2	D196A	Altera	7.0000	13:97999104A>C	chr13:97346850A>C	56	576	0.0972	31	25	0	179		4	33	0	46	453	3714	confirmed_exome		97999104C:56/576
MED15	Q185del	Altera	9.0000	window:22:20905998-20906024																not_reproduced_indel_scan		
MFI2	G197R	Altera	37.0000	3:196749883C>G	chr3:197023012C>G	109	285	0.3825	62	47	0	115		9	22	0	53	1713	2307	confirmed_exome		196749883G:109/285
MGAM	S1844I	Altera	9.0000	7:141805648G>T	chr7:142105848G>T	26	315	0.0825	12	14	0	134		7	55	0	37	0	9	confirmed_exome		141805648T:26/315
MRPS9	G20A	Altera	7.0000	2:105654609G>C	chr2:105038151G>C	6	545	0.0110	4	2	0	170		7	42	0	41	16	411	unresolved_low_support	Altera+WGS_present_exome_absent_or_<3%	
MSH5	WF273CI	Altera	8.0000	unresolved_coordinates																coordinates_unresolved		
MTOR	P1125A	Altera	12.0000	1:11272878G>C	chr1:11212821G>C	100	1061	0.0943	44	56	0	433		4	38	0	47	436	2738	confirmed_exome		11272878C:100/1061
MTUS1	L886V	Altera	12.0000	8:17542019A>C	chr8:17684510A>C	51	424	0.1203	23	28	0	162		8	47	0	47	329	1060	confirmed_exome		17542019C:51/424
MTUS1	R879K	Altera	10.0000	8:17542039C>T	chr8:17684530C>T	48	392	0.1224	21	27	0	145		8	44	0	44	316	1036	confirmed_exome		17542039T:48/392
MUC2	T1668P	Altera	7.0000	11:1093183A>C	chr11:1099275A>C	11	643	0.0171	6	5	0	629		1	12	0	74	0	430	unresolved_low_support		
MXRA8	R240H	Altera	23.0000	1:1290292C>T	chr1:1354912C>T	57	242	0.2355	31	26	0	111		4	11	0	44	82	640	confirmed_exome		1290292T:57/242
NBEA	E1667G	Altera	11.0000	13:35770073A>G	chr13:35195936A>G	38	339	0.1121	21	17	0	124		6	55	0	31	69	262	confirmed_exome		35770073G:38/339
NDFIP1	E78K	Altera	10.0000	5:141511857G>A	chr5:142132292G>A	7	230	0.0304	3	4	0	118		8	36	0	60	16	1824	confirmed_exome		141511857A:7/230
NDNF	L395I	Altera	7.0000	4:121957943G>T	chr4:121036788G>T	0	346	0.0000	0	0	0	176	0.0086	1	35	0	38	0	11	not_reproduced		
NLRP9	c.2150_2159+5delAAGAGCTGATGTAAG	Altera	9.0000	scan:56235340A-15		29	241	0.1203			0	111								confirmed_exome		56235340A-15:29/241;56235341-:29/244;56235342-:29/244;56235343-:29/243;56235344-:29/244;56235345-:29/245;56235346-:29/248;56235347-:29/248;56235348-:29/249;56235349-:29/250;56235350-:29/249;56235351-:
NOX1	L452F	Altera	14.0000	X:100104356C>A	chrX:100849367C>A	23	183	0.1257	13	10	0	99		3	18	0	47	0	2	confirmed_exome		100104356A:23/183
NT5C1B	K570Q	Altera	15.0000	2:18745187T>G	chr2:18563921T>G	63	557	0.1131	30	33	0	144		9	45	0	46	10	56	confirmed_exome		18745187G:63/557
OLIG2	A230D	Altera	35.0000	21:34399859C>A	chr21:33027551C>A	30	79	0.3797	13	17	0	57		4	8	0	40	0	0	confirmed_exome		34399859A:30/79
OR51A4	L65I	Altera	7.0000	11:4968138G>T	chr11:4946908G>T	7	517	0.0135	3	4	0	279		2	66	0	75	0	0	unresolved_low_support		
OTUD4	T1049P	Altera	10.0000	4:146058587T>G	chr4:145137435T>G	0	322	0.0000	0	0	0	148	0.0093	5	39	0	31	0	326	not_reproduced	Altera+WGS_present_exome_absent_or_<3%	
PCDHA6	A381G	Altera	9.0000	5:140208818C>G	chr5:140829233C>G	139	1231	0.1129	71	68	0	655		5	26	0	50	13	91	confirmed_exome		140208818G:139/1231
PHKB	A5V	Altera	19.0000	16:47495275C>T	chr16:47461364C>T	32	134	0.2388	10	22	0	60		3	21	0	52	46	142	confirmed_exome		47495275T:32/134
PIKFYVE	I1548T	Altera+EVEE	12.0000	2:209203263T>C	chr2:208338539T>C	15	173	0.0867	7	8	0	61		7	45	0	29	61	294	confirmed_exome		209203263C:15/173
PLD1	V792fs	Altera	12.0000	scan:171377058C+T		19	189	0.1005			0	66		3	47	0	37			confirmed_exome		171377058C+T:19/189
PLEC	R3909H	Altera	7.0000	8:144992674C>T	chr8:143918506C>T	6	192	0.0312	6	0	0	113		0	10	0	43	24	1166	confirmed_exome		144992674T:6/192
PLOD2	Y61fs	Altera	6.0000	scan:145841940-		21	212	0.0991			0	78		6	64	0	47			confirmed_exome		145841936A-8:20/209;145841937-:20/211;145841938-:20/211;145841939-:20/212;145841940-:21/212;145841941-:21/214;145841942-:21/213;145841943-:21/215;145841944-:21/216
PREX2	S13C	Altera	16.0000	8:68864666A>T	chr8:67952431A>T	13	150	0.0867	7	6	0	80		1	15	0	52	0	69	confirmed_exome		68864666T:13/151
PROC	L47Q	Altera	10.0000	2:128178928T>A	chr2:127421352T>A	46	416	0.1106	21	25	0	215		1	9	0	60	4	17	confirmed_exome		128178928A:46/416
PRRC2B	P1828L	Altera	11.0000	9:134360095C>T	chr9:131484708C>T	32	312	0.1026	15	17	0	166		2	7	0	39	235	1429	confirmed_exome		134360095T:32/312
PRRG1	R20I	Altera	7.0000	X:37285141G>T	chrX:37425888G>T	0	225	0.0000	0	0	0	76	0.0132	3	41	0	27	1	209	not_reproduced	Altera+WGS_present_exome_absent_or_<3%	
PTPN23	P981A	Altera	14.0000	3:47452229C>G	chr3:47410739C>G	32	201	0.1592	19	13	0	202		3	8	0	39	328	1697	confirmed_exome		47452229G:32/201
PTPRH	T490P	Altera	24.0000	19:55710233T>G	chr19:55198865T>G	26	114	0.2281	14	12	0	97		7	16	0	45	2	15	confirmed_exome		55710233G:26/114
RABL6	A432D	Altera	11.0000	9:139733372C>A	chr9:136838920C>A	57	349	0.1633	37	20	0	189		0	8	0	49	172	751	confirmed_exome		139733372A:57/349
RAG1	S382*	Altera	14.0000	11:36595999C>G	chr11:36574449C>G	47	235	0.2000	21	26	0	120		7	41	0	48	0	2	confirmed_exome		36595999G:47/235
RNPC3	Y423D	Altera	11.0000	1:104088929T>G	chr1:103546307T>G	28	202	0.1386	16	12	0	50		2	47	0	19	88	307	confirmed_exome		104088929G:28/202
RXFP4	R238P	Altera	6.0000	1:155912213G>C	chr1:155942422G>C	7	388	0.0180	5	2	0	189		2	28	0	49	0	15	unresolved_low_support		
S1PR4	V103M	Altera	23.0000	19:3179097G>A	chr19:3179099G>A	59	298	0.1980	21	38	0	231		3	7	0	52	3	176	confirmed_exome		3179097A:59/298
SCN11A	I1376M	Altera	9.0000	3:38892171A>C	chr3:38850680A>C	0	273	0.0000	0	0	0	141	0.0109	3	31	0	46	0	5	not_reproduced	Altera+WGS_present_exome_absent_or_<3%	
SCN11A	N822K	Altera	11.0000	3:38936393G>C	chr3:38894902G>C	26	237	0.1097	13	13	0	92		3	38	0	37	0	6	confirmed_exome		38936393C:26/237
SEMA6C	R663H	Altera	21.0000	1:151105861C>T	chr1:151133385C>T	56	169	0.3314	20	36	0	41		3	12	0	43	6	58	confirmed_exome		151105861T:56/169
SLC22A10	I407M	Altera	13.0000	11:63069951A>G	chr11:63302479A>G	37	531	0.0697	20	17	0	204		3	41	0	47	2	4	confirmed_exome		63069951G:37/531
SLC46A3	L130F	Altera	32.0000	13:29287489G>A	chr13:28713352G>A	94	362	0.2597	40	54	0	207		6	24	0	50	52	180	confirmed_exome		29287489A:94/362
SNX14	N649Y	Altera	11.0000	6:86238030T>A	chr6:85528312T>A	29	170	0.1706	9	20	0	60		3	24	0	21	87	383	confirmed_exome		86238030A:29/170
SNX15	T148A	Altera	8.0000	11:64802600A>G	chr11:65035128A>G	34	411	0.0827	17	17	0	211		5	18	0	44	36	250	confirmed_exome		64802600G:34/411
SRPK3	E547Q	Altera	12.0000	X:153050910G>C	chrX:153785455G>C	25	209	0.1196	14	11	0	209		0	2	0	44	13	38	confirmed_exome		153050910C:25/209
SRRM4	T510N	Altera	5.0000	12:119592185C>A	chr12:119154380C>A	30	226	0.1327	16	14	1	137		4	23	0	61	0	1	confirmed_exome		
STK16	E122D	Altera	12.0000	2:220111894G>T	chr2:219247172G>T	15	246	0.0610	3	12	0	99		1	17	0	58	39	252	confirmed_exome		220111894T:15/246
SVOPL	L81P	Altera	6.0000	7:138356795A>G	chr7:138672050A>G	0	320	0.0000	0	0	0	155	0.0093	4	41	0	68	0	14	not_reproduced	Altera+WGS_present_exome_absent_or_<3%	
SYNJ1	G22E	Altera	7.0000	21:34100287C>T	chr21:32727976C>T	0	163	0.0000	0	0	0	61	0.0182	3	21	0	52	0	16	not_reproduced	Altera+WGS_present_exome_absent_or_<3%	
TAC4	G96A	Altera	24.0000	17:47917235C>G	chr17:49839873C>G	30	242	0.1240	10	20	0	115		2	16	0	51	14	65	confirmed_exome		47917235G:30/242
TAF4B	P522T	Altera	19.0000	18:23866437C>A	chr18:26286473C>A	82	347	0.2363	33	49	0	136		10	34	0	47	117	191	confirmed_exome		23866437A:82/347
TELO2	E430D	Altera	14.0000	16:1551429G>C	chr16:1501428G>C	21	154	0.1364	13	8	0	109		1	7	0	53	91	328	confirmed_exome		1551429C:21/154
TET2	E1411D	Altera	10.0000	4:106193771G>C	chr4:105272614G>C	191	1527	0.1251	84	107	0	610		6	43	0	41	549	1576	confirmed_exome		106193771C:191/1528
TEX36	H43Q	Altera	10.0000	10:127350469G>T	chr10:125661900G>T	1	351	0.0028	1	0	0	141		0	31	0	60	0	0	not_reproduced		
TM7SF2	T270I	Altera	14.0000	11:64882470C>T	chr11:65114998C>T	40	484	0.0826	17	23	0	202		1	19	0	45	58	380	confirmed_exome		64882470T:40/484
TOR3A	K286T	Altera	37.0000	1:179063266A>C	chr1:179094131A>C	80	229	0.3493	33	47	0	70		20	35	0	49	353	621	confirmed_exome		179063266C:80/229
TP63	C8F	Altera	14.0000	3:189349327G>T	chr3:189631538G>T	22	284	0.0775	13	9	0	82		17	73	0	41	0	7	confirmed_exome		189349327T:22/284
TPO	H511Q	Altera	25.0000	2:1488562C>A	chr2:1484790C>A	45	316	0.1424	21	24	0	170		1	14	0	46	0	18	confirmed_exome		1488562A:45/316
TSC2	R59W	Altera	14.0000	16:2100437C>T	chr16:2050436C>T	123	1146	0.1073	58	65	0	702		2	14	0	50	1140	4748	confirmed_exome		2100437T:123/1146
TXNDC5	V305I	Altera	19.0000	6:7888988C>T	chr6:7888755C>T	97	462	0.2100	53	44	0	155		5	20	0	50	1013	4980	confirmed_exome		7888988T:97/462
TYRP1	P47L	Altera	8.0000	9:12694136C>T	chr9:12694136C>T	52	423	0.1229	27	25	0	140		7	44	0	55	0	1	confirmed_exome		12694136T:52/423
UBD	K143N	Altera	11.0000	6:29523726C>A	chr6:29555949C>A	28	321	0.0872	15	13	0	155		2	26	0	58	10	371	confirmed_exome		29523726A:28/321
USH2A	L860M	Altera	6.0000	1:216420158G>T	chr1:216246816G>T	56	664	0.0843	23	33	0	228		9	83	0	53	0	1	confirmed_exome		216420158T:56/664
USP10	N557I	Altera	10.0000	16:84797707A>T	chr16:84764101A>T	19	249	0.0763	6	13	0	108		3	32	0	45	202	1105	confirmed_exome		84797707T:19/249
USP50	C194Y	Altera	8.0000	15:50833325C>T	chr15:50541128C>T	32	370	0.0865	23	9	0	133		3	40	0	42	0	22	confirmed_exome		50833325T:32/370
VPS35	c.506+1G>C	Altera	5.0000	16:46714582C>G	chr16:46680670C>G	55	372	0.1478	23	32	0	168		5	37	0	47	57	1357	confirmed_exome		46714582G:55/372
VWA3B	F1111L	Altera	17.0000	2:98916590T>C	chr2:98300127T>C	34	235	0.1447	16	18	0	149		3	19	0	41	0	0	confirmed_exome		98916590C:34/235
ZNF648	Y250C	Altera	8.0000	1:182026397T>C	chr1:182057262T>C	13	197	0.0660	5	8	0	158		1	17	0	41	1	5	confirmed_exome		182026397C:13/197
ZNF83	D496A	Altera	12.0000	19:53116331T>G	chr19:52613078T>G	59	316	0.1867	31	28	0	163		5	28	0	42	292	904	confirmed_exome		53116331G:59/316
BRCA1	c.81-1G>A	Altera+July17+WGS_early_look	27.0000	17:41267797C>T	chr17:43115780C>T	134	598	0.2241	64	70	0	292		4	23	0	41	48	570	confirmed_exome		41267797T:134/599
TP53	c.559+2T>G	Altera		17:7578369A>C	chr17:7675051A>C	441	1269	0.3475	200	241	0	837		10	18	0	47	319	2279	confirmed_exome		7578369C:441/1270
MTOR	G98S	EVEE		1:11317202C>T	chr1:11257145C>T	0	793	0.0000	0	0	0	426	0.0038	1	10	0	50	1	2188	not_reproduced		
SCAP	W633*	EVEE		3:47460860C>T	chr3:47419370C>T	0	293	0.0000	0	0	0	214	0.0102	1	12	0	53	0	992	not_reproduced		
RXRA	S96*	EVEE		9:137300002C>A	chr9:134408156C>A	0	299	0.0000	0	0	0	180	0.0100	1	9	0	52	0	1706	not_reproduced		
CUL3	R354C	EVEE		2:225370819G>A	chr2:224506102G>A	0	190	0.0000	0	0	0	36	0.0156	2	47	0	26	2	728	not_reproduced		
DLL4	R516C	EVEE		15:41228731C>T	chr15:40936533C>T	0	258	0.0000	0	0	0	176	0.0115	1	11	0	45	0	41	not_reproduced		
ATG4B	W142*	EVEE		2:242594726G>A	chr2:241655311G>A	0	201	0.0000	0	0	0	108	0.0148	1	17	0	41	4	726	not_reproduced		
ATG13	D213G	EVEE		11:46679115A>G	chr11:46657565A>G	0	285	0.0000	0	0	0	124	0.0105	0	25	0	51	0	778	not_reproduced		
FGFR4	S106F	EVEE		5:176517616C>T	chr5:177090615C>T	0	678	0.0000	0	0	0	614	0.0044	1	9	0	47	0	341	not_reproduced		
BRD3	S676G	EVEE		9:136899862T>C	chr9:134034740T>C	0	372	0.0000	0	0	0	177	0.0080	1	11	0	46	0	520	not_reproduced		
PPARD	Q415H	EVEE		6:35393775G>C	chr6:35425998G>C	0	653	0.0000	0	0	0	290	0.0046	1	16	0	43	3	2178	not_reproduced		
WNT2B	L39P	EVEE		1:113052000T>C	chr1:112509378T>C	0	121	0.0000	0	0	0	69	0.0245	1	7	0	36	0	16	not_reproduced		
WNT6	S88P	EVEE		2:219735930T>C	chr2:218871208T>C	0	422	0.0000	0	0	0	211	0.0071	2	15	0	47	0	43	not_reproduced		
LIN28A	A24V	EVEE		1:26737916C>T	chr1:26411425C>T	0	136	0.0000	0	0	0	81	0.0218	1	9	0	47	0	4	not_reproduced		
FZD10	A19V	EVEE		12:130647543C>T	chr12:130162998C>T	0	72	0.0000	0	0	0	84	0.0408	1	8	0	34	0	17	unresolved_low_support		
CBL	D460del	EVEE		window:11:119149358-119149384										3	28	0	43			not_reproduced_indel_scan		
ARIH2	E29del	EVEE		window:3:48956325-48956425																not_reproduced_indel_scan		
SHH	Q209*	EVEE+July17		7:155596358G>A	chr7:155803664G>A	0	686	0.0000	0	0	0	535	0.0044	1	14	0	43	0	6	not_reproduced		
