leiden,n,qc_pass,intronic_med,scdbl,umi_med,compartment,z_epithelial,z_myoepithelial,z_T_NK,z_B,z_plasma,z_myeloid,z_fibroblast,z_endothelial,z_perivascular,z_adipocyte,det_ESR1,det_GATA3,det_ANKRD30A
0,5241,0.929593589009731,0.5865921787709497,0.41480633466895633,8109.0,epithelial,1.35,-0.4,-0.76,-0.37,-0.56,-0.64,-0.7,-0.48,-0.62,-0.36,0.19,0.35,0.01
1,14282,0.9569388040890632,0.5739130434782609,0.26641926900994256,5915.0,epithelial,1.58,-0.45,-0.64,-0.32,-0.54,-0.57,-0.62,-0.44,-0.65,-0.45,0.15,0.31,0.01
10,1312,0.926829268292683,0.5,0.3208841463414634,2504.5,myoepithelial,0.15,3.44,-0.35,-0.34,-0.33,-0.34,-0.34,-0.41,2.84,-0.38,0.2,0.3,0.14
11,511,0.974559686888454,0.5862068965517241,0.8336594911937377,5633.0,doublet_like_epi+myeloid,0.93,-0.4,-0.2,-0.28,-0.46,1.15,-0.66,-0.31,-0.69,-0.42,0.34,0.25,0.02
12,275,0.9454545454545454,0.5827814569536424,0.29818181818181816,6560.0,epithelial,0.56,-0.35,-0.84,-0.25,-0.5,-0.62,-0.6,-0.39,-0.44,-0.37,0.11,0.44,0.0
13,622,0.9180064308681672,0.4444444444444444,0.0594855305466238,1730.0,plasma,-0.71,-0.4,0.09,-0.17,3.34,-0.26,-0.24,0.09,-0.65,-0.33,0.49,0.04,0.01
2,2630,0.9825095057034221,0.5238095238095238,0.09201520912547528,2356.0,fibroblast,-1.09,-0.03,-0.21,-0.34,-0.19,-0.24,3.27,-0.34,0.5,-0.33,0.16,0.05,0.01
3,3972,0.9775931520644512,0.3854895104895104,0.007804632426988922,1195.0,T_NK,-0.39,-0.28,3.18,-0.26,0.02,-0.08,-0.14,-0.25,-0.52,-0.0,0.03,0.1,0.01
4,1662,0.9789410348977136,0.5106382978723404,0.1444043321299639,2225.0,myeloid,-1.03,-0.3,0.38,-0.26,-0.1,3.12,-0.38,-0.13,-0.56,-0.3,0.25,0.05,0.01
5,1925,0.8238961038961039,0.28,0.007272727272727273,1133.0,low_quality,0.79,-0.27,-0.3,-0.26,-0.05,-0.14,-0.04,-0.24,-0.39,-0.16,0.03,0.11,0.01
6,2795,0.9348837209302325,0.5878787878787879,0.8465116279069768,6949.0,doublet_like_epi+fibroblast,0.78,-0.24,-0.41,-0.26,-0.49,-0.43,0.51,0.12,-0.08,0.04,0.33,0.32,0.04
7,992,0.9768145161290323,0.53125,0.17036290322580644,4488.5,adipocyte,-1.48,-0.1,-0.47,-0.09,-0.43,-0.56,0.13,-0.42,0.63,3.43,0.68,0.07,0.08
8,1596,0.9097744360902256,0.41949884792626724,0.16478696741854637,2266.5,endothelial,-0.96,0.0,-0.1,-0.25,-0.12,-0.22,-0.02,3.41,1.16,-0.14,0.08,0.08,0.01
9,1179,0.9737065309584394,0.3928571428571428,0.02374893977947413,1241.0,B,-0.49,-0.22,0.62,3.47,0.42,-0.16,-0.17,-0.21,-0.54,-0.23,0.04,0.06,0.01
