,ambient_share,ambient_share,ambient_share,ambient_share,ambient_share,ambient_share,ambient_share,ambient_share,ambient_share,ambient_share,cpm_corr,cpm_corr,cpm_corr,cpm_corr,cpm_corr,cpm_corr,cpm_corr,cpm_corr,cpm_corr,cpm_corr,cpm_raw,cpm_raw,cpm_raw,cpm_raw,cpm_raw,cpm_raw,cpm_raw,cpm_raw,cpm_raw,cpm_raw,det_ambient_exp,det_ambient_exp,det_ambient_exp,det_ambient_exp,det_ambient_exp,det_ambient_exp,det_ambient_exp,det_ambient_exp,det_ambient_exp,det_ambient_exp,det_dm1500,det_dm1500,det_dm1500,det_dm1500,det_dm1500,det_dm1500,det_dm1500,det_dm1500,det_dm1500,det_dm1500,det_raw,det_raw,det_raw,det_raw,det_raw,det_raw,det_raw,det_raw,det_raw,det_raw
library,KH022-1,KH022-1,KH022-1,KH022-1,KH022-1,KH022-1-1,KH022-1-1,KH022-1-1,KH022-1-1,KH022-1-1,KH022-1,KH022-1,KH022-1,KH022-1,KH022-1,KH022-1-1,KH022-1-1,KH022-1-1,KH022-1-1,KH022-1-1,KH022-1,KH022-1,KH022-1,KH022-1,KH022-1,KH022-1-1,KH022-1-1,KH022-1-1,KH022-1-1,KH022-1-1,KH022-1,KH022-1,KH022-1,KH022-1,KH022-1,KH022-1-1,KH022-1-1,KH022-1-1,KH022-1-1,KH022-1-1,KH022-1,KH022-1,KH022-1,KH022-1,KH022-1,KH022-1-1,KH022-1-1,KH022-1-1,KH022-1-1,KH022-1-1,KH022-1,KH022-1,KH022-1,KH022-1,KH022-1,KH022-1-1,KH022-1-1,KH022-1-1,KH022-1-1,KH022-1-1
group,T_NK,fibroblast,malignant,myeloid,nonmalignant_epithelial,T_NK,fibroblast,malignant,myeloid,nonmalignant_epithelial,T_NK,fibroblast,malignant,myeloid,nonmalignant_epithelial,T_NK,fibroblast,malignant,myeloid,nonmalignant_epithelial,T_NK,fibroblast,malignant,myeloid,nonmalignant_epithelial,T_NK,fibroblast,malignant,myeloid,nonmalignant_epithelial,T_NK,fibroblast,malignant,myeloid,nonmalignant_epithelial,T_NK,fibroblast,malignant,myeloid,nonmalignant_epithelial,T_NK,fibroblast,malignant,myeloid,nonmalignant_epithelial,T_NK,fibroblast,malignant,myeloid,nonmalignant_epithelial,T_NK,fibroblast,malignant,myeloid,nonmalignant_epithelial,T_NK,fibroblast,malignant,myeloid,nonmalignant_epithelial
gene,,,,,,,,,,,,,,,,,,,,,,,,,,,,,,,,,,,,,,,,,,,,,,,,,,,,,,,,,,,,
ABCB1,0.08430078779545855,0.7196534365386772,0.18415640937414124,0.5706297562288827,0.34239533949428935,0.10848140128957474,0.860429975498832,0.25116196944823516,0.9330165790340224,0.791275926853666,135.58096973744082,2.6152223165571105,9.408553133233463,6.060015249086356,15.744448314262451,130.44931417097007,1.3571660429573125,7.666146463003324,0.6355163500361964,2.432854732781741,74.03138930906704,6.0659673954252495,9.85542538355181,8.57854319179517,14.451086873849617,73.16129711688795,6.367581369730429,8.810254868470404,6.0909106482442,7.372269290976097,0.007872151932793829,0.010455965080317913,0.010975496488939375,0.010519700172488938,0.010879950529452245,0.010247837053896005,0.012474075759275761,0.012828199330252622,0.012578407124342288,0.013033150239664117,0.09090909090909091,0.009179926560587515,0.01512362967112107,0.014994232987312572,0.02159827213822894,0.10692588092345079,0.007599746675110829,0.012409860808317961,0.011135857461024499,0.0070921985815602835,0.08111533586818757,0.012670565302144249,0.05,0.016020236087689713,0.02861952861952862,0.08086785009861933,0.01314508276533593,0.04150321669543386,0.013582342954159592,0.016605166051660517
ABCG2,0.7963733572873934,0.12249419545576881,0.18308779378936707,0.5342065519163542,0.4152453896646386,0.4777747591721821,0.08383403640391882,0.19575650544489154,0.591497297286252,0.3527149734603747,0.8148520681273121,12.278763477347283,2.419369121031131,1.7929315862817885,2.947423962940926,3.4372788102411804,18.114383738423044,2.09280072970287,1.211167922527913,3.3531785481988265,2.0008483597045146,9.098951093137874,2.5309652735969626,2.33960268867141,3.0423340787051827,3.290992603873853,12.947415451785204,2.2394407352124164,1.9034095775763125,3.2765641293227095,0.0020164434926842295,0.0026820053049575908,0.002817909420682376,0.0026982886498441595,0.0027915463008617966,0.0020394784782492618,0.002486046537585879,0.002560161051164918,0.002506887871861599,0.0025988738259638895,0.003787878787878788,0.014075887392900856,0.0038409218212370967,0.0034602076124567475,0.004319654427645789,0.002430133657351154,0.015832805573147563,0.004527922186818715,0.0022271714922048997,0.004728132387706856,0.002217997465145754,0.018518518518518517,0.01456386292834891,0.00505902192242833,0.005050505050505051,0.004273504273504274,0.02531645569620253,0.012631413776871176,0.003395585738539898,0.005535055350553505
ACTB,0.6255588451264961,0.7817564304376626,0.7843172568329191,0.6964094034132947,0.7543999995031092,0.680602400188906,0.8026884902149904,0.8117801109399096,0.7794782942055541,0.7803374087068456,479.113381156822,120.18551797493302,37.45171997041707,225.1465218522913,171.14430763969068,447.2984297800837,123.49639176732319,35.798326854384285,150.37948913474304,155.89701082350103,639.7712950290924,358.094288184001,148.39381666265334,450.76345135069164,420.6026863809915,700.2219971970869,409.86000108248885,163.68032275839022,437.78420284255185,448.88928571721124,0.3900497622516977,0.47042201187412147,0.4736193143518348,0.4732807731923027,0.4831856735872959,0.4515336089957578,0.5062885870721733,0.4963462519372785,0.5095893567928896,0.5184984524923746,0.553030303030303,0.40208078335373315,0.22413379211010642,0.46251441753171857,0.4557235421166307,0.5795868772782503,0.42621912602913237,0.24182458494046621,0.4643652561247216,0.47044917257683216,0.5434093789607097,0.5443469785575049,0.5675233644859813,0.5961214165261383,0.5707070707070707,0.5848126232741617,0.5842259006815969,0.5864584967833045,0.6044142614601019,0.6236162361623616
B2M,0.5276033469042942,0.7816882615693455,0.9270838592759476,0.7150712716715931,0.9227167284578361,0.6179313662108739,0.842410108318132,0.9911391777242841,0.7140914432393234,0.9483508627656142,1439.2942677725077,241.46438056761963,21.51197210637846,413.2909492288567,88.42606740768744,1185.4239344574846,189.04579317404537,2.7764403685413854,428.082976108373,60.6696494276246,1523.3958718496642,719.2215212435233,252.1250359224503,881.6402548919143,690.6098358660764,1551.32328281069,785.547274728237,269.6581755745674,961.2218123123952,742.9609163239244,0.6208114055194943,0.701465906257604,0.6970843220375891,0.7044652550757535,0.7164424626048139,0.6912902004255806,0.7367442217674665,0.7140213979510017,0.7402402083844769,0.7494175860152159,0.8244949494949495,0.6407588739290085,0.35376490357685847,0.7012687427912342,0.6263498920086393,0.8578371810449574,0.6548448385053831,0.37338587959081,0.6937639198218263,0.6170212765957447,0.841254752851711,0.8031189083820662,0.7699376947040498,0.821247892074199,0.7845117845117845,0.8530571992110454,0.811587147030185,0.7716930801820179,0.8429541595925297,0.7785977859778598
BRCA1,0.6455016631009928,0.7188027408294657,0.11393445896245007,0.6357810341873664,0.7797385614158845,0.6865011624780424,0.6286737928590094,0.0957114852251427,0.5938445004675365,0.5861207687083665,24.648085202606904,9.443369016007763,59.38849899978297,16.589755984426315,8.32661894476992,17.30119027096179,11.795089826132763,57.98300308739028,14.450504517814004,15.544356885794523,34.764740249865945,21.8374826235309,57.279066813162686,27.68529848261168,22.81750559028887,27.59370721709615,20.800765807786068,55.181429752834134,22.840914930915748,23.755089937589645,0.02798897145454471,0.03699800145471114,0.038714903297418106,0.03722641872850233,0.03846198165661647,0.02426854907420176,0.0294691471811057,0.030235951621841384,0.02971460938908429,0.030762030589749183,0.04924242424242424,0.028151774785801713,0.0672161318716492,0.03806228373702422,0.028077753779697623,0.03402187120291616,0.02786573780873971,0.06733187992621163,0.036748329621380846,0.02364066193853428,0.04024081115335868,0.04580896686159844,0.1943146417445483,0.05227655986509275,0.04208754208754209,0.032215647600262985,0.04527750730282376,0.1845284795229876,0.04838709677419355,0.03874538745387454
CD163,1.314648089086404,1.3270204580538831,1.1220666280959037,0.023304312795392457,1.4395173587378822,1.3443878232673425,0.901918186438897,1.1446546130063122,0.02347211449648334,6.7183803108505655,0.0,0.0,0.0,373.44325715164206,0.0,0.0,0.8583646563457944,0.0,347.43640397541935,0.0,5.252226944224351,3.63958043725515,1.7895714055736098,232.40053374136005,3.8029175983814785,5.569372098863443,5.730823232757386,1.8237361675981354,228.4091493091575,0.8191410323306774,0.008705581599557656,0.011560657898391693,0.012133470831432637,0.011631165988186736,0.012028959001432221,0.009670868991590472,0.011772938457438651,0.012108324871652105,0.011871421910890616,0.012301053331718197,0.010101010101010102,0.0036719706242350062,0.003600864207409778,0.24106113033448673,0.0064794816414686825,0.007290400972053463,0.008866371120962635,0.003270166023813517,0.22271714922049,0.002364066193853428,0.006653992395437262,0.007797270955165692,0.01074766355140187,0.2875210792580101,0.008417508417508417,0.007232084155161078,0.01314508276533593,0.010434646163502275,0.29541595925297115,0.0018450184501845018
CD274,0.1434906929591946,0.22967661320219207,0.35127308772291604,0.05342065442934845,0.12583193446645072,0.14311225505157527,0.15219869704282882,0.28828338985270624,0.04311204790716122,0.10077570670296421,15.852143489094276,4.7906583604865345,0.8344915126104825,30.36310075810677,12.117041252419504,13.449284332344265,6.5951533284358455,0.8982887708074996,27.803315513522623,11.645795463639862,9.25392366363338,4.043978263616833,1.0993081491380747,19.49668907226175,8.366418716439252,7.847751593853033,5.094065095784343,1.0861958057018306,18.653413860247863,8.191410323306775,0.0016806814088751235,0.00223559696645302,0.0023490076161997654,0.0022491668659662014,0.0023269431782201246,0.0014572382280275988,0.0017764957486451328,0.0018296382482869944,0.0017913911089048804,0.0018571924265756937,0.013888888888888888,0.004895960832313341,0.0020004801152276545,0.02306805074971165,0.01511879049676026,0.009720534629404616,0.007599746675110829,0.001341606573872212,0.0200445434298441,0.01182033096926714,0.011723700887198986,0.007797270955165692,0.005919003115264798,0.03456998313659359,0.016835016835016835,0.009204470742932281,0.010710808179162609,0.00549191903342225,0.030560271646859084,0.016605166051660517
CD276,0.7857550473720767,0.31867630597990626,0.29057651210731195,0.6308183763516847,0.6983672476008357,0.8202558085741475,0.37519795854699156,0.26826834372506053,0.4307823285910073,0.6654395612106117,8.037593663260347,33.89733825450275,12.245398695432003,11.131585488283056,8.361999592540005,6.825424668135767,27.339828359813783,13.762044706816635,22.952326257689386,9.09902811318687,18.757953372229824,32.35182610893467,14.751181443085327,18.326887727926042,16.732837432878505,18.98649579157992,28.654116163786927,16.185659345662238,25.88637025503785,17.201961678944226,0.0184819275404824,0.02448628075625979,0.025660083117352538,0.024636572664528653,0.025466401271321076,0.019999863403193374,0.024303660743844623,0.02495337775516184,0.024506355393278,0.025376863340673624,0.023989898989898988,0.046511627906976744,0.022965511722813477,0.025374855824682813,0.019438444924406047,0.019441069258809233,0.044331855604813175,0.024652020794901894,0.03897550111358575,0.02364066193853428,0.022813688212927757,0.07163742690058479,0.08341121495327103,0.03709949409780776,0.037037037037037035,0.023997370151216304,0.06329113924050633,0.0866938647418798,0.05263157894736842,0.03690036900369004
CD3E,0.06262081313717108,0.6037214124897858,0.8473392696826357,0.8776250795238555,0.5788269265564249,0.0821166592540708,1.1465634612327864,1.1497419334719832,0.9946308229204869,2.5305898436396403,182.8664768244252,4.31281443810406,0.37448354689357793,1.0991059294283325,5.837975220713722,189.14525311459195,0.0,0.0,0.05094096077898611,0.0,97.5413575355951,7.076961961329458,2.0963550751005147,5.459072940233289,8.366418716439252,103.0333838289737,5.094065095784343,2.0517031885479025,6.0909106482442,2.457423096992032,0.007705372996113428,0.010234850654600544,0.01074368063435058,0.010297230955417902,0.010649954987305256,0.010920497636687997,0.013291322979620298,0.01366711309358991,0.013402468188054626,0.013886414758483434,0.16035353535353536,0.008567931456548347,0.004000960230455309,0.010380622837370242,0.017278617710583154,0.15795868772782504,0.006333122229259025,0.0035217172564145564,0.0077951002227171495,0.004728132387706856,0.11248415716096324,0.016569200779727095,0.012461059190031152,0.010961214165261383,0.018518518518518517,0.12261669953977647,0.011684518013631937,0.011689941942570219,0.012733446519524618,0.005535055350553505
CD4,0.11136278414555041,1.0973438907349338,0.9622281212978896,0.03919945889752223,0.8502644130480433,0.08430693413851191,0.4244169133893116,0.7193980538043666,0.026271540002081553,0.4553568705070233,91.12395118038155,0.0,0.07627178540044822,180.60091731164565,1.3207847125133352,99.21497983601664,6.529736309645212,0.5771496815707201,188.81001985579744,6.348274040891674,51.27173921742819,3.63958043725515,1.725658141088838,114.25059796345384,5.324084637734069,54.17480132530804,7.428844931352167,1.7700968685511314,124.48298637349083,7.372269290976097,0.007204851093508698,0.00957115669425496,0.010047791910979837,0.00962947225377981,0.009959581669017014,0.005911537044331192,0.007201137816367505,0.0074109592861369864,0.007261441594101962,0.007526028039259313,0.07449494949494949,0.006731946144430845,0.0036808834120188845,0.16493656286043828,0.0064794816414686825,0.08383961117861483,0.01013299556681444,0.0025993627368774107,0.16592427616926503,0.0070921985815602835,0.05861850443599493,0.007797270955165692,0.010436137071651091,0.209106239460371,0.011784511784511785,0.0631163708086785,0.01557935735150925,0.010199278204927036,0.2300509337860781,0.012915129151291513
CD59,0.744159948677548,0.943889737689889,0.5115180563363114,1.0172628521440372,1.004733994988378,0.8075818849843848,0.9875765377357156,0.5351998405539238,0.9976733855893889,1.0007898332452452,711.7929829525111,66.1960000453234,336.40640296857606,0.0,0.0,574.0136812496481,15.974395071877534,338.91404764293463,3.1331484286769387,0.0,1391.0897900709901,767.1426507266524,588.5389226795478,798.194475574158,816.8667001323415,1491.5790445792795,842.0065233748605,627.5127746147726,864.5286544988037,884.6723149171316,0.7086253243140699,0.7796493742939277,0.7722164245101574,0.7821413327018844,0.7943201313761428,0.7672171452617973,0.8037703357380335,0.7775971076754674,0.8070176458136302,0.8157214078345332,0.7840909090909091,0.6481028151774786,0.6059854365047611,0.6239907727797002,0.6997840172786177,0.8165249088699879,0.6827105763141229,0.6272010732852591,0.6670378619153675,0.6761229314420804,0.8266793409378961,0.8338206627680312,0.9480529595015577,0.8086003372681282,0.82996632996633,0.8448389217619987,0.8485881207400194,0.9364506511846854,0.8463497453310697,0.8468634686346863
CD68,1.2388030717750855,0.9043517296214488,1.1465046544364703,0.2901294371945007,1.7440307373224542,0.836799476661992,0.6725733015274147,0.9260549669504516,0.28166538457591306,1.94833036359407,0.0,0.9517419702078538,0.0,26.413518283977343,0.0,3.387809280831198,4.4574138153085725,0.22468157989525525,24.70553198677787,0.0,6.752863214002737,6.470365221786933,2.1219203808944234,22.616159323823627,3.8029175983814785,10.37928436606369,8.9146139176226,2.614915828541444,22.079551099885226,3.2765641293227095,0.010536409989889054,0.013985843073297272,0.014674560347040698,0.014071245973899357,0.014551114003566514,0.011208627604245978,0.013641327571387975,0.014026339829786709,0.013755390138493083,0.014251821786005236,0.0025252525252525255,0.011015911872705019,0.004241017844282628,0.03229527104959631,0.0064794816414686825,0.007290400972053463,0.013932868904369854,0.00335401643468053,0.030066815144766147,0.004728132387706856,0.008238276299112801,0.015107212475633527,0.012694704049844237,0.04468802698145025,0.008417508417508417,0.01282051282051282,0.019961051606621226,0.01514200533500706,0.0466893039049236,0.007380073800738007
CD8A,0.15329252550647754,0.6975363968590066,0.4553635793242419,0.6844521505981958,0.9458367291324424,0.15179489778560185,0.8436156042247445,0.5412287960198655,0.8035747302684015,0.9309755422049072,60.14173078289204,2.5393876764633707,2.215833590802745,3.238950417491701,0.4095105527464158,81.16639072209504,1.4192896088988742,1.9944548255921077,1.980093513688067,0.6257518912951944,35.515058384755136,5.459370655882725,3.476881587971585,6.23894050312376,4.563501118057774,47.8459693947814,5.943075945081733,3.7413411085285277,6.4715925637594625,5.733987226314742,0.0068710146608888505,0.00912840050253284,0.009583496927702025,0.009184005926041574,0.009499009134466689,0.009382246060238656,0.011422148537778249,0.011748108777258126,0.011517705449694644,0.011934753211148025,0.04419191919191919,0.00795593635250918,0.00608145955029207,0.012687427912341407,0.008639308855291577,0.06439854191980558,0.008866371120962635,0.0069595841019621,0.0077951002227171495,0.0070921985815602835,0.04150823827629911,0.011695906432748537,0.019937694704049845,0.013490725126475547,0.010101010101010102,0.05719921104536489,0.013631937682570594,0.021261572257963282,0.014431239388794566,0.012915129151291513
CTLA4,0.03945994087090996,0.11228634510614932,0.977365716389198,0.32645955738697485,1.522566418894756,0.03454193491978893,0.09503137856209316,0.9225068183471516,0.4506645932003922,1.0749408374948561,71.11011506433995,12.421599888691864,0.011510845589967796,3.88888660575014,0.0,66.9680312553106,12.02643623543792,0.032602515242919954,1.6287222067432243,0.0,37.01569465453352,9.098951093137874,0.4346101984964481,3.509404033007115,0.7605835196762957,34.681998979285986,8.702361205298253,0.3620652685672769,1.9034095775763125,0.8191410323306774,0.001848578031858398,0.0024588307313639945,0.002583495943816165,0.0024737573767013746,0.0025592774279429337,0.001554304197937377,0.0018947956857073157,0.0019514447885227429,0.0019106825238315102,0.0019808533230092815,0.06691919191919192,0.011015911872705019,0.0010402496599183804,0.008073817762399077,0.0021598272138228943,0.054678007290400975,0.016466117796073463,0.0010900553412711723,0.0033407572383073497,0.002364066193853428,0.03929024081115336,0.01705653021442495,0.0024922118380062306,0.006745362563237774,0.0016835016835016834,0.03747534516765286,0.017526777020447908,0.0020398556409854073,0.004244482173174873,0.0018450184501845018
EEF1A1,0.5947327015718276,0.7655887290556409,0.6643331404495527,0.7453888674455826,0.8028367183116722,0.7095947079242684,0.8194349175167734,0.7266995030799537,0.8452582665207148,0.8562615623791072,1003.4620315110874,242.5065160842801,126.59862700909171,324.5595169705689,237.516013073836,790.4553367744288,224.33248399131037,117.66441950086127,197.18927704195946,188.38857432581008,1238.0249545807421,672.7157970933906,322.31460015951217,774.7984486874439,727.1178448105386,1360.9520183404486,813.5646327550509,370.5134598836376,818.0854120786565,828.9707247186456,0.5900561367385492,0.6727879442082585,0.6695000388905401,0.6758846102836262,0.6876944138681079,0.6938302335081945,0.7390334558857884,0.7161855027131772,0.7425238100147201,0.7516915611175259,0.7563131313131313,0.609547123623011,0.40929823157557815,0.6274509803921569,0.6457883369330454,0.7897934386391251,0.656111462951235,0.4545530773100788,0.6726057906458798,0.6737588652482269,0.7762991128010139,0.7855750487329435,0.8303738317757009,0.7875210792580101,0.7811447811447811,0.8155818540433925,0.8169425511197663,0.8482661227051624,0.8234295415959253,0.7952029520295203
EGFR,1.2376969149903743,0.08448656526301314,0.10179906195197418,1.6069277586566593,0.10733647190052159,1.3580210751740747,0.08563844674329915,0.09327220693271505,1.8004492840016297,0.08656885450106994,0.0,577.3308893049943,148.71112173176,0.0,541.0555191939351,0.0,549.4741449674133,153.74800876859078,0.0,598.5872467154283,40.01696719409029,410.05939593074686,141.49118082593884,24.175894449604566,365.8406729642982,35.94776536539131,393.5165286493405,145.92571134091676,19.41477769127839,414.4853623593228,0.06062913483490029,0.07951919129249227,0.08281097892015639,0.08001886162695517,0.08254602122229351,0.061234630308255336,0.07387940679882188,0.07536715743978636,0.07448756934141981,0.07694463194981395,0.041666666666666664,0.39657282741738065,0.17444186604785147,0.0265282583621684,0.367170626349892,0.038882138517618466,0.3812539582013933,0.18338084856615797,0.024498886414253896,0.3640661938534279,0.04752851711026616,0.4615009746588694,0.45,0.046374367622259695,0.4478114478114478,0.0440499671268902,0.4454722492697176,0.43919661070139654,0.042444821731748725,0.47232472324723246
EPCAM,0.5642874321251709,0.7994358368805206,0.42648687947691105,0.7442878127451505,0.740869504605017,0.7428628151557998,0.968847219533871,0.49969861152034756,0.9092834195725534,0.9266923294908075,305.1281718572479,53.32263132190943,90.41604926314092,87.60154718304271,90.77625992490084,173.02283172088642,8.471851816928277,81.06756653642397,27.8110019632921,22.975549772532297,350.1484629482901,172.8800707696196,134.72916480625807,208.22463929175547,211.4422184700102,336.44068922498644,178.08002564012764,139.44876168984712,196.81255032139072,198.23212982402393,0.21897915760428188,0.27617939709335465,0.28217198745961936,0.2779743066223485,0.2850249180972318,0.27340158382442625,0.3173843591572953,0.3156077642885271,0.31975336549568995,0.3270848758780215,0.3472222222222222,0.23255813953488372,0.19212611026646395,0.2491349480968858,0.2570194384449244,0.330498177399757,0.21975934135528816,0.20157638772429984,0.24387527839643652,0.24113475177304963,0.35076045627376423,0.3391812865497076,0.5286604361370717,0.3608768971332209,0.3787878787878788,0.3399079552925707,0.3222979552093476,0.5254981955123176,0.3463497453310696,0.35793357933579334
ERBB2,1.0618311688578994,0.739843278146322,0.283554748897776,1.4297881589980304,0.5598123167098009,0.9978016668062012,0.7628571112874751,0.2603029324620361,1.2009898332181512,0.47966109585552613,0.0,9.14125064497628,20.778891493259398,0.0,24.960849660065374,0.10128577594298965,7.532788206706843,21.16169370714051,0.0,28.977164125601824,22.759650091638854,22.84847718943511,24.785564785284283,13.25774856913799,34.226258385433304,23.03694822711697,20.800765807786068,24.62043826257483,13.70454895854945,35.22306439021913,0.03010589441687581,0.03977620253563069,0.04160864302801957,0.04002208078704847,0.04134610545057016,0.029363965748919463,0.03562499658024953,0.03652200420531015,0.03592127573118839,0.03717590869303643,0.01893939393939394,0.031211750305997554,0.03672881491557974,0.016147635524798153,0.05183585313174946,0.027946537059538274,0.029765674477517417,0.03773268489015596,0.015590200445434299,0.04018912529550828,0.027566539923954372,0.05116959064327485,0.13395638629283488,0.02782462057335582,0.0707070707070707,0.02925706771860618,0.04527750730282376,0.1285893613682724,0.028862478777589132,0.07564575645756458
ERBB3,1.0601874904933417,1.4313181107502047,0.1946370927262443,1.4121444339333267,0.8266459527408931,1.039858435732283,1.373342098411328,0.1792813623002762,1.1256482902336815,0.8579448721192037,0.0,0.0,120.59537228065744,0.0,23.59210569049438,0.0,0.0,123.37024430561087,0.0,16.005796654824188,80.78425252306978,41.855175028434225,127.9671356971407,47.57192133631867,82.14302012503993,79.99643560185673,41.81378432789648,129.36457346901037,52.91478625662148,71.26526981276893,0.10228384860867568,0.13280300782769253,0.1375206998372291,0.1336519432117205,0.13762195045618028,0.10186454744784523,0.12202130275357803,0.12375699244003471,0.12301121558336763,0.1267862851621567,0.08207070707070707,0.05569155446756426,0.17892294150596144,0.06459054209919261,0.13390928725701945,0.09477521263669501,0.05573147561747942,0.1760020124098608,0.066815144766147,0.08983451536643026,0.09569074778200254,0.09015594541910331,0.4840342679127726,0.09527824620573355,0.15993265993265993,0.09500328731097962,0.09104186952288218,0.4694806213714106,0.10780984719864177,0.14022140221402213
F3,1.4311637771290564,0.07889169442899875,0.7491952849477738,1.3800336527983,0.22004457508567812,1.130246108866621,0.07992766195241251,0.6192198816810361,1.2557581925641177,0.1996852032269106,0.0,103.39749618832158,0.9378583800274735,0.0,38.33040025793614,0.0,97.22079078811018,1.5960643410304758,0.0,37.313369975865015,5.75243903415048,72.99380765828384,3.195663224238589,4.67920537734282,29.66275726737553,7.0882917621898365,69.19438421773732,3.607242860911018,4.5681829861831496,29.489077163904387,0.010370125229739943,0.013765663204303648,0.014443918030334964,0.013849712370731581,0.01432214837511286,0.010343962595195048,0.012590874877516492,0.012948106414530739,0.012696180226333955,0.013155101434367128,0.003787878787878788,0.08261933904528763,0.0048811714811554776,0.00461361014994233,0.0367170626349892,0.007290400972053463,0.07536415452818239,0.0057018279389569005,0.005567928730512249,0.03546099290780142,0.00697084917617237,0.11988304093567251,0.018457943925233644,0.01011804384485666,0.05387205387205387,0.009204470742932281,0.10905550146056475,0.02024164443747058,0.010186757215619695,0.05350553505535055
FOLR1,0.8981654807077055,0.8541692730322556,0.8289188595534117,0.9852170455352689,0.9159825181560427,0.790004769085499,1.177003277672976,0.846094397514971,1.3297226295095428,0.8265643966762721,6.77486807700223,5.486893530938221,2.0983481523980845,0.5785090625301345,3.5996273424538083,16.16093819566731,0.0,1.7914260345199218,0.0,7.41230570134069,33.264103980087555,24.46606849488184,10.481775375502572,23.785960668159333,25.859839668994052,38.47929813760197,17.8292278352452,10.017139097027995,16.369322367156286,27.031654066912353,0.037071865376886746,0.04889819256371071,0.05109729719469338,0.04920167818373809,0.050812065080000114,0.03862964431589383,0.04679092347933901,0.0478986815506947,0.04717894844552342,0.04879954531032391,0.03282828282828283,0.03733170134638923,0.019204609106185485,0.03344867358708189,0.038876889848812095,0.04374240583232078,0.022799240025332488,0.018530940801609927,0.02338530066815145,0.037825059101654845,0.041191381495564006,0.057504873294346975,0.06191588785046729,0.049747048903878585,0.05387205387205387,0.048980933596318214,0.04089581304771178,0.05617448611329044,0.0365025466893039,0.05350553505535055
FOXP3,0.0,,0.0,0.0,,0.07394132943767318,,0.1831447359953904,0.2816653707502451,,10.504453888448703,0.0,0.2243638154487276,0.6415331350760073,0.0,3.750956597629379,0.0,0.21638038229806186,0.42595745624622716,0.0,5.252226944224351,0.0,0.19173979345431535,0.389933781445235,0.0,2.025226217768525,0.0,0.22796702094976692,0.3806819155152625,0.0,0.0,0.0,0.0,0.0,0.0,0.00019443369250451246,0.0002370824662952412,0.00024422718487700364,0.00023907102705483427,0.0002478726685267796,0.011363636363636364,0.0,0.00032007681843642473,0.0011534025374855825,0.0,0.002430133657351154,0.0,0.0005031024652020795,0.0011135857461024498,0.0,0.006020278833967047,0.0,0.0011682242990654205,0.0008431703204047217,0.0,0.0026298487836949377,0.0,0.0013337517652596894,0.0008488964346349745,0.0
GAPDH,0.6704907484368859,0.9384902342002969,0.7002290747119838,1.0187507388391361,0.9338407916986979,0.7838902357171691,1.0106957174053377,0.758710068369306,0.9192108667760805,0.9740103536872705,198.11906267200447,14.211012100295038,29.36473302051657,0.0,18.757794853485844,129.87891689065012,0.0,24.269414397736583,23.090822798388196,7.30400783240396,300.62746604560334,150.23379249336534,83.71359627642343,155.19364501520351,171.13129192716653,300.4929562632146,160.88755594185548,86.56041969533146,183.48868327835652,177.753604015757,0.22281199403851884,0.2807401628808831,0.2867202444843033,0.28256424097097677,0.28969679935206866,0.2601306998957763,0.3027330728683816,0.3014267233882041,0.3050105583677951,0.31215664601795035,0.29797979797979796,0.20134638922888617,0.1358726094262623,0.19377162629757785,0.2224622030237581,0.31227217496962334,0.18999366687777075,0.13642461848063056,0.22717149220489977,0.22458628841607564,0.3095690747782002,0.2977582846003899,0.3852803738317757,0.2782462057335582,0.3148148148148148,0.30900723208415515,0.29698149951314506,0.3798838851404362,0.33191850594227507,0.31365313653136534
HAVCR2,0.2911472550103715,0.25603295489095035,0.3458325066370668,0.026476710125801058,0.3137409676636728,0.3044643117183809,0.2990570932508425,0.3757624928969807,0.02996440252480911,0.6718380544016933,21.983756207310382,14.111580431370898,2.9060759921180703,214.21977474031868,12.971443155014482,23.946490892127386,12.950217910574352,2.820796186035637,189.24438013537215,2.9750028420194288,15.506574787709988,12.334133704031341,3.796447910395444,133.7472870357156,11.408752795144435,17.21442285103246,12.098404602487815,3.8888491809077887,125.24435020452135,5.733987226314742,0.005701612357804788,0.007576906899859275,0.007956139326207215,0.007623024989484851,0.007884968216109492,0.006780468529360925,0.008258390487788458,0.008497773626249058,0.008327530881496462,0.008630486235610383,0.026515151515151516,0.020195838433292534,0.005601344322637433,0.17185697808535177,0.023758099352051837,0.02551640340218712,0.021532615579480684,0.0061210799932919675,0.15924276169265034,0.0070921985815602835,0.018694550063371358,0.02729044834307992,0.021417445482866043,0.21838111298482293,0.02356902356902357,0.021367521367521368,0.026777020447906523,0.022046132119880747,0.21137521222410866,0.012915129151291513
HLA-A,0.5391229947583507,0.8309471207789162,0.8832986977060162,0.7566726687013882,0.8218887590461059,0.6194147164640708,0.857498015312444,0.9102672551007401,0.7354595968602631,0.9230021066900319,477.21003748099895,61.083065163578766,12.548902466649457,115.82808890767616,79.45176615703588,410.82109986927225,58.56791208105742,10.676790545247584,134.12123609158766,32.408828372803555,517.7195130735432,234.955137116138,91.89449413047423,289.33086583236434,269.24656596540865,539.7227870353119,269.1364392272728,102.39741844781547,325.48303776554945,266.22083550747016,0.2934483870224392,0.3630872784902495,0.3683663761280278,0.3654125628892842,0.3738884456498697,0.3462201200691516,0.39636546519848254,0.3916041768948,0.3991849083719502,0.40734307173533413,0.5164141414141414,0.288249694002448,0.15155637352964713,0.3460207612456747,0.3326133909287257,0.5151883353584447,0.31792273590880304,0.1632567499580748,0.37973273942093544,0.31678486997635935,0.47433460076045625,0.42105263157894735,0.41627725856697817,0.4612141652613828,0.4444444444444444,0.49638395792241946,0.45228821811100295,0.43739212301898633,0.48896434634974534,0.44095940959409596
HLA-B,0.4603446397285622,0.8411029299762408,0.8749263247311182,0.6384198735589232,0.8075648771215562,0.501880545663636,0.8749898804041374,0.90830998455228,0.5926315251710967,0.9278468226580179,877.3119407039449,76.04079189526024,18.202888537761595,273.48748024227234,117.12252764983421,931.8832293917359,70.70663631848473,15.352981705931766,359.9259064214121,42.42408071541023,812.8446141163854,311.18414032604574,124.37521105118631,459.73195327969404,367.3618400036508,935.4013755336471,370.380969421813,144.1019820391489,567.2160541177411,371.8900286781275,0.3705829482591925,0.4492873179345439,0.4529856203856467,0.4520559202690916,0.46170395746141557,0.44673398411487203,0.5013914437390449,0.49170019942078885,0.5046750088216201,0.513559059388103,0.6578282828282829,0.37454100367197063,0.19100584140193647,0.49019607843137253,0.3714902807775378,0.7448359659781288,0.4148195060164661,0.227737715914808,0.5579064587973274,0.3971631205673759,0.6080481622306717,0.5141325536062378,0.5161214953271028,0.6003372681281619,0.5151515151515151,0.6886916502301118,0.5540408958130477,0.5451121920602542,0.6782682512733447,0.5387453874538746
HLA-C,0.516577896000736,0.8643743577083676,0.9045861669286437,0.64409746261742,0.9116050164321134,0.5529922163541197,0.8583298449278653,0.8947786011903822,0.6220751663961869,0.9001144902881038,304.44329842606936,27.454587223226813,5.838514733109831,115.98822145898465,20.71808105444215,293.54089305828745,31.592673766612588,6.917313306709185,123.03174861180952,23.414354643757978,314.8835266152849,131.63149248072793,52.29383381953006,198.08636097417937,141.468534659791,328.3397843539123,146.02986607915116,56.57605152805623,208.9943716178791,148.26452685185262,0.18447271868154913,0.23469303360050078,0.2406601206809593,0.23621831021664128,0.2424823218713309,0.20786687118897768,0.24427116381230252,0.24454241900595639,0.24616195133107835,0.2524519101923778,0.3484848484848485,0.18482252141982863,0.08858125950228055,0.2422145328719723,0.1900647948164147,0.3596597812879708,0.19126029132362254,0.0936609089384538,0.26169265033407574,0.20094562647754138,0.32192648922686945,0.2709551656920078,0.2677570093457944,0.33642495784148396,0.26936026936026936,0.3458251150558843,0.2804284323271665,0.2716930801820179,0.3607809847198642,0.2730627306273063
HPRT1,0.4424296492506983,0.3180137812019183,0.17851961763419774,0.2557371827581391,0.3774958141727181,0.6357254714854917,0.385913983321727,0.19898056478835408,0.2862577492058937,0.29217142794494827,30.121570486348503,27.56836899840183,18.713656682173042,44.88211029577321,25.886013903524958,16.045808582079488,23.48717538926756,18.26043966221329,38.9375529856808,39.4182801667559,27.011452856010948,26.285858713509416,19.46798118015127,36.653775455852085,25.099256149317757,22.024335118232706,25.04582005427302,19.618574484670493,35.02273622740415,35.22306439021913,0.015014459961616178,0.01990872999048022,0.020874391231595773,0.02003065583956013,0.020708996031704206,0.018000776753330554,0.0218819512952496,0.022474285844035945,0.02206455653131357,0.02285115948675207,0.036616161616161616,0.03916768665850673,0.02640633752100504,0.03460207612456748,0.038876889848812095,0.03402187120291616,0.03926535782140595,0.027251383531779305,0.053452115812917596,0.04964539007092199,0.03326996197718631,0.05604288499025341,0.09945482866043613,0.06492411467116357,0.050505050505050504,0.027613412228796843,0.053554040895813046,0.09736387886395732,0.07385398981324279,0.06642066420664207
JCHAIN,0.6088298316514916,0.8749244005888052,0.93417973298425,0.8776250893863284,0.9983908342444393,0.7190396131178662,0.8909527212342615,0.9356252218255351,0.9343222546121678,0.9681932820214351,207.9951344142238,24.891134348255424,3.8809479442682187,29.126304782495538,0.34268606973454596,151.78297513996174,25.059975550340802,4.32933339928917,15.227703592910968,7.4146813256327055,265.8627257957374,129.40730443573867,50.389219355973644,144.66543291618217,128.53861482529396,270.114546794877,150.48717303796246,57.87680710463244,148.84662896646762,147.44538581952193,0.1836661676182289,0.233714168391523,0.23967751800511078,0.23523300751398632,0.2414775224416823,0.22047141291020245,0.25848116045433644,0.2584152426364981,0.26046893059480086,0.26698508905041796,0.2588383838383838,0.1780905752753978,0.08914139393454429,0.18223760092272204,0.1771058315334773,0.267314702308627,0.18872704243191893,0.10296830454469227,0.18930957683741648,0.19621749408983452,0.2702788339670469,0.260233918128655,0.25521806853582557,0.2639123102866779,0.2255892255892256,0.2948717948717949,0.2809152872444012,0.2778911030911659,0.2733446519524618,0.2693726937269373
KRT18,0.8188459543300615,1.2514155530782565,0.6542395950579311,1.5572120612935394,0.9275404457395146,0.8865237027514901,1.1227251101654563,0.6567902605580349,1.234167325622481,0.9640875448200527,34.252637750024384,0.0,13.92232833047053,0.0,7.943719033293897,22.004802746095006,0.0,14.551641798061807,0.0,3.720799010794955,94.54008499603832,43.27056742070011,34.41090159860113,38.9933781445235,66.17076621183772,96.95770517566812,52.85092536876255,36.48813231849567,49.86933093249939,65.5312825864542,0.09297141408914492,0.120986413454391,0.12543739756730443,0.12175724612713221,0.12542306583654117,0.10505445794846388,0.12577109912796122,0.12750459722312776,0.12679018804213063,0.1306593891064052,0.11616161616161616,0.06915544675642595,0.05617348163559254,0.06343713956170703,0.10151187904967603,0.10935601458080195,0.0766307789740342,0.05794063390910616,0.060133630289532294,0.1016548463356974,0.11343472750316856,0.097953216374269,0.18193146417445483,0.07925801011804384,0.13804713804713806,0.11669953977646286,0.11295034079844206,0.18562686332967204,0.10186757215619695,0.12730627306273062
KRT19,0.7876136626271929,0.9895234621311834,0.3612421619545512,0.9793787175737652,0.827290462500003,0.842972570537206,1.131413097584702,0.37695692978774,1.1372798085635765,0.9696385556532527,74.04803494123836,1.5636917561753454,82.61582785305072,3.7306445419016403,37.650555523354775,56.76586796964738,0.0,81.58831500225958,0.0,5.544248243789485,174.32391333925585,97.05547832680399,110.53160041805411,109.96132636755627,131.58094890399914,180.75143993584084,92.96668799806426,112.69616386484023,95.93184270984615,115.49888555862552,0.15836084708939177,0.2027904455774498,0.20855727757779532,0.20410476028515595,0.2097095394070605,0.17791621637562294,0.21022552361924673,0.21117364447311013,0.21187681355211962,0.21757320021770432,0.19444444444444445,0.13525091799265607,0.15987837080899417,0.1395617070357555,0.15550755939524838,0.20413122721749696,0.12222925902469918,0.16560456146235117,0.13808463251670378,0.15130023640661938,0.1967680608365019,0.20857699805068225,0.44190031152647974,0.20826306913996628,0.24915824915824916,0.20414201183431951,0.19182083739045763,0.4268005648831006,0.19100169779286927,0.20848708487084872
KRT8,0.7296540428383804,0.9247032723981883,0.508437336645309,0.9234826546881187,0.9881302627141535,0.7127760417758695,0.9285989943309226,0.5239742670641249,0.9069391146597727,0.8762122750163833,75.8642074077752,8.967409412053346,33.682222328004016,10.946715970914287,1.6153767448390648,93.65265198124843,9.41929315029705,34.201834639215114,13.29914263900095,19.077684831350993,140.3094912242791,77.44218374826235,58.557335375217264,86.9552332622874,82.14302012503993,163.03071053036624,86.38685391600949,61.83269940174749,91.74434163917826,97.47778284735061,0.12088606479582127,0.15624214722231397,0.16140978940114506,0.15724668116718127,0.16179504409869358,0.13908550899645072,0.1655026941224401,0.1670360008943437,0.1668254257083968,0.17162158891841198,0.15782828282828282,0.11383108935128519,0.09138193166359926,0.10957324106113034,0.1079913606911447,0.15674362089914945,0.11462951234958835,0.10221365084688915,0.1291759465478842,0.13947990543735225,0.15842839036755388,0.16812865497076024,0.2863707165109034,0.1703204047217538,0.15993265993265993,0.1873767258382643,0.17575462512171372,0.29138553271614626,0.18590831918505943,0.1918819188191882
LAG3,0.0,0.0,0.0,0.0,0.0,0.15658164376231176,1.0958306187083675,1.4747971312464763,,1.2093084804355705,16.006786877636117,1.554755587909981,0.26923657853847316,0.6415331350760073,1.260111468488703,14.518960224598297,0.0,0.0,0.0,0.0,8.003393438818058,1.0109945659042083,0.23008775214517843,0.389933781445235,0.7605835196762957,8.60721142551623,0.8490108492973905,0.2547866704732689,0.0,0.8191410323306774,0.0,0.0,0.0,0.0,0.0,0.0017484051086558317,0.0021313458928706145,0.0021949946753054665,0.002149215108937965,0.0022281184212562853,0.010101010101010102,0.0030599755201958386,0.00032007681843642473,0.0,0.0,0.012150668286755772,0.001266624445851805,0.0005031024652020795,0.0,0.002364066193853428,0.00982256020278834,0.0024366471734892786,0.0014018691588785046,0.0008431703204047217,0.0016835016835016834,0.011176857330703484,0.0019474196689386564,0.0014906637376431821,0.0,0.0018450184501845018
MALAT1,0.35821470422878265,0.2730862000683245,0.11626763868112829,0.3736899771909434,0.28926755466013293,0.35180740440905767,0.26867549228223936,0.110037695692607,0.329749968124183,0.24403543200023103,78216.09013836413,62501.74755342622,56459.48359486701,47211.33931431082,70448.06161074722,78638.5037920917,61236.1543591729,55916.849906755684,48380.496303144966,76822.7087825358,60936.33889569177,55910.832945077724,54597.85359112399,45817.220218222545,59827.50102070309,60659.82868206379,54831.66773451006,54071.73759976742,46340.0286744846,64275.53796841556,0.9999999659919567,0.9999996699486826,0.9999335256063437,0.9999997429796518,0.9999998220334588,0.9999999563441127,0.9999989401832973,0.999541716290524,0.9999993700144675,0.9999988367008971,1.0,1.0,1.0,1.0,1.0,1.0,1.0,1.0,1.0,1.0,1.0,1.0,1.0,1.0,1.0,1.0,1.0,1.0,1.0,1.0
MET,0.7012092782868696,1.1087837177493645,0.1898262223890835,0.89034429493821,0.09593128263813697,1.3547959661997495,0.9605428537673535,0.1942492930228892,1.1763671319457958,0.09173172975493261,7.921312762009047,0.0,13.499725295488112,1.477303133192463,115.06196326400509,0.0,0.4604131800679082,14.287847547095506,0.0,122.3344035903374,13.25562038304241,5.863768482244408,14.239875327207153,8.188609410349935,76.81893548730586,7.847751593853033,7.641097643676514,15.260380578872633,6.4715925637594625,85.19066736239046,0.011699539219466799,0.01552547041097695,0.016287011272596255,0.015620347461181251,0.016152076209185098,0.013701878427159062,0.016668535582990758,0.017131888202589374,0.016807809805328408,0.017411677497574666,0.016414141414141416,0.00795593635250918,0.018164359446267105,0.010380622837370242,0.09935205183585313,0.006075334143377886,0.011399620012666244,0.018950192855944993,0.008908685968819599,0.09456264775413711,0.01679340937896071,0.01364522417153996,0.06518691588785047,0.016863406408094434,0.13804713804713806,0.009861932938856016,0.01557935735150925,0.06558920445630001,0.014431239388794566,0.14575645756457564
MKI67,0.4030511004280991,0.6530021644928697,0.1788638463817238,0.5096049496897802,0.5352051849653755,0.673587504859869,0.7675438166850125,0.2656791294965404,0.7969850028199985,0.643414133950354,114.06560363417397,22.011470408893075,60.158294107981234,47.81991045579329,43.926995768941175,54.20684972313285,17.857021612091053,50.082531009453405,15.890643120882014,36.021339191027664,95.54050917589058,41.2485782888917,62.60943225310287,59.269934779675715,57.04376397572217,83.03427492850952,50.30389282087039,58.69480212395533,50.25001284801465,63.893000521792835,0.047497274665925744,0.06249302173874271,0.0652031006689318,0.06288310323688344,0.06490883199509723,0.06980706349912642,0.08409538319370029,0.08568006137365677,0.08478561488659546,0.087539898435564,0.09974747474747475,0.05324357405140759,0.08065935824597903,0.0784313725490196,0.06695464362850972,0.10692588092345079,0.07029765674477517,0.07236290457823244,0.062360801781737196,0.0851063829787234,0.10836501901140684,0.09113060428849902,0.20957943925233644,0.10623946037099494,0.1026936026936027,0.09664694280078895,0.10223953261927946,0.19982739683037815,0.09932088285229201,0.11439114391143912
MS4A1,0.37663242143417636,0.680827126596503,0.6429198424407647,0.923732180951821,0.4103020002807191,0.6528153629802579,1.0112184637972794,1.128399188056305,0.9584446966567695,1.266156317601609,36.482471914192296,5.557841054453766,2.0830125308465943,1.1742799934253096,20.80638594695118,19.511786163042547,0.0,0.0,0.8870914209829437,0.0,29.26240726067853,11.323139138127132,4.985234629812199,9.35841075468564,21.296338550936277,28.10001377153828,12.52291002713651,4.532520769471836,13.70454895854945,10.648833420298807,0.01385563536294977,0.01837722529812953,0.019272104752174984,0.018489687602973558,0.019116975379064427,0.023511170932391363,0.02855321293863438,0.029299779983713012,0.028791100000653023,0.02980735447574573,0.03409090909090909,0.014687882496940025,0.010642554213011123,0.014994232987312572,0.032397408207343416,0.03402187120291616,0.015832805573147563,0.008552741908435352,0.011135857461024499,0.016548463356973995,0.03263624841571609,0.025341130604288498,0.027570093457943926,0.0193929173693086,0.04377104377104377,0.03287310979618672,0.025803310613437196,0.025027459595167112,0.02801358234295416,0.023985239852398525
MZB1,0.530915589641233,0.8566317339382097,0.9062846101822972,0.9700066668421561,0.5618026051871182,0.9258740674641044,0.9740716610741045,1.0674722092831637,0.8817351015447236,0.8794970766804149,16.190276834755398,1.6494793346351473,0.3224039171950576,0.3655926239904842,9.387018565314934,1.7264004928647216,0.30254973100089333,0.0,1.6129582299580298,1.716688093318343,17.257317102451438,7.481359787691141,2.940010166299502,7.408741847459464,12.929919834497026,11.645050752169018,7.641097643676514,2.8160631999677093,8.755684056851038,9.010551355637451,0.011533470153523377,0.015305697977278612,0.01605687964790502,0.015399221791474514,0.01592355932794678,0.013893380518217011,0.016900941894192185,0.01737020381413804,0.017042150134351786,0.01765422544980062,0.017676767676767676,0.012851897184822521,0.004961190685764584,0.012687427912341407,0.019438444924406047,0.007290400972053463,0.009499683343888538,0.005114875062887808,0.012249443207126948,0.014184397163120567,0.021546261089987327,0.01705653021442495,0.01705607476635514,0.01433389544688027,0.026936026936026935,0.01413543721236029,0.015092502434274586,0.015926565196924525,0.01697792869269949,0.02029520295202952
NECTIN4,0.7861634723169397,1.3603923185221838,0.2242053502134207,1.1269563304177412,0.8881637838576163,0.9585646933578628,1.0000964331674773,0.19508988305535732,1.202666410313307,0.49513541424619323,22.248432214297125,0.0,48.1566685111953,0.0,6.764452730563155,3.482508578146784,0.0,53.84335645726686,0.0,47.73081993932316,52.02205735231738,21.02868697080753,53.04801115854015,28.46516604550215,36.50800894446219,42.023444018696885,27.805105314489538,57.56837684396824,23.982960677461538,59.79729536013945,0.05036225191216703,0.06621693272209177,0.06905970676174489,0.06663088007225183,0.06876803811688917,0.05083273593391297,0.06144129081326549,0.0627771564489389,0.06194881626519557,0.06403066740731067,0.06186868686868687,0.025091799265605876,0.07561814835560535,0.031141868512110725,0.04967602591792657,0.04860267314702309,0.03799873337555415,0.08200570182793895,0.02783964365256125,0.07092198581560284,0.06368821292775666,0.04775828460038986,0.2528816199376947,0.05902192242833052,0.07407407407407407,0.05161078238001315,0.06037000973709834,0.26165071394947437,0.05263157894736842,0.11623616236162361
NKG7,0.2820489032912974,1.9522512810434964,1.2525884691610836,1.5135852621916273,0.7843524191591821,0.3161629307106868,0.7549055250073711,1.4623829901043122,0.7276355522421435,0.6942326348414994,11.492090193581321,0.0,0.0,0.0,0.8152199693080782,10.040704520198636,0.794425354979339,0.0,0.969038628640368,1.1879919906420027,8.003393438818058,0.8087956527233666,0.5240887687751287,1.169801344335705,2.281750559028887,7.341445039410902,2.122527123243476,0.44252421713778284,2.2840914930915748,2.457423096992032,0.0028553035876671684,0.0037969909364603707,0.003988855272856665,0.003820057068701314,0.003951910832000828,0.0030090480619178977,0.0036673031701351766,0.0037760116052026646,0.0036980390216118817,0.0038334943929522573,0.013888888888888888,0.0018359853121175031,0.0009602304553092742,0.002306805074971165,0.0021598272138228943,0.009720534629404616,0.00253324889170361,0.0007546536978031192,0.0033407572383073497,0.002364066193853428,0.009505703422053232,0.001949317738791423,0.0031931464174454827,0.002529510961214165,0.005050505050505051,0.008875739644970414,0.004868549172346641,0.002510591558135886,0.0050933786078098476,0.005535055350553505
PARP1,0.4353952049733155,0.5644716950735098,0.2177260291681403,0.47810267651850014,0.6165764993550038,0.5407243128032718,0.8093122868308866,0.25512682345405313,0.6024134846553288,0.5177786046091214,134.99778507224823,43.20153619659958,63.64136654527993,73.32435932046916,42.51775883967438,113.70926816384893,16.626259930027064,63.31417328329442,49.27394722178051,72.44452875326651,119.55068949234476,64.50145330468848,69.52484992462453,85.39549813650646,66.93134973151402,123.79195256110107,57.09597961524951,73.15059493358046,79.56252034268987,95.02035975035858,0.06360705649563174,0.08336503344066672,0.08677946628151847,0.08388961656640452,0.08652722657449034,0.08290247287190232,0.09964107740019423,0.10132660262427105,0.10045512768623367,0.10364326409543083,0.14393939393939395,0.08873929008567931,0.09858366007841882,0.10034602076124567,0.10583153347732181,0.1421628189550425,0.08549715009499684,0.10028509139694784,0.11358574610244988,0.14657210401891252,0.13656527249683142,0.14181286549707603,0.32406542056074766,0.16188870151770657,0.12962962962962962,0.14497041420118342,0.1192794547224927,0.3207280715518594,0.15449915110356535,0.17712177121771217
PDCD1,0.055160057411444835,0.5249751046540123,0.9667035167218754,0.7122753771455733,1.107320999603361,0.07993657691656915,1.6234528095403735,1.4826003281901425,0.5633307735760398,1.3436761233762848,36.391767899248656,1.0339666546097397,0.012450876715508003,0.5537546380150866,0.0,34.47172647911074,0.0,0.0,1.294678728650623,0.0,19.258165462155954,1.4153923922658915,0.3195663224238589,1.169801344335705,0.7605835196762957,18.733342514358853,0.6367581369730428,0.28160631999677094,1.9034095775763125,0.8191410323306774,0.0013447946509129469,0.0017889517902461621,0.0018798062680130867,0.0017998080611492818,0.0018620784547043938,0.0019424644588935953,0.0023678296557743277,0.002438460094867811,0.002387680477518112,0.002475307701700906,0.027777777777777776,0.0024479804161566705,0.00032007681843642473,0.0011534025374855825,0.0,0.03402187120291616,0.0006333122229259025,0.0005031024652020795,0.004454342984409799,0.002364066193853428,0.022813688212927757,0.00341130604288499,0.0019470404984423676,0.002529510961214165,0.0016835016835016834,0.0220249835634451,0.0014605647517039922,0.0016475757100266751,0.004244482173174873,0.0018450184501845018
PGK1,0.5066358891841757,0.6251198260111205,0.3024814134064236,0.4750188877871372,0.7343039842771371,0.5761073231693512,0.5879615209744585,0.33138577547095277,0.4046550237635162,0.688092207930556,80.94603529275932,26.810964084070317,32.61416891095783,59.275529064154846,19.753589196103928,69.96600285495711,35.124738466008836,31.077975177712403,78.01900161330931,25.04488494984372,82.0347827478851,46.50575003159358,39.95857459205889,68.62834553436136,44.874427660901446,82.52796837406738,55.822463341303425,40.00150812253201,84.13070332887301,50.786744004502,0.05115638835136215,0.06724823533758878,0.07012721227300807,0.0676688026642379,0.0698366443801122,0.059691464669065684,0.07203706070674376,0.07350468420850483,0.07263036569973472,0.07503278402028393,0.13005050505050506,0.07649938800489596,0.060094422661438746,0.08996539792387544,0.058315334773218146,0.0959902794653706,0.07979734008866371,0.05777293308737213,0.12138084632516703,0.06855791962174941,0.09315589353612168,0.10526315789473684,0.20366043613707166,0.13237774030354132,0.09090909090909091,0.09796186719263643,0.11684518013631938,0.1955123175898321,0.15789473684210525,0.1033210332103321
POLR2A,0.4557215375298646,0.3796307851251904,0.24500800564509334,0.3468873842440359,0.4071033383044627,0.3939594210949726,0.3003387662728688,0.229173827906385,0.31264857569947313,0.3196029599155559,63.43533746085418,46.682889164266605,27.8481902096153,64.52498112731678,50.8038800461225,76.71057933937973,61.2309716390515,27.16895302261677,61.13775926716681,61.682445362832254,58.27470847639399,48.93213698976368,31.52202040770987,60.04980234256619,51.719679337988104,63.2883193052664,57.308232327573855,30.333025327538323,57.102287327289375,57.33987226314742,0.03302862503287185,0.04360727392881114,0.0455960665937233,0.043877295474049303,0.04532234799341877,0.031806861037109245,0.03857241114122167,0.039528209242803695,0.03889296242950193,0.040245428050271016,0.07449494949494949,0.06854345165238677,0.04841161878850924,0.08881199538638986,0.08639308855291576,0.06804374240583232,0.08169727675744141,0.048717088713734695,0.0801781737193764,0.09219858156028368,0.07034220532319392,0.10477582846003898,0.16448598130841122,0.11045531197301856,0.10437710437710437,0.07725180802103879,0.11392405063291139,0.1514200533500706,0.11460101867572156,0.11623616236162361
PTK7,1.0406791083273512,0.6438797330192569,0.16291863219677147,1.354791847998723,0.5082107656822645,0.8832443727878854,0.7450793516214781,0.16466142431052677,1.2039813876489056,0.5633103422352357,0.0,38.868334248952586,114.22651002289848,0.0,83.04104006856957,17.26132868304474,23.54883625056905,107.30609011224024,0.0,58.8176099362215,62.77661728572915,70.97181852647542,116.61614646936353,37.823576800187794,101.91819163662362,73.92075694855116,60.49202301243907,110.55059190296006,38.82955538255678,85.19066736239046,0.07910969937027594,0.1032951082010375,0.10729492912949909,0.10394961961552204,0.10714352023945457,0.08095559189547143,0.09733454397339643,0.0990085947888879,0.09813030673754061,0.1012554524379515,0.06944444444444445,0.09302325581395349,0.15291670000800192,0.06228373702422145,0.1447084233261339,0.06439854191980558,0.09119696010132995,0.14204259600872043,0.044543429844097995,0.09929078014184398,0.07636248415716096,0.14473684210526316,0.42967289719626167,0.07251264755480608,0.19528619528619529,0.09138724523339908,0.12366114897760468,0.4040483288874941,0.08234295415959253,0.16605166051660517
PTPRC,0.03151987515168071,0.44829929857317136,0.6463342838901966,0.038172552922888105,0.4431712693877993,0.0504657745776462,0.6369400442028302,1.0428289380410756,0.059669036653020584,0.8529065498233868,2978.3707329745143,64.1604291801119,9.02471605456148,1575.930829400209,79.98995471484223,2933.0887075926644,46.83612947215815,0.0,1370.0149770133619,15.620981361435598,1537.651900405772,75.62239352963478,21.807205842204134,995.890827899606,86.70652124309771,1544.4881929311505,84.47657950509036,20.838867679761048,935.3354420573573,67.16956465111555,0.059372153309212014,0.07789417358756975,0.08113318025918342,0.07838333411605461,0.08086351632160176,0.0957953038380621,0.11487475048068194,0.11660630140216093,0.11580882390690185,0.11940118784424583,0.8775252525252525,0.08812729498164015,0.03840921821237097,0.7358708189158016,0.1101511879049676,0.8967193195625759,0.1025965801139962,0.039074291464028174,0.6815144766146993,0.08037825059101655,0.7569708491761724,0.12426900584795321,0.10638629283489097,0.7462057335581788,0.13804713804713806,0.777120315581854,0.13437195715676728,0.09995292640828496,0.7113752122241087,0.11808118081180811
PUM1,0.5376360470047608,0.4273053530196887,0.10504059445105786,0.383041847758308,0.32568267383031374,0.5330843662120648,0.41525097274240497,0.09928281657996846,0.37472577629565096,0.3229103846192198,255.79572339308592,214.40836877615254,431.1904189185327,309.11909523990266,404.4643381469601,257.2058609850667,217.96508126180532,431.5480621490848,273.260862716421,357.77290158454156,276.61728572914916,243.44749146973334,411.74202346480917,304.5382833087285,362.0377553659167,275.43076561651935,244.09061917299977,412.3252952072348,280.5625717347485,334.20954119091635,0.17023029116896618,0.2173463555081422,0.22322486947451248,0.21875718452455362,0.22466893065247548,0.17209397749441227,0.2035616523812304,0.2046196013983959,0.20516494880586078,0.21073618914538486,0.3244949494949495,0.288249694002448,0.44210610546531165,0.35986159169550175,0.42548596112311016,0.3402187120291616,0.3039898670044332,0.4377829951366762,0.3207126948775056,0.40425531914893614,0.28422053231939165,0.42007797270955166,0.8177570093457944,0.45699831365935917,0.4898989898989899,0.2892833662064431,0.39922103213242455,0.7942099482190491,0.4363327674023769,0.48523985239852396
RAD51,0.6370986706780968,0.6890298330518273,0.13907179913610657,0.686836978986306,0.8304907595781063,0.5219388125410392,0.6087947881713153,0.13576136382598375,4.2249806949018,0.503878533514821,2.722914485656192,1.1603582513663309,5.035066944368906,1.4063311826255205,0.6408016136113116,4.114773714792624,1.5216173565044273,4.632505787961482,0.0,2.570094765844556,3.751590674445965,2.4263869581700996,4.998017282709154,2.7295364701166447,2.281750559028887,4.303605712758115,2.5470325478921714,4.612979718042342,0.3806819155152625,3.2765641293227095,0.0030229820659092932,0.004019810551293288,0.0042228201820324355,0.004044233094518795,0.004183787736598894,0.0029121378517452078,0.0035492521979352616,0.0036545213941036664,0.003578999466173977,0.0037101175276932747,0.003787878787878788,0.0036719706242350062,0.006881651596383132,0.0011534025374855825,0.004319654427645789,0.00850546780072904,0.0031665611146295125,0.005534127117222874,0.0,0.0,0.004435994930291508,0.005360623781676413,0.027102803738317756,0.0042158516020236085,0.005050505050505051,0.005259697567389875,0.005842259006815969,0.02463517966420838,0.0008488964346349745,0.007380073800738007
RPLP0,0.7599309671000849,0.9029984505139721,0.6499653699059027,0.9695028433288829,0.9621208508294096,0.8222963883352011,0.9242084647917196,0.6981416380377597,0.921288535942037,0.9179227186883024,178.44695295268883,32.63608491789468,51.75986996561252,11.46505280665376,14.605976787655324,154.75270573435415,30.953575658014458,50.15410334707179,34.11888177535566,37.20421402340507,371.6575828151136,218.77922406167067,126.36930817547034,228.50119592690768,232.73855702094647,435.42363682023284,267.438417528678,142.98896229277966,278.2784802416569,286.69936131573706,0.29631032286809295,0.3663552689147519,0.3715891870291977,0.3686991689738454,0.37722349111602077,0.36523166875475344,0.41658886793666733,0.41095426041989763,0.41951072208885676,0.42783872258671957,0.3446969696969697,0.2962056303549572,0.1913259182203729,0.27335640138408307,0.2915766738660907,0.3973268529769137,0.32108929702343253,0.20836827100452793,0.3184855233853007,0.3191489361702128,0.3691381495564005,0.41471734892787526,0.5141744548286604,0.38785834738617203,0.40404040404040403,0.4171597633136095,0.46105160662122685,0.5350698258277107,0.45585738539898135,0.46863468634686345
SDHA,0.23171315117656763,0.22856706681604821,0.1393451430664319,0.26201559360387017,0.3099295288936521,0.24243059108099618,0.23082266382796415,0.14968560323928698,0.22178375902188982,0.383907446334318,90.69630339380399,49.654732071613196,28.746124674429883,49.711352236614125,40.00002287649951,93.58921515205243,52.60517987262659,27.559207040557446,58.60618242346072,27.926411375345477,59.02502661128318,41.855175028434225,28.543663100809294,40.94304705174967,34.9868419051096,61.769399641940005,44.78532230043734,27.892435504442073,48.34660327043834,28.66993613157371,0.017162578115880817,0.022745445899942363,0.02384069465089001,0.02288493618312813,0.023657348242713025,0.019238835615687504,0.023381943943223554,0.024010009088409185,0.0235769953483378,0.02441564137715654,0.08333333333333333,0.06242350061199511,0.04152996719212611,0.0530565167243368,0.06047516198704104,0.08262454434993925,0.060797973400886635,0.04158980379003857,0.07349665924276169,0.04018912529550828,0.07034220532319392,0.09502923976608187,0.15249221183800624,0.07925801011804384,0.0723905723905724,0.07396449704142012,0.09444985394352483,0.14129923113133533,0.10101867572156197,0.05904059040590406
SLC39A6,0.4565874149967567,0.43893755629397346,0.3060089431689402,0.581541339593621,0.2903341898212831,0.5915306487697473,0.6416040822284234,0.37388718776573376,0.6522777153157306,0.2639363722694233,54.36430896732648,31.40333890266146,17.625973694243562,21.20795260850664,73.3291581484433,45.49835615965243,19.399882556567103,17.873183349527057,19.58824608218955,106.76637745613836,50.02120899261287,36.395804372551495,21.7049446190285,30.804768734173564,62.367848613456246,55.69372098863443,35.446202958166054,24.566798963527823,36.164781973949935,91.74379562103587,0.02847794559748923,0.03763997132317391,0.03938373282952595,0.037872419807886845,0.03912847608744574,0.041789294523166515,0.05059027439171934,0.0517624000029969,0.05100938725768474,0.0527516430236296,0.05555555555555555,0.056303549571603426,0.0348883732095703,0.040369088811995385,0.07991360691144708,0.06561360874848117,0.05446485117162761,0.037984236122757004,0.04899777282850779,0.10638297872340426,0.060202788339670466,0.08284600389863547,0.11947040498442367,0.0657672849915683,0.11952861952861953,0.06771860618014464,0.07643622200584226,0.12623568178252,0.07894736842105263,0.14206642066420663
SLFN11,0.20034549582981886,0.11854276810435721,0.2932959761569979,0.09985169052214664,0.6151783462804257,0.2001644117822941,0.11175137123110035,0.260752324152021,0.09160961308092254,0.7502191442326066,42.3996661794797,42.483967260595854,4.355082013809495,61.7898214703584,4.364263612573415,40.091238078279495,42.034605597358514,4.6075898131500495,55.4816254176054,1.9409373914940131,26.51124076608482,31.340831543030458,5.266452993545195,41.72291461464014,6.845251677086661,25.062174444885493,30.988895999354753,5.363929904700399,39.21023729807204,4.914846193984064,0.0067040499905532775,0.008906934438968483,0.009351238741516558,0.008961184704202834,0.009268625858896888,0.0064909176841098,0.007906121277472382,0.008135689817598714,0.007972317862187736,0.0082625024592957,0.03156565656565657,0.037943696450428395,0.007841882051692407,0.05536332179930796,0.012958963282937365,0.05103280680437424,0.04749841671944269,0.008217340264967298,0.06792873051224944,0.004728132387706856,0.03200253485424588,0.06920077972709551,0.029049844236760124,0.07841483979763912,0.015151515151515152,0.03057199211045365,0.06475170399221032,0.028244155029028713,0.08234295415959253,0.01107011070110701
TACSTD2,0.7259934735853262,0.9299284674642133,0.7140215203421663,1.0247203027631255,0.8689394424311129,0.7609318120715519,0.9667040354992793,0.7097528289813525,0.946350078924234,0.821025571987914,124.58879190323621,13.378336310549258,22.495625924989625,0.0,32.69988050849754,117.2894950010664,6.777520173361103,24.72978562694411,11.802728540575183,47.28487851885554,227.34639487142547,124.15013269303678,67.2239691308136,126.33854518825613,150.59553689590655,245.30552562721255,133.2947033396903,73.32492523016958,141.23299065616237,167.10477059545818,0.1868871400112685,0.23762078042196744,0.24359815918394512,0.23916529451487065,0.24548735286594975,0.21296523427073927,0.2500273477322109,0.2501657690012546,0.25195764073148125,0.25834070127200054,0.24494949494949494,0.1664626682986536,0.10778586860846603,0.15455594002306805,0.18142548596112312,0.24301336573511542,0.1779607346421786,0.11739057521381854,0.1603563474387528,0.23404255319148937,0.2503168567807351,0.25877192982456143,0.3236760124610592,0.23018549747048903,0.27441077441077444,0.2725180802103879,0.2609542356377799,0.33445786913541503,0.27504244482173174,0.3081180811808118
TBP,0.5102975054200992,0.33937292045619566,0.20248742014955276,0.40681884712445116,0.47252062910623827,0.43845913183758967,0.31415670455445727,0.18658682660927894,0.38388266028508283,0.2838515781304444,25.23037615035264,27.526645644336224,17.618932648258912,24.735448703696328,19.275801334978624,32.41154772370384,29.121635954208823,17.871218494837343,22.65137357082718,37.099166936969624,25.760922631195626,27.09465436623278,18.8799775107118,25.345695793940273,22.056922070612575,28.85947360320148,27.805105314489538,18.907852914068904,23.602278761946273,32.7656412932271,0.016502170219079616,0.021873648534414793,0.022929280887830472,0.022007735904974363,0.022751304711369713,0.01628369901135707,0.01980052695200808,0.020342262163802055,0.019965846033668227,0.02067983902067154,0.03282828282828283,0.043451652386780906,0.025926222293350405,0.03460207612456748,0.0367170626349892,0.04374240583232078,0.04243191893603546,0.026664430655710215,0.036748329621380846,0.04964539007092199,0.03200253485424588,0.06189083820662768,0.10459501557632399,0.05227655986509275,0.04713804713804714,0.035831689677843524,0.06183057448880234,0.10128667817354464,0.050933786078098474,0.06457564575645756
TIGIT,0.07099452652179279,1.056512471857125,1.3361888483456947,0.8776250795238555,1.5917740480301683,0.04550235966139103,0.974071696288561,0.9080927108652214,1.3144384859332259,0.470286648282214,79.92836034391163,0.0,0.0,0.5495529647141663,0.0,87.9548508935434,0.058829034462788525,0.06874087313471258,0.0,2.744113296070265,43.018239733647064,2.0219891318084167,0.6646979506416265,2.7295364701166447,1.5211670393525913,46.07389645423394,1.4857689862704333,0.6436715885640478,1.1420457465457874,3.2765641293227095,0.0038609086827514384,0.00513302415979924,0.005391527549004325,0.005164228012858694,0.005342195718144331,0.002718286303968521,0.003313100514125026,0.0034114778186776383,0.003340870037328574,0.003463307066992443,0.07323232323232323,0.0024479804161566705,0.0007201728414819557,0.0034602076124567475,0.0021598272138228943,0.06682867557715674,0.0031665611146295125,0.0010900553412711723,0.0022271714922048997,0.002364066193853428,0.04784537389100127,0.004873294346978557,0.004049844236760125,0.00505902192242833,0.003367003367003367,0.05062458908612755,0.0034079844206426485,0.0036874313510120824,0.0025466893039049238,0.005535055350553505
TOP1,0.4465452823517194,0.3714769746420376,0.11823709506982001,0.2721193089563334,0.3479083110020424,0.5092167068237253,0.39299183092121875,0.1230408757125345,0.2947443716976346,0.43479980506411614,214.27782952960513,157.32914941466598,219.37340175350317,298.38717269769535,212.82242789543622,182.14082304090215,153.8582768642307,218.18582224907402,252.17573449090818,142.73748535076462,193.5820788014118,162.77012511057754,212.61386481695203,249.16768634350515,196.99113159616059,185.56135220304108,165.98162103763983,214.11466596327665,229.5511950557033,159.7325013044821,0.1031794410829298,0.13393652112237212,0.13867837025281146,0.13479296277620992,0.13879169670992839,0.11480474145233727,0.1372056383187583,0.1389142512226251,0.13831316078863187,0.14246216439655562,0.2689393939393939,0.211750305997552,0.2598223573657678,0.2975778546712803,0.2548596112311015,0.2235722964763062,0.2051931602279924,0.26471574710716084,0.2951002227171492,0.19148936170212766,0.20595690747782003,0.29678362573099415,0.6194704049844236,0.3811129848229342,0.3047138047138047,0.20282708744247205,0.28967867575462514,0.6116428683508551,0.35908319185059423,0.2896678966789668
TOP2A,0.48608269935706633,0.652598383874786,0.1826042866592385,0.4869316341310862,0.5940315970461666,0.6789489612728816,0.9151560145453226,0.23378546725476443,0.8523121025022076,0.7280849333560957,57.840220575854204,15.663613513669407,41.66712156587617,37.19399037085553,24.555141139496087,32.99769977925289,3.410062362615643,37.04725296948361,6.743339956436006,15.142683838563514,56.27386011668948,29.31884241122204,43.563281072820445,44.06251730331155,36.50800894446219,51.39011527587632,26.319336328219105,41.610687093942126,29.312507494675213,35.22306439021913,0.03400070665225557,0.044880267644593616,0.04692025463459307,0.04515832796990335,0.04664335118262133,0.04419778379570726,0.05348354819582171,0.05470222701331393,0.053926289832705095,0.0557602276138555,0.06439393939393939,0.04039167686658507,0.05281267504201008,0.05074971164936563,0.058315334773218146,0.060753341433778855,0.03673210892970234,0.04930404158980379,0.03897550111358575,0.05673758865248227,0.05988593155893536,0.06286549707602339,0.15202492211838006,0.07082630691399663,0.06734006734006734,0.05851413543721236,0.05404089581304771,0.14349599874470423,0.057724957555178265,0.07011070110701106
UBC,0.7593209411046088,0.8065639021534645,0.7114828645072435,0.8959338689677402,0.8627876531746319,0.7642882022461828,0.7702218040969684,0.7264048446844468,0.848638343439698,0.7224842800225874,62.96427075194361,25.623546763390333,13.706092650971982,14.887897299087433,20.748342222347492,64.56425363569375,32.91930517189438,12.772445616223628,20.822999017050215,46.723145025780234,130.80546151568265,86.13673701503855,40.59770560072704,86.9552332622874,91.27002236115548,136.9559229765965,93.81569884736165,40.175834986205984,88.3182043995409,106.48833420298806,0.11752236914205545,0.15202016002772073,0.15711435086785946,0.1529966176344256,0.15744319851878283,0.12628409629610152,0.15061549715050684,0.1522608132976023,0.15182566983401383,0.15628923534236325,0.13636363636363635,0.11138310893512852,0.06809634312234937,0.11534025374855825,0.12958963282937366,0.15188335358444716,0.1260291323622546,0.06691262787187657,0.12360801781737193,0.1347517730496454,0.15240811153358683,0.18421052631578946,0.21090342679127727,0.16610455311973019,0.18518518518518517,0.1623931623931624,0.19328140214216163,0.20406402008473246,0.17487266553480477,0.20848708487084872
VIM,0.653115914582901,0.5643482662332939,0.6346474387734364,0.7983560913301254,0.9386431173413451,0.7130827508171965,0.6121296103952025,0.6818640262635931,0.8123449521804388,0.8921836056925306,266.8670132993881,208.61824597658898,49.2159255303023,81.88567055241167,21.571306710979375,248.84422762436023,206.55883011047257,46.741459217308915,79.67327971310436,43.42564920270027,384.66309715319295,311.38632629849616,115.1205736261505,246.82808365483373,212.2028019896865,433.6515476778756,348.7312199330767,126.4412402532365,272.5682515089279,254.75286105484068,0.26889622625718407,0.3348321754575363,0.3404488969146684,0.3369918928747296,0.34503429745500613,0.32544817160223094,0.3740805650341885,0.3702331018131727,0.3767807416611612,0.3847331274441161,0.3522727272727273,0.34516523867809057,0.17364167400176042,0.28604382929642447,0.24622030237580994,0.40097205346294046,0.39518682710576314,0.19319134663759852,0.3195991091314031,0.2860520094562648,0.3732572877059569,0.4946393762183236,0.4691588785046729,0.40556492411467115,0.3484848484848485,0.42340565417488496,0.5116845180136319,0.48619174643025265,0.4303904923599321,0.3837638376383764
YWHAZ,0.31235533277504146,0.4700049094439197,0.17393489993843544,0.40641145638206433,0.38472867410204115,0.39402459420571617,0.5879797189827153,0.2078766379318417,0.45684750777260924,0.466197184086935,412.7618113429846,113.71377034775527,151.50855071551928,176.69431777024084,196.92885531505215,367.55756510168254,88.27538672520845,147.52215804472826,158.462426152044,159.00464938802173,300.1272539556772,139.51725009478074,156.7408849139156,180.92927459058902,193.1882139977791,303.2776261108366,140.29904284639377,160.27422555244792,187.29550243350914,188.4024374360558,0.11134330591564343,0.14424563266589094,0.14919590598697643,0.14517043841087676,0.14942686757378745,0.1427050732084536,0.1696991575407729,0.1711931671022057,0.1710533420810761,0.17594018421938837,0.36237373737373735,0.1952264381884945,0.20228854925182044,0.24682814302191464,0.23110151187904968,0.3487241798298906,0.17606079797340088,0.2044273016937783,0.25501113585746105,0.22695035460992907,0.29689480354879594,0.2787524366471735,0.542367601246106,0.306070826306914,0.3114478114478115,0.31229454306377386,0.26241480038948395,0.5305978346147812,0.32088285229202035,0.3118081180811808
