focus_gene,subcluster,n,obs_det,exp_det_homog,exp_det_ambient_only,O_over_E,comparator_O_over_E_min,comparator_O_over_E_median,comparator_O_over_E_max
BRCA1,M0,3455,0.1082,0.2863,0.0329,0.378,0.415,0.91,1.013
BRCA1,M1,4151,0.0675,0.2631,0.0296,0.256,0.298,0.944,1.03
BRCA1,M2,1712,0.0491,0.1021,0.0105,0.48,0.618,0.924,1.186
BRCA1,M3,817,0.1053,0.2956,0.0345,0.356,0.256,0.918,1.123
BRCA1,M4,2611,0.5852,0.3243,0.0393,1.804,0.673,0.917,1.703
CD276,M0,3455,0.0903,0.0966,0.0271,0.935,0.754,0.934,1.063
CD276,M1,4151,0.0781,0.0875,0.0244,0.892,0.703,0.959,1.154
CD276,M2,1712,0.0386,0.0316,0.0086,1.219,0.812,1.024,1.405
CD276,M3,817,0.1236,0.1009,0.0285,1.225,0.694,0.948,1.302
CD276,M4,2611,0.1157,0.1139,0.0325,1.015,0.564,0.947,1.313
EGFR,M0,3455,0.4721,0.5722,0.0821,0.825,0.814,0.929,1.006
EGFR,M1,4151,0.4551,0.5391,0.0742,0.844,0.482,0.895,1.005
EGFR,M2,1712,0.1665,0.2402,0.0267,0.693,0.619,0.895,0.955
EGFR,M3,817,0.4051,0.5796,0.0858,0.699,0.57,0.951,1.052
EGFR,M4,2611,0.5599,0.6127,0.097,0.914,0.631,1.004,1.089
ERBB3,M0,3455,0.5285,0.5318,0.1348,0.994,0.927,0.965,1.026
ERBB3,M1,4151,0.5632,0.4991,0.1224,1.128,0.745,0.941,1.077
ERBB3,M2,1712,0.1945,0.2173,0.0449,0.895,0.776,0.949,1.326
ERBB3,M3,817,0.4688,0.5402,0.1405,0.868,0.715,0.966,1.117
ERBB3,M4,2611,0.4228,0.5739,0.1577,0.737,0.797,0.971,1.062
FOLR1,M0,3455,0.0579,0.0612,0.0521,0.945,0.773,1.011,1.294
FOLR1,M1,4151,0.06,0.0553,0.047,1.085,0.554,0.864,1.192
FOLR1,M2,1712,0.0397,0.0197,0.0167,2.011,0.478,1.013,2.031
FOLR1,M3,817,0.0612,0.0641,0.0546,0.955,0.214,1.301,2.077
FOLR1,M4,2611,0.0571,0.0727,0.062,0.785,0.575,0.957,1.595
MKI67,M0,3455,0.1195,0.3009,0.0933,0.397,0.839,0.972,1.031
MKI67,M1,4151,0.1,0.2769,0.0844,0.361,0.747,0.962,1.003
MKI67,M2,1712,0.1349,0.1081,0.0305,1.248,0.817,0.988,1.13
MKI67,M3,817,0.1138,0.3104,0.0975,0.367,0.664,0.98,1.153
MKI67,M4,2611,0.5343,0.3399,0.1101,1.572,0.792,0.953,1.228
NECTIN4,M0,3455,0.3135,0.2963,0.0683,1.058,0.879,0.953,1.006
NECTIN4,M1,4151,0.2669,0.2725,0.0617,0.98,0.683,0.927,1.065
NECTIN4,M2,1712,0.1215,0.1062,0.0221,1.144,0.859,1.057,1.216
NECTIN4,M3,817,0.3843,0.3057,0.0715,1.257,0.746,0.922,1.038
NECTIN4,M4,2611,0.2382,0.3349,0.081,0.711,0.748,0.991,1.21
PTK7,M0,3455,0.4411,0.4805,0.1078,0.918,0.873,0.939,0.994
PTK7,M1,4151,0.3353,0.4488,0.0977,0.747,0.884,0.997,1.081
PTK7,M2,1712,0.184,0.1902,0.0355,0.967,0.741,0.914,1.06
PTK7,M3,817,0.5655,0.4897,0.1126,1.155,0.718,0.848,1.129
PTK7,M4,2611,0.558,0.5236,0.1268,1.066,0.785,0.891,1.07
SLC39A6,M0,3455,0.1407,0.1421,0.0563,0.99,0.839,0.96,1.098
SLC39A6,M1,4151,0.1137,0.1291,0.0508,0.881,0.763,0.902,1.271
SLC39A6,M2,1712,0.0742,0.0474,0.0181,1.564,0.749,0.996,1.308
SLC39A6,M3,817,0.153,0.148,0.059,1.034,0.703,0.963,1.377
SLC39A6,M4,2611,0.1528,0.1659,0.067,0.921,0.755,0.936,1.291
SLFN11,M0,3455,0.024,0.0334,0.0088,0.719,0.464,0.94,1.108
SLFN11,M1,4151,0.0154,0.0301,0.008,0.513,0.329,0.87,1.284
SLFN11,M2,1712,0.0117,0.0106,0.0028,1.097,0.766,0.85,1.634
SLFN11,M3,817,0.0306,0.035,0.0093,0.874,0.634,0.977,5.261
SLFN11,M4,2611,0.0643,0.0399,0.0106,1.612,0.634,0.976,1.924
TACSTD2,M0,3455,0.378,0.3581,0.273,1.055,0.749,0.96,1.103
TACSTD2,M1,4151,0.3088,0.331,0.2506,0.933,0.938,1.009,1.233
TACSTD2,M2,1712,0.2518,0.1324,0.0967,1.901,0.696,1.028,1.292
TACSTD2,M3,817,0.3488,0.368,0.2821,0.948,0.639,0.981,1.174
TACSTD2,M4,2611,0.3673,0.3998,0.31,0.919,0.733,0.906,1.089
TOP1,M0,3455,0.6666,0.7008,0.1514,0.951,0.825,0.964,0.983
TOP1,M1,4151,0.6129,0.669,0.1376,0.916,0.817,0.983,1.033
TOP1,M2,1712,0.323,0.325,0.0507,0.994,0.733,0.898,1.047
TOP1,M3,817,0.683,0.7041,0.1576,0.97,0.829,0.919,0.977
TOP1,M4,2611,0.7039,0.7327,0.1764,0.961,0.825,0.9,1.059
