signature,spa_count_primary,spa_fraction_primary,spa_count_all_snvs,boot_fraction_median,boot_fraction_ci95_low,boot_fraction_ci95_high,boot_fraction_of_replicates_assigned,nnls_fixed_count,nnls_fixed_fraction,nnls_fixed_ci95_low,nnls_fixed_ci95_high
SBS1,1680,0.21,1680,0.2101,0.1955,0.2159,1.0,1674.2,0.2096,0.1952,0.2154
SBS100,0,0.0,0,0.0,0.0,0.0,0.0,,,,
SBS101,0,0.0,0,0.0,0.0,0.0,0.0,,,,
SBS102,0,0.0,0,0.0,0.0,0.0,0.0,,,,
SBS103,0,0.0,0,0.0,0.0,0.0,0.0,,,,
SBS104,0,0.0,0,0.0,0.0,0.0,0.0,,,,
SBS105,0,0.0,0,0.0,0.0,0.0,0.0,,,,
SBS106,0,0.0,0,0.0,0.0,0.0,0.0,,,,
SBS107,0,0.0,0,0.0,0.0,0.0,0.0,,,,
SBS108,0,0.0,0,0.0,0.0,0.0,0.0,,,,
SBS109,0,0.0,0,0.0,0.0,0.0,0.0,,,,
SBS10a,0,0.0,0,0.0,0.0,0.0,0.0,,,,
SBS10b,0,0.0,0,0.0,0.0,0.0,0.0,,,,
SBS10c,0,0.0,0,0.0,0.0,0.0,0.0,,,,
SBS10d,0,0.0,0,0.0,0.0,0.0,0.0,,,,
SBS11,0,0.0,0,0.0,0.0,0.0,0.0,,,,
SBS110,0,0.0,0,0.0,0.0,0.0,0.0,,,,
SBS12,0,0.0,0,0.0,0.0,0.0,0.0,,,,
SBS13,0,0.0,0,0.0,0.0,0.0,0.0,28.4,0.0036,0.0,0.0102
SBS14,0,0.0,0,0.0,0.0,0.0,0.0,,,,
SBS15,0,0.0,0,0.0,0.0,0.0,0.0,,,,
SBS16,0,0.0,0,0.0,0.0,0.0,0.0,,,,
SBS17a,0,0.0,0,0.0,0.0,0.0,0.0,,,,
SBS17b,0,0.0,0,0.0,0.0,0.0,0.0,,,,
SBS18,0,0.0,0,0.0,0.0,0.0,0.0,0.0,0.0,0.0,0.0008
SBS19,0,0.0,0,0.0,0.0,0.0,0.0,,,,
SBS2,0,0.0,0,0.0,0.0,0.0,0.0,0.0,0.0,0.0,0.0044
SBS20,0,0.0,0,0.0,0.0,0.0,0.0,,,,
SBS21,0,0.0,0,0.0,0.0,0.0,0.0,,,,
SBS22a,0,0.0,0,0.0,0.0,0.0,0.0,,,,
SBS22b,0,0.0,0,0.0,0.0,0.0,0.0,,,,
SBS23,0,0.0,0,0.0,0.0,0.0,0.0,,,,
SBS24,0,0.0,0,0.0,0.0,0.0,0.0,,,,
SBS25,0,0.0,0,0.0,0.0,0.0,0.0,,,,
SBS26,0,0.0,0,0.0,0.0,0.0,0.0,,,,
SBS27,0,0.0,0,0.0,0.0,0.0,0.0,,,,
SBS28,0,0.0,0,0.0,0.0,0.0,0.0,,,,
SBS29,0,0.0,0,0.0,0.0,0.0,0.0,,,,
SBS3,4164,0.5205,4164,0.5227,0.4845,0.5492,1.0,4018.4,0.5031,0.457,0.5323
SBS30,0,0.0,0,0.0,0.0,0.0,0.0,,,,
SBS31,0,0.0,0,0.0,0.0,0.0,0.0,,,,
SBS32,0,0.0,0,0.0,0.0,0.0,0.0,,,,
SBS33,0,0.0,0,0.0,0.0,0.0,0.0,,,,
SBS34,0,0.0,0,0.0,0.0,0.0,0.0,,,,
SBS35,0,0.0,0,0.0,0.0,0.0,0.0,,,,
SBS36,0,0.0,0,0.0,0.0,0.0,0.0,,,,
SBS37,0,0.0,0,0.0,0.0,0.0,0.0,,,,
SBS38,0,0.0,0,0.0,0.0,0.0,0.0,,,,
SBS39,0,0.0,0,0.0,0.0,0.0,0.0,,,,
SBS4,0,0.0,0,0.0,0.0,0.0,0.0,,,,
SBS40a,0,0.0,0,0.0,0.0,0.0,0.0,210.5,0.0263,0.0,0.0495
SBS40b,0,0.0,0,0.0,0.0,0.0,0.0,,,,
SBS40c,0,0.0,0,0.0,0.0,0.0,0.0,,,,
SBS41,0,0.0,0,0.0,0.0,0.0,0.0,,,,
SBS42,0,0.0,0,0.0,0.0,0.0,0.0,,,,
SBS43,0,0.0,0,0.0,0.0,0.0,0.0,,,,
SBS44,0,0.0,0,0.0,0.0,0.0,0.0,,,,
SBS45,0,0.0,0,0.0,0.0,0.0,0.0,,,,
SBS46,0,0.0,0,0.0,0.0,0.0,0.0,,,,
SBS47,0,0.0,0,0.0,0.0,0.0,0.0,,,,
SBS48,0,0.0,0,0.0,0.0,0.0,0.0,,,,
SBS49,0,0.0,0,0.0,0.0,0.0,0.0,,,,
SBS5,2156,0.2695,2156,0.2672,0.2448,0.3121,1.0,2056.5,0.2575,0.2313,0.3122
SBS50,0,0.0,0,0.0,0.0,0.0,0.0,,,,
SBS51,0,0.0,0,0.0,0.0,0.0,0.0,,,,
SBS52,0,0.0,0,0.0,0.0,0.0,0.0,,,,
SBS53,0,0.0,0,0.0,0.0,0.0,0.0,,,,
SBS54,0,0.0,0,0.0,0.0,0.0,0.0,,,,
SBS55,0,0.0,0,0.0,0.0,0.0,0.0,,,,
SBS56,0,0.0,0,0.0,0.0,0.0,0.0,,,,
SBS57,0,0.0,0,0.0,0.0,0.0,0.0,,,,
SBS58,0,0.0,0,0.0,0.0,0.0,0.0,,,,
SBS59,0,0.0,0,0.0,0.0,0.0,0.0,,,,
SBS6,0,0.0,0,0.0,0.0,0.0,0.0,,,,
SBS60,0,0.0,0,0.0,0.0,0.0,0.0,,,,
SBS7a,0,0.0,0,0.0,0.0,0.0,0.0,,,,
SBS7b,0,0.0,0,0.0,0.0,0.0,0.0,,,,
SBS7c,0,0.0,0,0.0,0.0,0.0,0.0,,,,
SBS7d,0,0.0,0,0.0,0.0,0.0,0.0,,,,
SBS8,0,0.0,0,0.0,0.0,0.0,0.0,0.0,0.0,0.0,0.017
SBS84,0,0.0,0,0.0,0.0,0.0,0.0,,,,
SBS85,0,0.0,0,0.0,0.0,0.0,0.0,,,,
SBS86,0,0.0,0,0.0,0.0,0.0,0.0,,,,
SBS87,0,0.0,0,0.0,0.0,0.0,0.0,,,,
SBS88,0,0.0,0,0.0,0.0,0.0,0.0,,,,
SBS89,0,0.0,0,0.0,0.0,0.0,0.0,,,,
SBS9,0,0.0,0,0.0,0.0,0.0,0.0,,,,
SBS90,0,0.0,0,0.0,0.0,0.0,0.0,,,,
SBS91,0,0.0,0,0.0,0.0,0.0,0.0,,,,
SBS92,0,0.0,0,0.0,0.0,0.0,0.0,,,,
SBS93,0,0.0,0,0.0,0.0,0.0,0.0,,,,
SBS94,0,0.0,0,0.0,0.0,0.0,0.0,,,,
SBS95,0,0.0,0,0.0,0.0,0.0,0.0,,,,
SBS96,0,0.0,0,0.0,0.0,0.0,0.0,,,,
SBS97,0,0.0,0,0.0,0.0,0.0,0.0,,,,
SBS98,0,0.0,0,0.0,0.0,0.0,0.0,,,,
SBS99,0,0.0,0,0.0,0.0,0.0,0.0,,,,
