group,nuclei,informative,molecules,alt_molecules,alt_frac,nuclei_alt_ge1,exp_alt_ge1_if_all_normal,confirmed_tumor_LR10,confirmed_normal_LR10,pi_tumor,pi_lo,pi_hi,lib
malignant|ALL,12840,10337,27564,8179,0.2967276157306632,5533,974.461208954523,2028,57,0.9491475997638398,0.9283967165842248,0.9678337932353841,KH022-1
malignant|B,13,4,7,2,0.2857142857142857,2,0.9460683719335723,0,0,,,,KH022-1
malignant|T_NK,33,8,11,1,0.09090909090909091,1,1.4101173710572752,0,0,0.020711145194586816,4.455280469520318e-06,0.9999896057704446,KH022-1
malignant|adipocyte,2,1,1,0,0.0,0,0.06056640409538816,0,0,,,,KH022-1
malignant|endothelial,7,3,3,0,0.0,0,0.6136770277254913,0,0,,,,KH022-1
malignant|epithelial,12315,10125,27249,8111,0.29766229953392787,5473,945.3777019042943,2024,55,0.9509095090105126,0.9309520601754049,0.9684686268641145,KH022-1
malignant|fibroblast,13,3,4,0,0.0,0,0.30170940584475425,0,0,,,,KH022-1
malignant|low_quality,399,162,238,57,0.23949579831932774,49,23.271305300686834,4,2,0.6502203182945024,0.3001424914805245,0.8705711583561494,KH022-1
malignant|myeloid,6,3,4,0,0.0,0,0.22678071976895464,0,0,,,,KH022-1
malignant|myoepithelial,30,14,23,4,0.17391304347826086,4,0.9605833988739007,0,0,0.6041873290875888,0.039230849106064544,0.9999955705615919,KH022-1
malignant|perivascular,21,13,23,3,0.13043478260869565,3,1.1012438378928167,0,0,0.5093023498831072,2.689602462610792e-06,0.9999936046444677,KH022-1
malignant|plasma,1,1,1,1,1.0,1,0.19145521234968543,0,0,,,,KH022-1
non_malignant|ALL,11237,4396,6516,414,0.06353591160220995,396,656.6880950005925,9,28,0.00018198306076167895,2.086645589658739e-05,0.001305937502234844,KH022-1
non_malignant|B,966,284,344,38,0.11046511627906977,37,55.42359956476923,0,0,0.008513062166912283,4.33939840776259e-05,0.16671751266534796,KH022-1
non_malignant|T_NK,3156,900,1087,103,0.09475620975160993,100,174.6289278018162,0,0,0.0007377552266015274,5.692873377059038e-05,0.01022647801418622,KH022-1
non_malignant|adipocyte,745,509,968,21,0.02169421487603306,20,50.224741349455364,1,17,1.9475747010451573e-06,1.2850090472715997e-06,0.0025444951732208525,KH022-1
non_malignant|endothelial,974,404,596,23,0.03859060402684564,22,51.30366742322937,1,2,5.178446173801262e-06,3.5297774417741643e-06,0.015390931488462514,KH022-1
non_malignant|epithelial,167,82,134,37,0.27611940298507465,29,12.551168103726118,5,0,0.8033314964395548,0.4035318337247368,0.9212687668937082,KH022-1
non_malignant|fibroblast,2052,1070,1770,68,0.0384180790960452,68,134.27610641481158,0,8,4.515978038308237e-06,3.685068838344526e-06,7.136468705362888e-06,KH022-1
non_malignant|low_quality,804,166,204,45,0.22058823529411764,43,37.36294140661999,2,0,0.47969299392344283,0.22349769944526196,0.5573216264080579,KH022-1
non_malignant|myeloid,1186,497,730,36,0.049315068493150684,34,68.77876812776213,0,0,4.327432906177855e-05,4.175362641958182e-06,0.08667392685128576,KH022-1
non_malignant|myoepithelial,427,187,281,18,0.06405693950177936,18,27.582990965603784,0,1,6.6931752951232725e-06,3.6674172018553223e-06,0.051453434992643425,KH022-1
non_malignant|perivascular,297,111,150,13,0.08666666666666667,13,17.887485872676343,0,0,0.10815965031235136,6.917226025256179e-06,0.3351592616068716,KH022-1
non_malignant|plasma,463,186,252,12,0.047619047619047616,12,26.667697970122347,0,0,6.058437152741112e-06,4.3185377955883984e-06,0.013257596910606686,KH022-1
unresolved|ALL,1389,603,984,222,0.22560975609756098,188,86.4532857458939,22,0,0.39987701862748887,0.32646645630870663,0.6307430434092667,KH022-1
unresolved|B,46,19,25,2,0.08,2,2.9086972174364667,0,0,0.0002931237356057251,5.215203977665067e-06,0.9187904144155616,KH022-1
unresolved|T_NK,188,50,63,6,0.09523809523809523,6,10.367935014765107,0,0,1.903619684001734e-05,5.086735543781481e-06,0.3039722180276774,KH022-1
unresolved|adipocyte,21,11,24,0,0.0,0,1.179404967495322,0,0,4.468338790297711e-07,3.326649651248684e-07,1.1412227251027618e-06,KH022-1
unresolved|endothelial,36,12,14,2,0.14285714285714285,2,1.6803402109874956,0,0,0.11864074981816808,2.3185663019335237e-06,0.9998596127150794,KH022-1
unresolved|epithelial,555,324,614,162,0.26384364820846906,132,39.345263469921484,21,0,0.8640374833641391,0.6519313532671648,0.9633284786611577,KH022-1
unresolved|fibroblast,60,32,44,4,0.09090909090909091,4,3.8609888088539264,0,0,1.1699555086943188e-05,2.660146974066561e-06,0.38329385455183723,KH022-1
unresolved|low_quality,371,113,142,40,0.28169014084507044,37,20.305531942429155,0,0,0.6869885817293206,0.331824281731554,0.9644477792448632,KH022-1
unresolved|myeloid,51,18,21,2,0.09523809523809523,2,3.000917010887208,0,0,3.2343173839947747e-06,1.4778429962769152e-06,9.309279903861092e-06,KH022-1
unresolved|myoepithelial,31,10,17,0,0.0,0,1.7529743133605096,0,0,1.8726435751282148e-06,1.02617310642767e-06,4.518721517751584e-06,KH022-1
unresolved|perivascular,16,9,15,4,0.26666666666666666,3,1.5585374492050814,1,0,0.6751669586600745,2.5126717424203027e-06,0.9999976961713886,KH022-1
unresolved|plasma,14,5,5,0,0.0,0,0.49269534055213104,0,0,5.9941951212985864e-06,3.5263958689336265e-06,1.1422971860783671e-05,KH022-1
malignant|ALL_doublet_flagged,7947,7192,26883,7304,0.27169586727671763,4291,601.2385605945707,2155,119,0.876183198945228,0.857423064768267,0.8928817289582589,KH022-1
non_malignant|ALL_doublet_flagged,2656,1498,2852,202,0.07082748948106592,182,165.41082843167402,15,32,0.029260085370721,0.014590928418049839,0.046369306081562235,KH022-1
unresolved|ALL_doublet_flagged,877,649,1661,345,0.20770620108368454,257,60.502984749924394,76,11,0.6541289272048273,0.5503151913064128,0.7588207520681974,KH022-1
malignant|ALL,12746,9878,25858,7695,0.297586820326398,5248,868.2493802449242,1999,51,0.9567201232597556,0.9327066804940324,0.9750561009801871,KH022-1-1
malignant|B,8,2,2,0,0.0,0,0.2178563367541808,0,0,,,,KH022-1-1
malignant|T_NK,44,13,14,1,0.07142857142857142,1,1.8218917746805747,0,0,0.09713825657813735,2.7238497771649712e-06,0.9270806105656948,KH022-1-1
malignant|adipocyte,1,0,0,0,0.0,0,0.0,0,0,,,,KH022-1-1
malignant|endothelial,4,1,1,0,0.0,0,0.12989509938865074,0,0,,,,KH022-1-1
malignant|epithelial,11182,9233,24929,7431,0.2980865658470055,5019,775.6742364819979,1976,51,0.9647475528036537,0.9457650572622375,0.9804494634907585,KH022-1-1
malignant|epithelial_lowq,1459,614,892,262,0.2937219730941704,227,87.94072078840242,23,0,0.7673380116160783,0.6031591596867064,0.9440132960803933,KH022-1-1
malignant|epithelial_luminal_HS,1,0,0,0,0.0,0,0.0,0,0,,,,KH022-1-1
malignant|fibroblast,21,4,6,0,0.0,0,0.28793358260055546,0,0,,,,KH022-1-1
malignant|myeloid,11,6,7,1,0.14285714285714285,1,1.4761763937460102,0,0,1.1627952434260197e-05,1.637868922284067e-06,0.9999864280267968,KH022-1-1
malignant|myoepithelial,6,1,2,0,0.0,0,0.2010292112585611,0,0,,,,KH022-1-1
malignant|perivascular,5,2,2,0,0.0,0,0.10357954233597944,0,0,,,,KH022-1-1
malignant|plasma,4,2,3,0,0.0,0,0.39606103375914725,0,0,,,,KH022-1-1
non_malignant|ALL,10873,4143,5955,366,0.061460957178841306,354,556.3039325768848,6,24,0.0006851304961255052,1.0887037843122998e-05,0.0027732512912845048,KH022-1-1
non_malignant|B,903,250,305,22,0.07213114754098361,22,42.43346231331677,0,0,0.0001456529547423005,7.829124950873706e-06,0.08189034480345152,KH022-1-1
non_malignant|T_NK,3042,844,1030,93,0.09029126213592233,91,140.99378789514606,0,0,0.00034006813809463106,3.0258057136342292e-05,0.008818233722523643,KH022-1-1
non_malignant|adipocyte,722,472,861,22,0.025551684088269456,21,38.680540130706646,1,12,2.7533916018416917e-06,1.8205066424396592e-06,0.0036785149128677067,KH022-1-1
non_malignant|endothelial,604,275,379,19,0.05013192612137203,19,33.704717433385554,0,2,1.1414103066594282e-05,3.796848339834488e-06,0.10321735282859587,KH022-1-1
non_malignant|epithelial,61,27,60,19,0.31666666666666665,15,3.1466170011698695,3,0,0.9999965351433915,0.8996216426847338,0.9999991231629377,KH022-1-1
non_malignant|epithelial_lowq,958,225,265,64,0.24150943396226415,61,46.61818937146761,1,0,0.41583423894178106,0.18990906385160117,0.7167090746363969,KH022-1-1
non_malignant|epithelial_luminal_HS,79,41,70,4,0.05714285714285714,4,5.486578726653,0,1,8.32234011631929e-06,1.4962641032109327e-06,0.18043762222942422,KH022-1-1
non_malignant|fibroblast,2054,986,1569,56,0.035691523263224986,55,113.63289746188737,1,5,4.65078048512276e-06,3.6019882249149875e-06,7.688439775561551e-06,KH022-1-1
non_malignant|myeloid,1178,491,692,31,0.044797687861271675,31,57.68412363160291,0,2,7.734865035979287e-06,4.655183720970549e-06,0.036633402349152376,KH022-1-1
non_malignant|myoepithelial,402,181,256,10,0.0390625,10,24.023140869191955,0,1,4.2316736078190116e-06,2.9067597018227533e-06,0.016702447522600083,KH022-1-1
non_malignant|perivascular,450,179,241,15,0.06224066390041494,14,25.191052955814108,0,0,6.679769115515725e-06,4.221138330534407e-06,0.06037535313252571,KH022-1-1
non_malignant|plasma,420,172,227,11,0.048458149779735685,11,24.70882478654298,0,1,6.317353300555331e-06,3.7990839264470586e-06,0.050394338046417714,KH022-1-1
unresolved|ALL,1278,480,697,178,0.25538020086083213,150,73.57348065038684,17,0,0.7128021604875938,0.4415365970469083,0.8673252905394131,KH022-1-1
unresolved|B,39,12,12,1,0.08333333333333333,1,2.183066705005321,0,0,0.001800155973863846,3.679807387797146e-06,0.9993019812455668,KH022-1-1
unresolved|T_NK,163,40,53,7,0.1320754716981132,7,6.575162528138634,0,0,4.9986255811617805e-05,4.7198576985469164e-06,0.5770990015830684,KH022-1-1
unresolved|adipocyte,19,12,19,0,0.0,0,1.2480128867210087,0,0,1.0259257175070653e-06,4.7067553356444457e-07,2.4581337845341042e-06,KH022-1-1
unresolved|endothelial,29,8,9,0,0.0,0,1.2337690662254324,0,0,3.917887592892642e-06,1.8004904041545402e-06,8.598628153770574e-06,KH022-1-1
unresolved|epithelial,191,129,245,67,0.27346938775510204,50,13.813950798036652,12,0,0.8080783045967669,0.5708364707338908,0.9578989180481556,KH022-1-1
unresolved|epithelial_lowq,652,216,280,95,0.3392857142857143,84,39.73082013836651,5,0,0.8964263003842138,0.625472299824804,0.9968506655073549,KH022-1-1
unresolved|epithelial_luminal_HS,3,1,1,0,0.0,0,0.10169304966215342,0,0,,,,KH022-1-1
unresolved|fibroblast,71,22,31,1,0.03225806451612903,1,3.2885180188668848,0,0,2.740690074792528e-06,1.5326564254820231e-06,5.319223888680261e-06,KH022-1-1
unresolved|myeloid,52,21,26,5,0.19230769230769232,5,3.3727878359285315,0,0,0.07143018059093816,4.59415285247702e-06,0.9947725138253051,KH022-1-1
unresolved|myoepithelial,17,7,8,0,0.0,0,0.6199023672953974,0,0,1.6256922580604674e-06,9.044293142632668e-07,4.583060655929826e-06,KH022-1-1
unresolved|perivascular,19,6,6,1,0.16666666666666666,1,0.6082416756399616,0,0,0.026721967175321954,3.7842427149414575e-06,0.9999942436972499,KH022-1-1
unresolved|plasma,23,6,7,1,0.14285714285714285,1,0.7975555805003565,0,0,0.0868938955348983,1.267693132430148e-06,0.9999963064638269,KH022-1-1
malignant|ALL_doublet_flagged,7797,6861,24655,6895,0.27965929831677144,4051,537.6491561396317,2144,110,0.8793894656838113,0.8596795396512665,0.8990574555195425,KH022-1-1
non_malignant|ALL_doublet_flagged,2575,1365,2469,172,0.06966383151073309,155,138.98430525046655,14,27,0.023322900697806567,0.011421594746012634,0.05655545765486729,KH022-1-1
unresolved|ALL_doublet_flagged,677,460,1166,220,0.18867924528301888,173,42.66338381823145,52,13,0.6354275868199384,0.46031768301056736,0.7253741367387928,KH022-1-1
