lib,metric,estimate,lo,hi
KH022-1,prec_mal,0.9378031890557293,0.9173186052355229,0.9569909346269421
KH022-1,rec_mal,0.901742209219159,0.8880333683571112,0.9199600993224603
KH022-1,prec_non,0.949935243868987,0.9335156073567104,0.9675002991802408
KH022-1,rec_non,0.8812715115256609,0.8574322933241009,0.8982901180342925
KH022-1,tumor_in_unresolved,0.5396007100037581,0.4031508652081196,0.6234107402920405
KH022-1,est_true_tumor,13353.475998314978,13011.36143336289,13642.857062050753
KH022-1,est_true_normal,12112.524001685022,11823.142937949247,12454.63856663711
KH022-1,tumor_mislabelled_non,562.5776646441941,365.19913811163394,747.0851201326465
KH022-1,normal_mislabelled_mal,798.6070525244359,552.2363993900639,1061.6291087758852
KH022-1-1,prec_mal,0.9384612824097935,0.9073676583309619,0.9633777720174843
KH022-1-1,rec_mal,0.9083301532247443,0.881066214212055,0.9257096651384529
KH022-1-1,prec_non,0.9576408934362683,0.9217691002744273,0.9763316604980952
KH022-1-1,rec_non,0.8878121626655224,0.8571557226389809,0.9115211434994711
KH022-1-1,tumor_in_unresolved,0.5842036459879679,0.4625274135414103,0.6730695123923431
KH022-1-1,est_true_tumor,13168.810330835306,12665.751845803332,13682.029045484438
KH022-1-1,est_true_normal,11728.189669164694,11214.970954515562,12231.248154196668
KH022-1-1,tumor_mislabelled_non,460.57056566745456,257.3458554042118,850.6045727161527
KH022-1-1,normal_mislabelled_mal,784.3724944047717,466.7869178651442,1180.6918269135592
