chrom	seg	num.mark	nhet	cnlr.median	mafR	segclust	cnlr.median.clust	mafR.clust	start	end	cf.em	tcn.em	lcn.em
1	1	40	24	0.199168156210079	0.737104817266839	177	0.199324842409887	0.761225205741214	13494	88338	0.397303231986469	5	1
1	2	305	109	0.0483082610328596	0.696934954364408	144	0.0642005098536945	0.639586324826522	89126	899447	0.397303231986469	4	1
1	3	1920	890	-0.496660135308888	0.128113811109317	17	-0.520131966626586	0.262463548549236	900467	2420756	0.251371711666744	2	0
1	4	1768	890	-0.896862789734077	0.0215020414235296	1	-0.896862789734077	0.0215020414235296	2421776	3781037	0.299909252485232	0	0
1	5	5436	2860	-0.572170536069493	0.0720526819363183	11	-0.58756785355326	0.115902343624431	3782057	7700941	0.289788492964799	1	0
1	6	1488	709	-0.172223744377317	0.0859457634274567	75	-0.190649899888965	0.0668679966496315	7701113	8825492	0.312829884892195	3	1
1	7	9552	3866	-0.437468070539913	0.111504614315905	22	-0.445887227719419	0.0959737482200309	8826282	16857173	1	2	1
1	8	592	389	-0.274865693363503	0.144358701960787	48	-0.292463973388482	0.0944653397926307	16859457	17238769	0.120683144919469	5	1
1	9	2058	791	-0.632926860229954	-0.0265741955840839	9	-0.639063675241327	-0.0437512228403611	17239036	18900599	0.166433482361936	0	0
1	10	12843	5346	-0.194175345748217	0.0709161855535803	75	-0.190649899888965	0.0668679966496315	18901619	29236211	0.312829884892195	3	1
1	11	2242	1070	-0.410295015834695	0.0582285142202926	31	-0.405484191813255	0.0582285142202926	29236547	30915244	1	2	1
1	12	6579	2210	-0.155752255166119	0.0817919224479942	88	-0.133257403057024	0.0778588892967488	30915857	36555060	0.397303231986469	3	1
1	13	1023	300	-0.445243612542193	0.0483483207162375	22	-0.445887227719419	0.0959737482200309	36555613	37445105	1	2	1
1	14	13533	4954	-0.131654575952904	0.0753383181521823	88	-0.133257403057024	0.0778588892967488	37445376	48748532	0.397303231986469	3	1
1	15	1942	625	0.00476357128998664	0.0569693003855179	130	0.00306912308072727	0.0672479017117161	48749090	50434273	0.325536977149129	4	2
1	16	2662	357	0.142193476172941	0.228610427294496	164	0.155502025061474	0.221412366911877	50435293	53063239	0.397303231986469	4	1
1	17	2587	1154	-0.127164045482872	0.17512422536401	83	-0.133257403057024	0.218173699614174	53064259	55069529	0.397303231986469	3	1
1	18	10491	4339	0.216476773336419	0.258130961352498	173	0.199324842409887	0.258130961352498	55070561	63534348	0.397303231986469	5	2
1	19	1977	607	-0.201696960992002	-0.0337764485906293	74	-0.190649899888965	-0.0559760672329635	63535467	65261521	0.152909390736083	4	2
1	20	1417	539	0.503633071552082	0.537800292399643	219	0.495733022802829	0.59660794712137	65262541	66454040	0.394750142385585	6	1
1	21	19485	8402	0.320555829322897	0.200903227923976	198	0.344213831025639	0.199580136133844	66454381	82341310	0.394750142385585	5	2
1	22	2774	1380	0.249647065218477	0.0330463882938634	192	0.257760164787707	0.0330463882938634	82341681	84483490	0.394750142385585	5	2
1	23	58	5	0.45258355883647	-0.0237515147420394	216	0.440544950101047	NA	84484510	84543732	0.394750142385585	6	NA
1	24	31	2	0.36643584449866	-0.0440502294057482	208	0.344213831025639	NA	84544752	84578685	0.394750142385585	6	NA
1	25	1267	545	0.182842071150047	0.0533239327812305	174	0.199324842409887	0.0457082854086164	84579705	85589057	0.359581103465401	5	2
1	26	9354	3392	-0.00155892040228366	-0.0636939636739575	127	0.00306912308072727	-0.0723410963145886	85589951	93549503	0.32379718021928	4	2
1	27	811	224	-0.462363465059761	0.0651009481674768	22	-0.445887227719419	0.0959737482200309	93550523	94263869	1	2	1
1	28	687	346	-0.0579455657803954	-0.0683228576857576	113	-0.0420747881588352	-0.0618498385428948	94264889	94765604	0.278137231342148	4	2
1	29	17162	7611	0.0434747362731458	-0.0668673056937762	135	0.0642005098536945	-0.063136406339534	94766418	108991731	0.373081148714355	4	2
1	30	2096	961	-0.230961670071047	-0.0671438789408466	65	-0.243429358193618	-0.0481836993399453	108992679	110630542	0.117577900579668	4	2
1	31	1582	790	0.0147299117146272	-0.0770149682258497	127	0.00306912308072727	-0.0723410963145886	110631562	111781489	0.32379718021928	4	2
1	32	990	502	-0.286896242806567	-0.0622989920342697	49	-0.292463973388482	-0.0546353488221853	111782416	112519274	1	2	1
1	33	1716	635	0.132268195525037	0.062977680072874	166	0.155502025061474	0.0570466665169527	112520503	113969970	0.378678396135592	5	2
1	34	8509	3369	-0.0605983504729289	-0.0369116937238678	118	-0.0420747881588352	-0.0380846662188202	113970638	122338019	0.281328080844665	4	2
1	35	4965	3085	0.11995226950589	0.57250361335721	153	0.107871207251593	0.57250361335721	122343436	147007977	0.380682955058621	5	1
1	36	8944	3821	0.155690042080443	0.134895082860131	163	0.155502025061474	0.127760195096033	147008654	155144965	0.397303231986469	5	2
1	37	34	24	-0.127301916395039	0.241413896441137	83	-0.133257403057024	0.218173699614174	155145985	155169734	0.397303231986469	3	1
1	38	2044	631	0.304971671850075	0.0312717216452202	201	0.344213831025639	0.100369697155844	155170451	156957959	0.394750142385585	5	2
1	39	139	83	0.592362367643031	0.0178824828257873	230	0.612131880574887	0.0392599126241691	156958652	157051990	0.394750142385585	7	3
1	40	1572	563	0.274659994980646	-0.0390878815217248	188	0.257760164787707	-0.0247954939778601	157052504	158369766	0.394750142385585	5	3
1	41	16364	7407	0.448107481780675	-0.0617031141050919	210	0.440544950101047	-0.0617031141050919	158370786	171344123	0.394750142385585	6	3
1	42	191	115	0.260079790318767	0.00493023365582132	188	0.257760164787707	-0.0247954939778601	171344602	171482275	0.394750142385585	5	2
1	43	3995	1177	0.610667748541529	0.0406299491377407	230	0.612131880574887	0.0392599126241691	171482820	175032163	0.394750142385585	7	3
1	44	7381	3303	0.365141019222949	0.196146440829169	198	0.344213831025639	0.199580136133844	175033183	180896336	0.394750142385585	6	2
1	45	3135	1281	0.211563811142517	0.323562529407734	181	0.199324842409887	0.323562529407734	180896662	183415916	0.359970186477784	5	1
1	46	1935	931	0.476756542632639	0.327962460511707	217	0.495733022802829	0.333101339424318	183416936	184914233	0.394750142385585	6	2
1	47	8676	3451	0.252751240880645	0.770138028982726	190	0.257760164787707	0.760983359687321	184915457	192433417	0.394750142385585	5	1
1	48	9711	3619	0.425334585052054	1.05343511929009	212	0.440544950101047	1.05413851367879	192434437	200875339	0.394750142385585	6	1
1	49	4010	1462	0.193084566714059	1.24431741263034	180	0.199324842409887	1.24431741263034	200876359	204172639	0.397303231986469	4	0
1	50	464	133	0.665805977846454	2.2298606720222	234	0.672623672176428	2.2298606720222	204173659	204564364	0.394750142385585	8	0
1	51	6097	2452	0.227574978793365	1.12214481440042	175	0.199324842409887	1.12192650478134	204565384	209638694	0.394750142385585	5	1
1	52	366	144	0.65962212685394	1.8361672074912	232	0.672623672176428	1.88175210762299	209639714	209945114	0.394750142385585	8	1
1	53	4659	1564	0.188175573070255	0.98651829071236	179	0.199324842409887	0.98651829071236	209945529	213946533	0.340661981880155	5	0
1	54	540	238	0.423427459397125	0.247002343627385	209	0.440544950101047	0.22363620555598	213947753	214361130	0.394750142385585	6	2
1	55	7538	3612	0.611829342621561	0.28332229057983	229	0.612131880574887	0.28135559983736	214362150	220258188	0.394750142385585	7	2
1	56	3386	1381	0.496374792404977	0.214969524389874	220	0.495733022802829	0.21787105515956	220258543	223022583	0.394750142385585	6	2
1	57	4831	1926	0.366008219554152	0.285718716415315	202	0.344213831025639	0.264760733739174	223022906	227005345	0.394750142385585	6	2
1	58	767	153	0.672258960023482	0.0425114175212176	233	0.672623672176428	0.0425114175212176	227006365	227736464	0.394750142385585	8	3
1	59	4264	1809	0.353020592884271	0.261471478286653	202	0.344213831025639	0.264760733739174	227737507	231219497	0.394750142385585	6	2
1	60	17655	8565	0.501458982437632	0.329311181841015	217	0.495733022802829	0.333101339424318	231220517	244713077	0.394750142385585	6	2
1	61	1354	610	0.255775538868334	0.280484303782544	193	0.257760164787707	0.280484303782544	244714097	245750982	0.394750142385585	5	1
1	62	3997	1886	0.47776116794763	0.352918542044763	217	0.495733022802829	0.333101339424318	245751488	248945688	0.394750142385585	6	2
2	63	499	251	-0.0539989641624208	-0.0439203201755816	118	-0.0420747881588352	-0.0380846662188202	10751	388070	0.281328080844665	4	2
2	64	4991	2916	-0.165762351839031	-0.0263109300725659	71	-0.190649899888965	-0.0286803520013576	389116	3817830	0.147385821163206	4	2
2	65	7792	3493	0.0844846684757837	-0.0502619903222018	132	0.0642005098536945	-0.0415966237331755	3818812	10007518	0.396810865562212	4	2
2	66	1524	749	-0.24555830927676	-0.0701005419943843	65	-0.243429358193618	-0.0481836993399453	10007816	11167701	0.117577900579668	4	2
2	67	223	108	0.283671830554362	-0.0871297438924149	194	0.257760164787707	-0.0858647027467704	11168066	11346767	0.394750142385585	5	3
2	68	1082	503	-0.107010721743462	-0.066462397682507	101	-0.0913728508255007	-0.0626883092355145	11347787	12166618	0.251575616747473	4	2
2	69	4282	1839	0.134503144599675	-0.0711924641335301	161	0.155502025061474	-0.0727940134466828	12167822	15643583	0.305298524356208	5	2
2	70	962	552	-0.2954455201553	-0.0703987437674552	49	-0.292463973388482	-0.0546353488221853	15644173	16338357	1	2	1
2	71	8389	3703	0.0570000137699914	-0.075206367395577	134	0.0642005098536945	-0.0790138643627453	16339012	22996314	0.384967716540475	4	2
2	72	10779	4086	-0.0774658155433447	-0.0751987646197142	101	-0.0913728508255007	-0.0626883092355145	22996985	31849246	0.251575616747473	4	2
2	73	8043	3639	0.0247744275106762	-0.0498104340898493	132	0.0642005098536945	-0.0415966237331755	31850266	38289128	0.396810865562212	4	2
2	74	14791	7438	0.140756757527586	-0.0717337301076651	161	0.155502025061474	-0.0727940134466828	38290148	49514456	0.305298524356208	5	2
2	75	12315	6339	0.241946976336405	-0.0778886801011996	184	0.257760164787707	-0.0740330283209627	49514735	58856407	0.394750142385585	5	3
2	76	7211	2769	0.105551053824722	-0.084642784333125	154	0.107871207251593	-0.084642784333125	58857061	64860924	0.397303231986469	4	2
2	77	1808	609	-0.0499751167943981	-0.0789995105052549	113	-0.0420747881588352	-0.0618498385428948	64861811	66398509	0.278137231342148	4	2
2	78	5019	2301	0.0763401521451639	-0.0796551602836405	134	0.0642005098536945	-0.0790138643627453	66399529	70302482	0.384967716540475	4	2
2	79	17452	7046	-0.0422876322350198	-0.0699037090891369	113	-0.0420747881588352	-0.0618498385428948	70303047	84794468	0.278137231342148	4	2
2	80	4895	1880	-0.223768800946964	0.0278970361128834	64	-0.243429358193618	0.0223718705582021	84795514	89307290	0.242546939706637	3	1
2	81	1652	1143	-0.428795166760234	0.442712612033665	28	-0.445887227719419	0.442712612033665	89308939	91898190	0.321349313244851	2	0
2	82	223	144	-0.235814023671462	0.207641645853002	62	-0.243429358193618	0.172595655869136	91898723	92081885	0.171986872746912	5	1
2	83	592	446	0.0916994108154614	0.704142263923493	147	0.0642005098536945	0.704142263923493	92088964	94152932	0.26025666930235	5	0
2	84	314	141	-0.113791118457716	0.367280519196246	96	-0.0913728508255007	0.343827887911831	94153220	94600351	0.397303231986469	4	1
2	85	2752	927	0.0330986969766991	0.0921194248018376	145	0.0642005098536945	0.0926228494706253	94601371	97099618	0.219987436581899	6	2
2	86	5377	2283	0.073662236792776	-0.0302165542338253	132	0.0642005098536945	-0.0415966237331755	97100837	101667947	0.396810865562212	4	2
2	87	3487	1450	0.223180630355855	-0.0697158082788284	171	0.199324842409887	-0.075230554320216	101670168	104504079	0.346517422178382	5	2
2	88	5242	2017	0.0764811762215572	-0.0573040718934328	135	0.0642005098536945	-0.063136406339534	104505099	108897448	0.373081148714355	4	2
2	89	973	187	-0.174122348492061	-0.0213478374658647	71	-0.190649899888965	-0.0286803520013576	108898468	110112751	0.147385821163206	4	2
2	90	4129	1902	0.0659681186851965	0.00750125292062143	143	0.0642005098536945	-0.00510033995648441	110113771	113840637	0.371581946285424	4	2
2	91	4293	1718	0.214075671175237	-0.0709216934517675	171	0.199324842409887	-0.075230554320216	113841422	117456513	0.346517422178382	5	2
2	92	3537	1445	0.0498383814658556	-0.0702097703009784	135	0.0642005098536945	-0.063136406339534	117457533	120303631	0.373081148714355	4	2
2	93	1291	534	-0.271515525496339	-0.0841323008185184	46	-0.292463973388482	-0.0777166872979507	120304651	121341724	1	2	1
2	94	6738	3172	0.150014048169471	-0.0724139563236598	161	0.155502025061474	-0.0727940134466828	121342744	126640004	0.305298524356208	5	2
2	95	7760	3548	-0.0614335160952702	-0.0204641777966097	117	-0.0420747881588352	-0.0152903591481378	126641024	132887759	0.272911386513402	4	2
2	96	1992	940	0.311322399478502	0.0301670767950088	207	0.344213831025639	0.0316498975307942	132888024	134422653	0.394750142385585	5	2
2	97	3826	1367	0.146604440259081	-0.0810263245053624	161	0.155502025061474	-0.0727940134466828	134423673	137658573	0.305298524356208	5	2
2	98	5805	2319	0.286226393191595	-0.074096372842126	184	0.257760164787707	-0.0740330283209627	137658768	142534865	0.394750142385585	5	3
2	99	859	92	0.659843842046343	0.181785874239822	235	0.672623672176428	0.181785874239822	142535885	143404844	0.394750142385585	8	3
2	100	5533	2002	0.322861243750345	-0.0722649119922761	200	0.344213831025639	-0.0797709535447728	143405864	148113923	0.394750142385585	5	3
2	101	4977	1862	0.187938639278799	-0.0686086854730343	171	0.199324842409887	-0.075230554320216	148114943	152334287	0.346517422178382	5	2
2	102	211	22	0.266361174568313	0.0472084211378768	185	0.257760164787707	0.0850893674706582	152335307	152538184	0.394750142385585	5	2
2	103	16679	6289	-0.0161631293524816	0.390681711396656	114	-0.0420747881588352	0.389747358033985	152539204	166675659	0.397303231986469	4	1
2	104	14518	6199	-0.102293778752463	0.349939758204331	96	-0.0913728508255007	0.343827887911831	166676593	178380801	0.397303231986469	4	1
2	105	4498	1584	0.00233901349397204	0.351112866677654	126	0.00306912308072727	0.374996069874225	178381821	182197715	0.397303231986469	4	1
2	106	13119	6163	0.327745234900303	-0.0641408956763539	199	0.344213831025639	-0.063831038321081	182199755	192718642	0.394750142385585	5	3
2	107	27921	11103	0.185366030925258	0.000271472042653785	170	0.199324842409887	-0.00284713744691835	192719450	216104491	0.252630915668157	6	3
2	108	135	57	0.388557936621013	0.0557406027078087	207	0.344213831025639	0.0316498975307942	216105603	216213644	0.394750142385585	6	2
2	109	4134	1051	-0.0859169420210453	-0.0137297910091633	100	-0.0913728508255007	-0.0031852764243689	216214664	219942437	0.224997455482764	4	2
2	110	13743	6293	0.105357119621327	-0.00901398788087188	149	0.107871207251593	0.00835474942035613	219943614	230823550	0.397303231986469	4	2
2	111	56	26	-0.165791741323747	0.0802577779639966	80	-0.190649899888965	0.156092982364642	230824570	230868988	0.397303231986469	3	1
2	112	10051	4290	-0.157898013533604	-0.0136637247887148	89	-0.133257403057024	-0.0271314389287511	230869699	238872658	0.183707575665024	4	2
2	113	4159	1935	-0.12204366717607	0.177059626908198	83	-0.133257403057024	0.218173699614174	238872906	242083013	0.397303231986469	3	1
2	114	86	36	0.340691470749184	0.500353066637973	205	0.344213831025639	0.377224542468189	242084490	242182306	0.394750142385585	5	1
3	115	11834	6461	0.286291218193207	0.998865306137062	186	0.257760164787707	0.998865306137062	10581	8583394	0.394750142385585	5	1
3	116	1136	476	0.149371994707767	0.930802671806852	167	0.155502025061474	0.916034794998129	8583918	9494017	0.397303231986469	5	1
3	117	2298	1176	-0.0378887067784325	0.90288691514827	123	-0.0420747881588352	0.90288691514827	9495037	11221633	0.397303231986469	3	0
3	118	1826	766	0.156193988448541	0.906571562608776	167	0.155502025061474	0.916034794998129	11222653	12676926	0.397303231986469	5	1
3	119	3665	1587	-0.0634330123288906	0.773946940150434	122	-0.0420747881588352	0.773532420457207	12677623	15546876	0.397303231986469	3	0
3	120	8234	3537	0.17286802475075	0.698581730248159	162	0.155502025061474	0.680139638247408	15547896	22138865	0.397303231986469	5	1
3	121	758	326	0.693463254798752	1.89965212243951	232	0.672623672176428	1.88175210762299	22139559	22754264	0.394750142385585	8	1
3	122	12259	5631	0.167878103223773	0.683464807549636	162	0.155502025061474	0.680139638247408	22755284	32377361	0.397303231986469	5	1
3	123	607	193	0.487012715053358	1.62734697077201	223	0.495733022802829	1.62734697077201	32378200	32903704	0.394750142385585	6	0
3	124	5474	2290	0.0862667363344174	0.654210791951887	144	0.0642005098536945	0.639586324826522	32904724	37388000	0.397303231986469	4	1
3	125	6519	878	-0.0428330441506354	0.53261291758835	110	-0.0420747881588352	0.532415063627078	37388725	43722345	0.279439153570833	4	0
3	126	3976	2045	-0.244000087081105	0.315711440532175	60	-0.243429358193618	0.315239934414562	43723365	46647160	0.235878780359363	3	0
3	127	4595	1230	-0.440758025624742	0.270288568551879	23	-0.445887227719419	0.258197063644182	46647664	50766068	0.249299801220957	2	0
3	128	6032	1886	-0.307471711023933	0.338275812805811	50	-0.292463973388482	0.325098430869487	50767088	55984018	0.204247180623651	3	0
3	129	23845	10737	-0.122849524467964	0.349715560307007	85	-0.133257403057024	0.339525129921702	55984462	74647069	0.396290102238846	4	1
3	130	683	191	0.116550608059581	0.0167671106103675	149	0.107871207251593	0.00835474942035613	74648103	75271410	0.397303231986469	4	2
3	131	549	199	-0.206016931377443	0.492796422429956	81	-0.190649899888965	0.425245855192558	75272430	75707441	0.251921948658685	3	0
3	132	184	73	-0.0828231837935253	1.86034426758877	107	-0.0913728508255007	1.81882248413976	75707620	75856920	0.397303231986469	3	0
3	133	8364	3286	0.182134109021912	-0.0125672195983664	170	0.199324842409887	-0.00284713744691835	75857940	83021306	0.252630915668157	6	3
3	134	2859	1107	0.350919859631714	0.157439543379132	196	0.344213831025639	0.158651559160267	83022326	85572781	0.394750142385585	5	2
3	135	5619	2500	0.0997766860195965	-0.0429999437096941	155	0.107871207251593	-0.0394918874088846	85573513	90168923	0.397303231986469	4	2
3	136	1464	526	-0.0146761299107781	0.438801761600874	125	-0.0420747881588352	0.438801761600874	90171165	93976911	0.397303231986469	4	1
3	137	29595	12270	0.16020673459386	-0.00324585844339929	160	0.155502025061474	-0.00380358070486707	93977931	118380926	0.397303231986469	4	2
3	138	1809	803	-0.11758177535509	-0.081039194841014	97	-0.0913728508255007	-0.0812471363704222	118381703	119825677	0.240029333754364	4	2
3	139	3616	1356	0.106562845639848	-0.0129016525182129	149	0.107871207251593	0.00835474942035613	119826697	122887292	0.397303231986469	4	2
3	140	425	211	-0.229021252271966	-0.0284244498174788	64	-0.243429358193618	0.0223718705582021	122887747	123197567	0.242546939706637	3	1
3	141	8750	3667	0.0729226995597574	0.159838524410174	142	0.0642005098536945	0.296601305135322	123197934	130222132	0.245098226506982	5	1
3	142	4086	1995	0.345345764783291	0.181846068414623	196	0.344213831025639	0.158651559160267	130223152	133354455	0.394750142385585	5	2
3	143	12292	5033	0.162507277999359	0.116043160892038	163	0.155502025061474	0.127760195096033	133354775	143328791	0.397303231986469	5	2
3	144	10643	5008	0.371131536992689	0.10695299451002	201	0.344213831025639	0.100369697155844	143329615	151747129	0.394750142385585	6	2
3	145	4814	1935	0.441031954880651	0.210035460102656	209	0.440544950101047	0.22363620555598	151748149	155743762	0.394750142385585	6	2
3	146	593	354	0.791670157276442	0.907876949500834	242	0.78865986894782	0.907876949500834	155744782	156162721	0.394750142385585	9	2
3	147	19565	8685	0.439077027510451	0.226051738593374	209	0.440544950101047	0.22363620555598	156163579	172037950	0.394750142385585	6	2
3	148	428	158	0.792490234273253	0.0282404464677695	243	0.78865986894782	0.0282404464677695	172038793	172401195	0.394750142385585	9	4
3	149	7256	2949	0.497846944835984	0.219238097557971	220	0.495733022802829	0.21787105515956	172402215	178422593	0.394750142385585	6	2
3	150	5270	1781	0.418745030175518	0.144200940045134	211	0.440544950101047	0.162032092051252	178423613	182986903	0.394750142385585	6	2
3	151	4646	1835	0.233198870031438	0.121775913794095	191	0.257760164787707	0.14694572090481	182987923	186771935	0.394750142385585	5	2
3	152	8996	4359	0.453875494464438	0.169125431829019	211	0.440544950101047	0.162032092051252	186772389	193716899	0.394750142385585	6	2
3	153	4915	2572	0.154445610077768	0.220407542188951	164	0.155502025061474	0.221412366911877	193717164	197345591	0.397303231986469	4	1
3	154	1011	392	-0.0825765855104398	0.0946305441794823	103	-0.0913728508255007	0.0578472996761607	197346102	198220554	0.397303231986469	3	1
4	155	260	44	-0.226126436328385	0.545088128452571	58	-0.243429358193618	0.361280993015858	11419	280274	0.215889111732895	3	0
4	156	13739	7496	-0.533697392681055	-0.0880646945643179	15	-0.520131966626586	-0.0885412596408321	281294	10382243	1	2	1
4	157	19501	9349	-0.124469409256765	-0.0845689336687229	86	-0.133257403057024	-0.0821905444817335	10382654	25420635	0.211127414639087	4	2
4	158	390	118	-0.547320936864028	-0.115902831906245	15	-0.520131966626586	-0.0885412596408321	25421501	25756054	1	2	1
4	159	2220	987	-0.155494545646042	-0.0937956446652074	86	-0.133257403057024	-0.0821905444817335	25757074	27519515	0.211127414639087	4	2
4	160	10047	3704	-0.0328830640270372	-0.0908851308767593	109	-0.0420747881588352	-0.0868933333520168	27520543	36369267	0.275462094446877	4	2
4	161	3758	1825	-0.114935625500613	-0.0921221307001372	97	-0.0913728508255007	-0.0812471363704222	36371739	39241688	0.240029333754364	4	2
4	162	3870	1587	-0.236416446071403	-0.0850371828195868	57	-0.243429358193618	-0.0842442756026128	39242857	42400753	0.124737465509825	4	2
4	163	5880	2738	-0.0812953220086199	-0.0895319149599294	97	-0.0913728508255007	-0.0812471363704222	42401298	47101845	0.240029333754364	4	2
4	164	2391	949	0.195693358487309	0.0778424441417254	182	0.199324842409887	0.0780967693331916	47103010	49090935	0.397303231986469	5	2
4	165	2213	1055	-0.205960521581463	0.412741436644501	81	-0.190649899888965	0.425245855192558	49091374	52979205	0.251921948658685	3	0
4	166	6056	2841	-0.00382139309290846	-0.0261055352665119	128	0.00306912308072727	-0.0322828552765495	52980225	57642504	0.323934248622814	4	2
4	167	3769	1749	0.22539346849954	0.0556988213291855	174	0.199324842409887	0.0457082854086164	57643535	60725673	0.359581103465401	5	2
4	168	16210	7409	0.0916166008025154	-0.0432991204039911	132	0.0642005098536945	-0.0415966237331755	60725931	74007611	0.396810865562212	4	2
4	169	1051	381	0.31102879053917	0.131090827350575	196	0.344213831025639	0.158651559160267	74008631	74907354	0.394750142385585	5	2
4	170	46472	19641	0.0796297319576388	-0.0407307210784542	132	0.0642005098536945	-0.0415966237331755	74908374	112884687	0.396810865562212	4	2
4	171	18154	8313	0.170273822969596	-0.00687541555610313	160	0.155502025061474	-0.00380358070486707	112885707	127502028	0.397303231986469	4	2
4	172	962	359	0.0603554774988632	-0.010605116630137	143	0.0642005098536945	-0.00510033995648441	127502593	128324172	0.371581946285424	4	2
4	173	654	241	-0.201573430773754	-0.0776751110334228	73	-0.190649899888965	-0.0763893829299674	128324447	128870891	0.15118001349796	4	2
4	174	11499	4859	-0.0472968583104029	-0.0861830649338425	109	-0.0420747881588352	-0.0868933333520168	128871911	138661548	0.275462094446877	4	2
4	175	19736	7540	-0.12126703754404	-0.0777536871408643	86	-0.133257403057024	-0.0821905444817335	138662568	155115811	0.211127414639087	4	2
4	176	33127	15685	-0.0623968199059363	-0.0860928172305982	109	-0.0420747881588352	-0.0868933333520168	155116551	181495726	0.275462094446877	4	2
4	177	11575	6095	-0.208947163819189	-0.0500879067975606	74	-0.190649899888965	-0.0559760672329635	181496389	190203734	0.152909390736083	4	2
5	178	5268	3059	-0.710008521233749	-0.0149309268201949	6	-0.707929736107824	-0.0149309268201949	12225	3683999	0.201549256072019	0	0
5	179	9923	4714	-0.437267715833095	-0.0404535047354591	20	-0.445887227719419	-0.0558459041185535	3684663	11259024	1	2	1
5	180	6436	2935	-0.311678207913791	-0.0516160855211687	49	-0.292463973388482	-0.0546353488221853	11259377	16352160	1	2	1
5	181	1542	783	-0.474789758988014	-0.0485485657556528	20	-0.445887227719419	-0.0558459041185535	16353180	17513147	1	2	1
5	182	101	39	-0.645568693927884	0.243243299363605	8	-0.639063675241327	0.107715778447492	17514167	17669271	0.335879267369463	1	0
5	183	2047	798	-0.255393205507402	-0.0409322985065189	65	-0.243429358193618	-0.0481836993399453	17670491	19450763	0.117577900579668	4	2
5	184	2927	1445	-0.242203961894702	-0.0336559941550071	65	-0.243429358193618	-0.0481836993399453	19451105	21830648	0.117577900579668	4	2
5	185	12067	5868	-0.0044918994500619	-0.0767383669974726	127	0.00306912308072727	-0.0723410963145886	21831302	31564955	0.32379718021928	4	2
5	186	1814	935	-0.210795730797523	-0.0708379762117851	74	-0.190649899888965	-0.0559760672329635	31565388	32916341	0.152909390736083	4	2
5	187	7453	3365	-0.0592282606786482	-0.0523535484711583	113	-0.0420747881588352	-0.0618498385428948	32916872	38821938	0.278137231342148	4	2
5	188	2704	1495	0.107235354512777	-0.067364246642246	151	0.107871207251593	-0.0710620054952308	38822229	40803967	0.397303231986469	4	2
5	189	6683	2557	-0.0264071988330764	-0.0620365940049805	113	-0.0420747881588352	-0.0618498385428948	40804987	46434075	0.278137231342148	4	2
5	190	484	425	-0.231131058111207	0.463423875371058	58	-0.243429358193618	0.361280993015858	46434412	50159801	0.215889111732895	3	0
5	191	985	590	0.108639105072726	-0.0593302862221132	151	0.107871207251593	-0.0710620054952308	50160505	50870862	0.397303231986469	4	2
5	192	4424	1843	-0.201509801877913	0.156946640105085	80	-0.190649899888965	0.156092982364642	50871828	54500361	0.397303231986469	3	1
5	193	2058	625	0.0632159690745063	0.50885397413824	140	0.0642005098536945	0.525621419027354	54500758	56301789	0.397303231986469	4	1
5	194	918	505	-0.145267079784744	0.138253887888371	93	-0.133257403057024	0.13679833879757	56302071	56945457	0.397303231986469	3	1
5	195	7554	3244	-0.237506072567812	0.17010196369347	62	-0.243429358193618	0.172595655869136	56945862	63040089	0.171986872746912	5	1
5	196	7803	4011	-0.142333707707975	0.245129711397683	82	-0.133257403057024	0.243774694133686	63041109	68954399	0.397303231986469	3	1
5	197	13778	6178	-0.257661562029848	0.21497360381252	59	-0.243429358193618	0.21497360381252	68955643	81403521	0.218404027814637	3	0
5	198	61295	25625	-0.130535372941193	0.243205143924679	82	-0.133257403057024	0.243774694133686	81404204	131832561	0.397303231986469	3	1
5	199	13505	5503	-0.362911947129221	0.216988088777141	36	-0.360385229287395	0.209312393088818	131833581	142704349	0.225736424236719	2	0
5	200	4415	1672	-0.153695696006712	0.209326066610982	83	-0.133257403057024	0.218173699614174	142705369	146422548	0.397303231986469	3	1
5	201	516	236	0.134470836393838	0.708283050896953	162	0.155502025061474	0.680139638247408	146423568	146839501	0.397303231986469	5	1
5	202	2623	1293	-0.160959750738678	0.25090698085237	82	-0.133257403057024	0.243774694133686	146840181	148864080	0.397303231986469	3	1
5	203	15495	6795	-0.274599259971831	0.220101296760276	45	-0.292463973388482	0.22197102897683	148865100	161099165	0.167432948231622	3	0
5	204	8831	4135	-0.173143855278752	0.208496272330539	76	-0.190649899888965	0.208651748537056	161100185	168035760	0.397303231986469	3	1
5	205	9653	4266	-0.44694348374281	0.171938078986084	21	-0.445887227719419	0.183433412145147	168035962	175585626	0.21153459393864	2	0
5	206	6422	3090	-0.635751376284105	0.104202587833274	8	-0.639063675241327	0.107715778447492	175586646	180685934	0.335879267369463	1	0
5	207	809	406	-0.433247268332054	0.0743654496534224	22	-0.445887227719419	0.0959737482200309	180686594	181475100	1	2	1
6	208	1774	851	-0.274365957882219	0.345007522662881	51	-0.292463973388482	0.367576328713071	121000	1513831	0.218129968348759	3	0
6	209	333	175	0.0556087104483378	-0.00912548180080955	143	0.0642005098536945	-0.00510033995648441	1514132	1757661	0.371581946285424	4	2
6	210	21195	9542	0.202437968590968	-0.0772763080714269	171	0.199324842409887	-0.075230554320216	1758777	18324754	0.346517422178382	5	2
6	211	11072	5652	0.318672697546403	-0.0829676885904978	200	0.344213831025639	-0.0797709535447728	18325192	26740240	0.394750142385585	5	3
6	212	9109	4713	0.219939014556859	0.0199278503274266	172	0.199324842409887	0.0199278503274266	26741192	33472643	0.365441284811842	5	2
6	213	958	428	-0.116282706900541	-0.0478741962881457	99	-0.0913728508255007	-0.0259557307871404	33473871	34220587	0.228549717596634	4	2
6	214	12907	5242	0.233593429573822	-0.0238419762186759	188	0.257760164787707	-0.0247954939778601	34221619	44597496	0.394750142385585	5	3
6	215	11	1	0.253929906274821	0.579468503751806	195	0.257760164787707	NA	44598245	44607696	0.394750142385585	5	NA
6	216	4826	2478	-0.0874258331382081	0.328516888651432	96	-0.0913728508255007	0.343827887911831	44608716	48254373	0.397303231986469	4	1
6	217	29302	14544	0.0727226916016269	0.0685895304966082	133	0.0642005098536945	0.0685895304966082	48254631	72936050	0.397303231986469	5	2
6	218	27688	12429	-0.0859372839836359	0.336348465045632	96	-0.0913728508255007	0.343827887911831	72937070	95309008	0.397303231986469	4	1
6	219	13564	6378	0.143020796189553	0.66983013082003	162	0.155502025061474	0.680139638247408	95311048	106064711	0.397303231986469	5	1
6	220	773	367	-0.024149754730618	0.32742892224804	115	-0.0420747881588352	0.31660583330314	106064905	106680329	0.378036363693234	4	1
6	221	5681	2406	-0.178416615133946	0.342717548940797	72	-0.190649899888965	0.346288436790676	106681210	111254786	0.302607173031649	3	0
6	222	24082	10211	-0.0231081123887147	0.348459665179055	111	-0.0420747881588352	0.347591471389759	111255079	130922256	0.397303231986469	4	1
6	223	20277	8649	0.102940717172502	0.55942172948574	150	0.107871207251593	0.559463262168725	130923340	147393115	0.397303231986469	4	1
6	224	23669	10574	-0.0509046469938556	0.530279968520825	110	-0.0420747881588352	0.532415063627078	147394135	166116726	0.279439153570833	4	0
6	225	5629	2944	-0.18687034673765	0.572027596976969	78	-0.190649899888965	0.572518149402208	166117170	170294375	0.308798032104896	3	0
6	226	411	96	-0.018597710933446	0.628860201056176	110	-0.0420747881588352	0.532415063627078	170295530	170743501	0.279439153570833	4	0
7	227	4586	2499	-0.607598992019	0.262353971095775	12	-0.58756785355326	0.255982384227624	24443	3299328	0.397303231986469	1	0
7	228	953	628	-0.225161708193542	0.343359776062002	60	-0.243429358193618	0.315239934414562	3299811	3904201	0.235878780359363	3	0
7	229	3997	1996	-0.523915257548309	0.268885545753297	17	-0.520131966626586	0.262463548549236	3904647	6993936	0.251371711666744	2	0
7	230	114	39	-0.242361163518978	0.484689399765984	58	-0.243429358193618	0.361280993015858	6994519	7087860	0.215889111732895	3	0
7	231	18041	9630	0.00730156059366693	0.373348890531771	126	0.00306912308072727	0.374996069874225	7088880	20560351	0.397303231986469	4	1
7	232	29444	13021	-0.16683314339412	0.316669435922902	70	-0.190649899888965	0.313509039232806	20561371	43835337	0.397303231986469	3	1
7	233	2864	1374	-0.405353035880916	0.257192525190052	30	-0.405484191813255	0.253237230921391	43836357	46004131	0.247085540226065	2	0
7	234	12994	6963	-0.20717235217065	0.311369938761326	70	-0.190649899888965	0.313509039232806	46005223	55653404	0.397303231986469	3	1
7	235	2533	1527	-0.511459942354554	0.274210758750204	17	-0.520131966626586	0.262463548549236	55654003	57494786	0.251371711666744	2	0
7	236	895	551	-0.268169770790907	0.381232708292619	51	-0.292463973388482	0.367576328713071	57495796	59296650	0.218129968348759	3	0
7	237	2755	1994	0.114581810798486	0.135023172420631	149	0.107871207251593	0.00835474942035613	59307110	63510329	0.397303231986469	4	2
7	238	373	245	-0.511033621603714	0.149310377554448	16	-0.520131966626586	0.0475735242955788	63511818	63862914	0.198390927429301	1	0
7	239	2454	1502	0.0668797143367304	0.0305637320674197	137	0.0642005098536945	0.0129716787558708	63863934	65719366	0.197677472137445	6	3
7	240	4913	2207	-0.189325862394758	0.0580609624737672	75	-0.190649899888965	0.0668679966496315	65719808	69594832	0.312829884892195	3	1
7	241	1523	568	0.18488027904069	0.0784748812609494	182	0.199324842409887	0.0780967693331916	69595852	70862852	0.397303231986469	5	2
7	242	6115	2457	-0.270761506563841	0.0762084108958722	48	-0.292463973388482	0.0944653397926307	70863963	76554754	0.120683144919469	5	1
7	243	25881	10853	0.248579286580105	0.0844303981633846	185	0.257760164787707	0.0850893674706582	76555666	97873032	0.394750142385585	5	2
7	244	3134	935	-0.0360655919164199	0.175457494156429	116	-0.0420747881588352	0.18013793641242	97874052	100617980	0.185840226760653	5	1
7	245	1584	757	-0.35130412835441	0.12160378373186	36	-0.360385229287395	0.209312393088818	100619005	101801711	0.225736424236719	2	0
7	246	748	94	-0.0329358904514743	0.408836283737741	114	-0.0420747881588352	0.389747358033985	101802731	102696198	0.397303231986469	4	1
7	247	4507	1990	0.224726440166505	0.173195708467999	176	0.199324842409887	0.173195708467999	102697405	106244133	0.347836398626833	6	2
7	248	24713	9736	0.336651748458677	0.155068006194808	196	0.344213831025639	0.158651559160267	106244402	127026862	0.394750142385585	5	2
7	249	5211	1762	0.169885419498153	0.134187311434612	163	0.155502025061474	0.127760195096033	127027745	131504096	0.397303231986469	5	2
7	250	1623	661	-0.140695350328983	0.135426637295755	93	-0.133257403057024	0.13679833879757	131505116	132796014	0.397303231986469	3	1
7	251	6588	2860	0.271699379540527	0.137417061891099	191	0.257760164787707	0.14694572090481	132797034	138079455	0.394750142385585	5	2
7	252	4348	1870	0.0592228696540478	0.120228164833229	142	0.0642005098536945	0.296601305135322	138080061	141545501	0.245098226506982	5	1
7	253	2385	918	0.16316803245478	0.152173485332849	163	0.155502025061474	0.127760195096033	141546521	143525659	0.397303231986469	5	2
7	254	5025	2164	0.283176967949089	0.177348454642902	191	0.257760164787707	0.14694572090481	143527351	147985579	0.394750142385585	5	2
7	255	3730	1805	0.12046699904199	0.126620959961173	157	0.107871207251593	0.126620959961173	147986599	150826309	0.397303231986469	5	2
7	256	8992	4695	-0.029926944221753	0.180608799727313	116	-0.0420747881588352	0.18013793641242	150826699	157402728	0.185840226760653	5	1
7	257	1871	1242	-0.405187933003658	0.264056921690279	30	-0.405484191813255	0.253237230921391	157403748	158609586	0.247085540226065	2	0
7	258	974	526	-0.0326967361995564	0.342605045530203	111	-0.0420747881588352	0.347591471389759	158610489	159335257	0.397303231986469	4	1
8	259	3317	2011	-0.374396447208867	0.0779662195016592	38	-0.360385229287395	0.0760189689341568	62470	2593726	1	2	1
8	260	6033	3541	-0.08126459316864	0.0640563101864009	103	-0.0913728508255007	0.0578472996761607	2594779	6765764	0.397303231986469	3	1
8	261	1277	862	-0.384224046172956	0.341664375418748	43	-0.360385229287395	0.343961024764729	6766077	8248471	0.285857712465774	2	0
8	262	2008	943	-0.0698875380103439	0.0883717111378551	103	-0.0913728508255007	0.0578472996761607	8248884	9785485	0.397303231986469	3	1
8	263	4582	2962	-0.275158197097447	0.120528731332421	48	-0.292463973388482	0.0944653397926307	9786505	13088245	0.120683144919469	5	1
8	264	10205	5947	0.0403319861843809	0.0723461326930271	136	0.0642005098536945	0.0735358707907131	13089056	20235847	0.365194103063098	4	2
8	265	4755	2312	-0.245779752132808	0.0802652646955114	63	-0.243429358193618	0.0813613556453235	20236874	23806140	0.332125400428694	3	1
8	266	2112	902	-0.0323711457604097	0.0914133647525054	124	-0.0420747881588352	0.0914133647525054	23806928	25518915	0.214351112518716	6	2
8	267	775	452	-0.178065358151106	0.0834240003318336	75	-0.190649899888965	0.0668679966496315	25519935	26054459	0.312829884892195	3	1
8	268	13276	5492	-0.186164556878149	0.327240966832084	72	-0.190649899888965	0.346288436790676	26056731	36735081	0.302607173031649	3	0
8	269	9591	4230	-0.103893562759703	0.0051534628991285	100	-0.0913728508255007	-0.0031852764243689	36736101	46442417	0.224997455482764	4	2
8	270	238	145	0.0305379445730725	0.0111258747271957	143	0.0642005098536945	-0.00510033995648441	46443614	46602200	0.371581946285424	4	2
8	271	14246	6281	-0.212471887123872	-0.0800054903282506	73	-0.190649899888965	-0.0763893829299674	46603296	57960204	0.15118001349796	4	2
8	272	13996	5230	-0.112606364534546	-0.0846068263379647	97	-0.0913728508255007	-0.0812471363704222	57960834	69743905	0.240029333754364	4	2
8	273	484	248	-0.457001472596791	-0.0985285789206842	26	-0.445887227719419	-0.0817152578173237	69744925	70103906	1	2	1
8	274	20323	8705	-0.0746893642183341	-0.0769123913651049	97	-0.0913728508255007	-0.0812471363704222	70105065	86901948	0.240029333754364	4	2
8	275	7257	2658	0.181808061231889	0.00318162160145206	170	0.199324842409887	-0.00284713744691835	86902487	93189540	0.252630915668157	6	3
8	276	13165	5731	0.0758408275874617	0.000315676844772038	137	0.0642005098536945	0.0129716787558708	93190560	103795349	0.197677472137445	6	3
8	277	5330	2198	0.178323219769182	-0.00918107991549621	170	0.199324842409887	-0.00284713744691835	103796369	108174883	0.252630915668157	6	3
8	278	1929	7	0.174333519874939	0.611948058926199	169	0.155502025061474	NA	108175903	110255281	0.397303231986469	4	NA
8	279	5406	1442	0.570724345779162	0.364012631269176	226	0.568264927198412	0.364012631269176	110256301	115382541	0.394750142385585	7	2
8	280	1151	364	0.760921928917932	0.710298448743738	238	0.737782808042488	0.710298448743738	115384757	116399234	0.394750142385585	8	2
8	281	491	230	0.601869601228145	0.563758491492062	231	0.612131880574887	0.48320169920487	116400226	116778581	0.394750142385585	7	2
8	282	12339	4922	0.476126708161232	0.603336166276972	219	0.495733022802829	0.59660794712137	116779254	126842996	0.394750142385585	6	1
8	283	947	388	0.577009873017764	0.539295559533185	225	0.568264927198412	0.514202459607021	126843691	127600991	0.394750142385585	7	2
8	284	31	27	-0.0267380271069929	0.329280442672051	115	-0.0420747881588352	0.31660583330314	127601294	127616412	0.378036363693234	4	1
8	285	596	297	0.199137457500713	0.450475297265208	183	0.199324842409887	0.450475297265208	127616587	128072667	0.344427224095076	5	1
8	286	3123	1677	0.394868209307095	0.374010978950605	205	0.344213831025639	0.377224542468189	128073452	130372972	0.394750142385585	6	2
8	287	10647	5845	0.239889745238901	0.382999908061826	187	0.257760164787707	0.382999908061826	130374004	138016107	0.394750142385585	5	1
8	288	1915	931	0.00520931961205859	0.380730883696746	126	0.00306912308072727	0.374996069874225	138017127	139466308	0.397303231986469	4	1
8	289	1342	574	0.493449593878486	1.29096149702965	221	0.495733022802829	1.29096149702965	139467292	140513365	0.394750142385585	6	1
8	290	871	212	0.245689300065817	0.55005149883565	190	0.257760164787707	0.760983359687321	140514152	141296101	0.394750142385585	5	1
8	291	278	140	-0.0876562102155186	0.636835740142183	105	-0.0913728508255007	0.638689338295912	141296832	141508279	0.397303231986469	3	0
8	292	1568	815	-0.33214169184119	0.453996324635063	41	-0.360385229287395	0.467438059790432	141509299	142634271	0.329511162235981	2	0
8	293	3355	1776	0.00682309795456337	0.544942301934008	129	0.00306912308072727	0.547578754799917	142635291	145077346	0.397303231986469	4	1
9	294	2856	1830	-0.0146694827305646	0.67852791429921	121	-0.0420747881588352	0.67852791429921	10712	1937953	0.397303231986469	3	0
9	295	3506	1935	0.182180543081238	0.761676910140035	177	0.199324842409887	0.761225205741214	1938460	4419116	0.397303231986469	5	1
9	296	399	199	0.047389998845307	0.752986877908076	138	0.0642005098536945	0.80777052572855	4420171	4714178	0.23823967903258	5	0
9	297	9577	4255	0.0546904652073258	0.527979439517426	140	0.0642005098536945	0.525621419027354	4714234	12368599	0.397303231986469	4	1
9	298	3290	1771	0.15556085132384	0.665925178561247	162	0.155502025061474	0.680139638247408	12368977	14832344	0.397303231986469	5	1
9	299	5076	2311	-0.0306277224091866	0.487687174641365	119	-0.0420747881588352	0.467543109453728	14833005	18802303	0.397303231986469	4	1
9	300	1954	894	-0.213356404757096	0.352883302789804	72	-0.190649899888965	0.346288436790676	18802809	20315675	0.302607173031649	3	0
9	301	14241	6197	-0.0410643342891049	0.352613846446692	111	-0.0420747881588352	0.347591471389759	20316650	31895931	0.397303231986469	4	1
9	302	37	28	0.0981079118175652	0.571955003991885	150	0.107871207251593	0.559463262168725	31896951	31917352	0.397303231986469	4	1
9	303	1808	841	-0.139357465985904	0.430611634064354	91	-0.133257403057024	0.423749347937947	31918200	33302378	0.397303231986469	3	1
9	304	14248	7560	-0.268095845138253	0.398756360572848	44	-0.292463973388482	0.34148406167956	33303398	68418724	0.209890626167979	3	0
9	305	21954	9688	-0.133462284078342	0.331489259061352	85	-0.133257403057024	0.339525129921702	68418983	86040059	0.396290102238846	4	1
9	306	16230	6965	-0.30393137405548	0.291034104090487	44	-0.292463973388482	0.34148406167956	86041079	98998623	0.209890626167979	3	0
9	307	10661	4928	-0.101302704353954	0.348934285657374	96	-0.0913728508255007	0.343827887911831	98999820	107343235	0.397303231986469	4	1
9	308	744	346	-0.389110226258205	0.255757219558609	36	-0.360385229287395	0.209312393088818	107344325	107906402	0.225736424236719	2	0
9	309	17222	7776	-0.186517346326861	0.339843490830349	72	-0.190649899888965	0.346288436790676	107906690	121443610	0.302607173031649	3	0
9	310	4888	1460	-0.305881340777345	0.269141628123777	54	-0.292463973388482	0.269141628123777	121444630	125743233	0.185501011967761	3	0
9	311	211	10	0.00962703080823891	0.344196888220543	131	0.00306912308072727	NA	125744253	125961828	0.349264736748291	4	NA
9	312	204	78	-0.689629653278944	0.144736737956275	5	-0.707929736107824	0.148321466891683	125962848	126126246	0.397303231986469	1	0
9	313	8951	3454	-0.439038208086437	0.258786759990877	23	-0.445887227719419	0.258197063644182	126126567	133380228	0.249299801220957	2	0
9	314	6368	3031	-0.750511660749566	0.158587146149602	3	-0.753716614414439	0.158587146149602	133381256	138315948	0.397303231986469	1	0
10	315	16	14	0.103356682212258	0.566585135986548	159	0.107871207251593	NA	10501	48486	0.289574765060926	5	NA
10	316	2494	1402	0.138486293902649	-0.0255764160817199	160	0.155502025061474	-0.00380358070486707	48932	1810171	0.397303231986469	4	2
10	317	7346	4081	0.331428874380931	-0.0440923681086932	197	0.344213831025639	-0.048265044155656	1810553	7150453	0.394750142385585	5	3
10	318	302	140	0.0151928256145433	0.574581037273965	129	0.00306912308072727	0.547578754799917	7150867	7376178	0.397303231986469	4	1
10	319	5588	1847	0.376189967367711	-0.04927177038358	197	0.344213831025639	-0.048265044155656	7377247	12212280	0.394750142385585	6	3
10	320	6335	3347	0.00929283297523953	-0.037534494865247	128	0.00306912308072727	-0.0322828552765495	12213300	16814253	0.323934248622814	4	2
10	321	20631	8686	0.353447892194209	-0.0485665333690894	197	0.344213831025639	-0.048265044155656	16814686	33570389	0.394750142385585	6	3
10	322	8334	4359	0.0454898247664365	0.0890005559334847	139	0.0642005098536945	0.0890005559334847	33571587	41841976	0.356791970321639	4	2
10	323	14	13	-0.294183270031572	0.681243833467508	56	-0.292463973388482	NA	41842631	41848052	NA	2	NA
10	324	310	305	-0.294132709584313	0.444260717380878	55	-0.292463973388482	0.444260717380878	41848444	42104806	0.240711666451007	3	0
10	325	3957	2241	-0.0929159263924276	-0.00273791591770345	99	-0.0913728508255007	-0.0259557307871404	42105472	44914180	0.228549717596634	4	2
10	326	1429	749	-0.29546983760188	0.246155082679846	45	-0.292463973388482	0.22197102897683	44915200	46034023	0.167432948231622	3	0
10	327	4581	2147	-0.562193835826425	0.16660056747763	11	-0.58756785355326	0.115902343624431	46034581	50274494	0.289788492964799	1	0
10	328	6887	2804	-0.267348193836943	0.0877532403366592	48	-0.292463973388482	0.0944653397926307	50275514	56052406	0.120683144919469	5	1
10	329	232	146	-0.255488545142525	0.295904561775251	60	-0.243429358193618	0.315239934414562	56052808	56210691	0.235878780359363	3	0
10	330	10983	3732	-0.0754180105692721	0.298750629823829	98	-0.0913728508255007	0.27109579618081	56211415	65706190	0.397303231986469	3	1
10	331	2983	1309	0.0699792497485116	0.609258661672064	144	0.0642005098536945	0.639586324826522	65706632	68154907	0.397303231986469	4	1
10	332	1128	645	-0.152395117739319	0.558164467267643	90	-0.133257403057024	0.533846540665846	68156118	68974833	0.383630373570009	3	0
10	333	4157	2057	-0.358613605256747	0.328629451511265	37	-0.360385229287395	0.324338607002308	68975703	72084556	0.277974686951333	2	0
10	334	5593	1573	-0.106086183126387	0.403056220689546	104	-0.0913728508255007	0.398949379219213	72085576	77086847	0.397303231986469	3	1
10	335	5002	2529	-0.338756706266814	0.348401210034957	37	-0.360385229287395	0.324338607002308	77087602	80839725	0.277974686951333	2	0
10	336	4154	2360	-0.110814113528966	0.334602758309107	96	-0.0913728508255007	0.343827887911831	80840024	83862060	0.397303231986469	4	1
10	337	4719	2198	-0.290858802140462	0.362488425118848	51	-0.292463973388482	0.367576328713071	83864413	87648501	0.218129968348759	3	0
10	338	5864	2760	-0.0461032412578502	0.317078364591748	115	-0.0420747881588352	0.31660583330314	87649115	92197792	0.378036363693234	4	1
10	339	10274	4051	-0.243872511023365	0.328391014813002	58	-0.243429358193618	0.361280993015858	92198812	100604247	0.215889111732895	3	0
10	340	940	422	-0.543616329337509	0.262564808529839	17	-0.520131966626586	0.262463548549236	100605297	101337699	0.251371711666744	2	0
10	341	4539	1620	-0.273009684313873	0.315604124549807	50	-0.292463973388482	0.325098430869487	101338192	105189392	0.204247180623651	3	0
10	342	13229	5491	-0.12808558136412	0.342082113540303	85	-0.133257403057024	0.339525129921702	105190412	115950117	0.396290102238846	4	1
10	343	5149	2243	-0.317678147690504	0.305565493538053	50	-0.292463973388482	0.325098430869487	115951137	120000235	0.204247180623651	3	0
10	344	13863	6981	-0.141036736136094	0.64985676060598	87	-0.133257403057024	0.647821814462488	120000606	130301996	0.392683611069627	3	0
10	345	4379	2414	-0.450970626032807	0.534110015074114	25	-0.445887227719419	0.534110015074114	130302452	133376821	0.350071455190143	2	0
10	346	445	298	-0.26075911552464	0.617396393900374	67	-0.243429358193618	0.617396393900374	133377066	133786684	0.284699675177333	3	0
11	347	290	209	-0.0800185610667134	-0.012827404680595	100	-0.0913728508255007	-0.0031852764243689	87018	356080	0.224997455482764	4	2
11	348	4516	2590	-0.464695026540444	-0.079276243435131	24	-0.445887227719419	-0.0738564598557454	356871	3675232	1	2	1
11	349	5954	3248	-0.0408843048712056	-0.0391449863681486	118	-0.0420747881588352	-0.0380846662188202	3676252	8000381	0.281328080844665	4	2
11	350	624	412	-0.386389607500889	-0.0695211527063259	42	-0.360385229287395	-0.075613618583798	8000798	8405282	1	2	1
11	351	3881	1543	-0.00117760555137814	-0.0428025948177324	128	0.00306912308072727	-0.0322828552765495	8405720	11588425	0.323934248622814	4	2
11	352	1387	645	0.288195983432696	-0.0611944985589762	184	0.257760164787707	-0.0740330283209627	11589445	12671804	0.394750142385585	5	3
11	353	4067	1638	0.45398968324335	-0.000489521591631777	214	0.440544950101047	-0.000489521591631777	12672621	15969399	0.394750142385585	6	3
11	354	727	194	0.830428277397619	0.0532759868150451	246	0.845830524302323	0.0532759868150451	15970419	16623838	0.394750142385585	9	4
11	355	140	2	0.501471280441359	-0.159948602143536	224	0.495733022802829	NA	16624867	16769906	0.394750142385585	6	NA
11	356	5371	2566	0.441820007018874	0.034864404185394	213	0.440544950101047	0.034864404185394	16770926	20857579	0.394750142385585	6	3
11	357	13865	6538	0.511466324642952	-0.0426842053422255	218	0.495733022802829	-0.0426842053422255	20857865	31773514	0.394750142385585	6	3
11	358	3374	1545	0.339440380227414	-0.0564462027322942	197	0.344213831025639	-0.048265044155656	31773954	34419687	0.394750142385585	5	3
11	359	891	497	0.866192154507611	0.159929112758224	245	0.845830524302323	0.159929112758224	34420707	35062086	0.394750142385585	9	3
11	360	1506	622	1.25216036418185	1.00196387199178	249	1.25216036418185	1.00196387199178	35063045	36269588	0.394750142385585	13	3
11	361	7537	3388	0.329072062565512	-0.0779331704059756	200	0.344213831025639	-0.0797709535447728	36270208	42351811	0.394750142385585	5	3
11	362	2503	1220	0.231960029504744	-0.0757624642331265	184	0.257760164787707	-0.0740330283209627	42352831	44263286	0.394750142385585	5	3
11	363	8272	3768	-0.0589149694414183	-0.0515660532350775	113	-0.0420747881588352	-0.0618498385428948	44263806	50819689	0.278137231342148	4	2
11	364	480	368	-0.322435280976745	0.417231390649374	51	-0.292463973388482	0.367576328713071	50820339	54548296	0.218129968348759	3	0
11	365	6161	2696	-0.0753013507812037	-0.0460501197005999	101	-0.0913728508255007	-0.0626883092355145	54548556	59547845	0.251575616747473	4	2
11	366	1161	173	0.174497598811506	0.0718920813001426	166	0.155502025061474	0.0570466665169527	59548865	60692446	0.378678396135592	5	2
11	367	10220	3919	-0.0710020666465844	0.125876800863363	102	-0.0913728508255007	0.125876800863363	60694114	69117454	0.168918131131131	5	1
11	368	242	133	0.941706628081435	2.23404046131775	247	0.941706628081435	2.23404046131775	69117810	69281837	0.394750142385585	10	1
11	369	333	148	-0.0642735430930607	0.196583852037533	116	-0.0420747881588352	0.18013793641242	69282857	69539716	0.185840226760653	5	1
11	370	1607	693	0.732487392442688	1.88673332865471	236	0.737782808042488	2.1294438634743	69540309	70793961	0.394750142385585	8	1
11	371	1209	596	0.996765930166416	2.32185985669428	248	0.996765930166416	2.32185985669428	70794442	71788579	0.394750142385585	10	1
11	372	602	426	0.784954060538826	1.15295073124819	241	0.78865986894782	1.15295073124819	71789032	72155688	0.394750142385585	8	1
11	373	77	17	0.439420655100457	1.20741174546783	212	0.440544950101047	1.05413851367879	72156021	72225619	0.394750142385585	6	1
11	374	3439	1215	0.0560765054322724	0.0803846481285792	136	0.0642005098536945	0.0735358707907131	72226639	75131582	0.365194103063098	4	2
11	375	5373	1787	0.358890427185885	0.518324040249641	204	0.344213831025639	0.518324040249641	75132587	79712439	0.394750142385585	6	1
11	376	6120	2556	0.571809374178817	0.523234828508927	225	0.568264927198412	0.514202459607021	79713459	84661751	0.394750142385585	7	2
11	377	1650	16	0.75339054103049	0.974707409783236	240	0.737782808042488	NA	84662453	86422572	0.394750142385585	8	1
11	378	4068	1802	0.569065792497115	0.496108818116721	225	0.568264927198412	0.514202459607021	86423592	89736863	0.394750142385585	7	2
11	379	7002	3102	0.33832761788483	0.270203103991661	202	0.344213831025639	0.264760733739174	89737118	95555062	0.394750142385585	5	1
11	380	1060	475	0.614680782352221	0.266408363166076	229	0.612131880574887	0.28135559983736	95555375	96395676	0.394750142385585	7	2
11	381	11395	4914	0.386847151967484	0.255257034411134	202	0.344213831025639	0.264760733739174	96396647	105647198	0.394750142385585	6	2
11	382	3054	1280	0.144585945006027	0.06006497707851	166	0.155502025061474	0.0570466665169527	105648876	108144072	0.378678396135592	5	2
11	383	1041	499	0.445778019775219	0.44150644600391	215	0.440544950101047	0.44150644600391	108144510	108941595	0.394750142385585	6	2
11	384	67	48	-0.227807997282526	0.127651828289967	63	-0.243429358193618	0.0813613556453235	108942615	108983723	0.332125400428694	3	1
11	385	3826	1313	0.0406187203806324	-0.00695551152550943	143	0.0642005098536945	-0.00510033995648441	108985018	112249634	0.371581946285424	4	2
11	386	3683	1561	-0.172037848397289	-0.00441760631179452	71	-0.190649899888965	-0.0286803520013576	112250654	115180972	0.147385821163206	4	2
11	387	1024	336	0.0279283688531254	0.0132457238815166	137	0.0642005098536945	0.0129716787558708	115181992	116065984	0.197677472137445	6	3
11	388	6428	3018	-0.337527408882711	0.302912232908843	37	-0.360385229287395	0.324338607002308	116067004	120979824	0.277974686951333	2	0
11	389	1820	615	-0.0506015185076215	0.379037368833609	114	-0.0420747881588352	0.389747358033985	120980512	122543048	0.397303231986469	4	1
11	390	1064	542	-0.269836865216227	0.325426892447181	50	-0.292463973388482	0.325098430869487	122544255	123333099	0.204247180623651	3	0
11	391	4777	1995	0.136742824426841	1.06349396958885	165	0.155502025061474	1.11606283824839	123334370	127165396	0.308066815640568	5	0
11	392	2639	1112	0.344277962286429	0.986060120191213	206	0.344213831025639	0.986060120191213	127166416	129294315	0.394750142385585	5	1
11	393	4113	2007	0.156370238600781	1.16501647875371	165	0.155502025061474	1.11606283824839	129295335	132397169	0.308066815640568	5	0
11	394	3653	1871	-0.283710597606646	0.46378648387342	52	-0.292463973388482	0.462655515623012	132398424	135075816	0.245721075601239	3	0
12	395	841	526	-0.146105077494167	0.0842627720793067	88	-0.133257403057024	0.0778588892967488	12423	596959	0.397303231986469	3	1
12	396	1496	686	0.159257304771441	0.0411438714292137	166	0.155502025061474	0.0570466665169527	597401	1783650	0.378678396135592	5	2
12	397	2435	1140	-0.193929297283331	0.0467875836010367	75	-0.190649899888965	0.0668679966496315	1784484	3640076	0.312829884892195	3	1
12	398	9596	4425	-0.0602777021221099	0.0260457349248318	112	-0.0420747881588352	0.0400844954604013	3641096	11200849	0.290999731803531	5	2
12	399	3852	1498	-0.20030034584884	-0.0819940815212299	79	-0.190649899888965	-0.0818799815667521	11201878	14361775	0.164857700873276	4	2
12	400	115	7	0.287107656178555	-0.137941293145657	195	0.257760164787707	NA	14362795	14480113	0.394750142385585	5	NA
12	401	1433	668	0.0633346976328488	-0.0732009965709003	134	0.0642005098536945	-0.0790138643627453	14481133	15596312	0.384967716540475	4	2
12	402	2654	1124	0.256744063312248	0.0921185338587265	185	0.257760164787707	0.0850893674706582	15597332	17765708	0.394750142385585	5	2
12	403	7486	3525	-0.0490288805946351	-0.0872047891103004	109	-0.0420747881588352	-0.0868933333520168	17766728	23729911	0.275462094446877	4	2
12	404	7579	3637	0.207317456527708	0.0397118300096947	174	0.199324842409887	0.0457082854086164	23730801	29582341	0.359581103465401	5	2
12	405	6274	3285	-0.0278808421528022	-0.0101270990847662	117	-0.0420747881588352	-0.0152903591481378	29583361	34290137	0.272911386513402	4	2
12	406	193	147	-0.81131546436417	-0.0930515523638655	2	-0.81131546436417	-0.0930515523638655	34290679	34407172	0.259667161246753	0	0
12	407	2562	1860	-0.0206803722567525	0.10233753547925	112	-0.0420747881588352	0.0400844954604013	34408216	38231838	0.290999731803531	5	2
12	408	12412	5580	0.148608906783384	0.0045133152115558	160	0.155502025061474	-0.00380358070486707	38232206	48199797	0.397303231986469	4	2
12	409	11608	4541	-0.303365750599535	-0.0858906482482809	47	-0.292463973388482	-0.0858906482482809	48200562	57735517	1	2	1
12	410	9770	3509	0.0727523469495649	-0.0335150030901264	132	0.0642005098536945	-0.0415966237331755	57736537	66109837	0.396810865562212	4	2
12	411	31399	11877	0.251816255509727	-0.0722649865433754	184	0.257760164787707	-0.0740330283209627	66110877	92865477	0.394750142385585	5	3
12	412	18187	8208	0.0632412586388323	-0.0823422791090821	134	0.0642005098536945	-0.0790138643627453	92865958	107169106	0.384967716540475	4	2
12	413	10367	3487	-0.172065364149592	-0.0854278009571833	73	-0.190649899888965	-0.0763893829299674	107170126	115956475	0.15118001349796	4	2
12	414	414	156	0.281898282223188	-0.0907370792219726	194	0.257760164787707	-0.0858647027467704	115956916	116295548	0.394750142385585	5	3
12	415	5484	2461	-0.169213308242506	-0.0817728962994475	79	-0.190649899888965	-0.0818799815667521	116296005	120556672	0.164857700873276	4	2
12	416	12471	6157	-0.363026299010646	0.00168153141060775	35	-0.360385229287395	0.00168153141060775	120557016	129994351	1	2	1
12	417	3829	2213	-0.584029972711358	0.0181236457220914	10	-0.58756785355326	0.0591098646794658	129995085	132655543	0.253797402509906	1	0
12	418	525	294	-0.442798943791502	-0.030240361384954	22	-0.445887227719419	0.0959737482200309	132656563	133031084	1	2	1
12	419	338	223	-0.180041214378764	0.0230788725426095	69	-0.190649899888965	0.0398274816126907	133031854	133264518	0.342845842167551	3	1
13	420	1566	1263	-0.228625917614755	0.569086951261013	66	-0.243429358193618	0.569086951261013	16000535	18342202	0.274133630939574	3	0
13	421	2526	1194	-0.0281531242356521	-0.027566235908666	118	-0.0420747881588352	-0.0380846662188202	18345090	20422529	0.281328080844665	4	2
13	422	571	235	0.390996131396463	-0.055364752736113	199	0.344213831025639	-0.063831038321081	20423549	20884427	0.394750142385585	6	3
13	423	743	426	0.047796178405539	-0.029805342625758	143	0.0642005098536945	-0.00510033995648441	20885447	21413284	0.371581946285424	4	2
13	424	13354	5922	-0.238869180535962	0.312378519617502	60	-0.243429358193618	0.315239934414562	21414262	31902221	0.235878780359363	3	0
13	425	1015	311	-0.00726708617697736	0.334164109347918	126	0.00306912308072727	0.374996069874225	31903069	32783894	0.397303231986469	4	1
13	426	27660	11116	-0.08104890057398	0.354879895844451	96	-0.0913728508255007	0.343827887911831	32784914	55663856	0.397303231986469	4	1
13	427	16246	7056	0.00869090144648743	0.383837448880171	126	0.00306912308072727	0.374996069874225	55664881	69396504	0.397303231986469	4	1
13	428	30876	13879	-0.122628228851738	0.226346501034852	83	-0.133257403057024	0.218173699614174	69398560	94635738	0.397303231986469	3	1
13	429	1241	606	-0.409044936321851	0.22926401665106	30	-0.405484191813255	0.253237230921391	94636200	95582105	0.247085540226065	2	0
13	430	2326	764	0.255771357087254	-0.0616415757063425	184	0.257760164787707	-0.0740330283209627	95583125	97585833	0.394750142385585	5	3
13	431	7517	3281	-0.107568883903884	-0.0781377979611782	97	-0.0913728508255007	-0.0812471363704222	97586853	103550224	0.240029333754364	4	2
13	432	7039	3367	0.055009520459056	-0.0553009928889106	135	0.0642005098536945	-0.063136406339534	103551244	109060530	0.373081148714355	4	2
13	433	3034	1590	-0.159494337776595	-0.0608596159172745	92	-0.133257403057024	-0.0608596159172745	109061048	111305846	0.17099488336666	4	2
13	434	3727	1733	-0.471914963600274	-0.0668078761702844	24	-0.445887227719419	-0.0738564598557454	111306319	114353439	1	2	1
14	435	1578	1090	-0.211042239194874	0.439285899295787	72	-0.190649899888965	0.346288436790676	16023334	19956147	0.302607173031649	3	0
14	436	3618	1926	0.0552046652615251	-0.00892769638969755	143	0.0642005098536945	-0.00510033995648441	19956435	22625217	0.371581946285424	4	2
14	437	2474	1042	-0.100950735561684	-0.00190674924744289	100	-0.0913728508255007	-0.0031852764243689	22626237	24618166	0.224997455482764	4	2
14	438	27349	11823	0.112671982699194	-0.00794471508170451	149	0.107871207251593	0.00835474942035613	24619186	46912016	0.397303231986469	4	2
14	439	26855	12418	-0.145498512797843	0.297495156128733	84	-0.133257403057024	0.297497639750552	46913036	67936963	0.397303231986469	3	1
14	440	852	471	0.149346808336533	0.325616721914709	168	0.155502025061474	0.325616721914709	67937983	68549650	0.397303231986469	4	1
14	441	362	91	-0.0541133443775479	0.34732297491964	111	-0.0420747881588352	0.347591471389759	68550152	68872544	0.397303231986469	4	1
14	442	9058	3723	-0.250763035583582	0.325931041898558	58	-0.243429358193618	0.361280993015858	68873029	76224659	0.215889111732895	3	0
14	443	1394	679	-0.504894529145229	0.236084113423379	17	-0.520131966626586	0.262463548549236	76225679	77283714	0.251371711666744	2	0
14	444	1999	1190	-0.304701856531332	0.32260889063838	50	-0.292463973388482	0.325098430869487	77284355	78648099	0.204247180623651	3	0
14	445	135	28	-0.150619587142958	0.409329454907747	91	-0.133257403057024	0.423749347937947	78649119	78768584	0.397303231986469	3	1
14	446	11194	5301	-0.0666161441373481	0.315556751047022	115	-0.0420747881588352	0.31660583330314	78769604	87544649	0.378036363693234	4	1
14	447	3248	1463	-0.212868387562844	0.295249723365455	70	-0.190649899888965	0.313509039232806	87545669	90043918	0.397303231986469	3	1
14	448	8422	4370	-0.338593677884942	0.310845490471559	37	-0.360385229287395	0.324338607002308	90044938	96252238	0.277974686951333	2	0
14	449	5725	2875	-0.137955728159421	0.528767266749115	90	-0.133257403057024	0.533846540665846	96253258	100524426	0.383630373570009	3	0
14	450	1349	503	-0.401563997732409	0.40360205332242	33	-0.405484191813255	0.40360205332242	100525030	101633791	0.30737905723374	2	0
14	451	2895	1019	-0.113804869162897	0.727197983579178	106	-0.0913728508255007	0.76557635203857	101634825	104064614	0.397303231986469	3	0
14	452	3584	1647	-0.458595832390926	0.396733103058034	27	-0.445887227719419	0.396733103058034	104065377	106882832	0.304961562459588	2	0
15	453	679	370	0.492070930717994	0.978438245093633	222	0.495733022802829	0.978438245093633	17000753	20214725	0.394750142385585	6	1
15	454	1144	868	-0.468437503819848	0.60170653736604	29	-0.445887227719419	0.60170653736604	20215099	22263514	0.370350241493056	2	0
15	455	71	51	-0.077665110729912	1.76475973024878	107	-0.0913728508255007	1.81882248413976	22264403	22364278	0.397303231986469	3	0
15	456	11796	5577	-0.588421039852179	0.0718169716766886	10	-0.58756785355326	0.0591098646794658	22364565	32502791	0.253797402509906	1	0
15	457	9780	4572	-0.346881482824978	0.0642528610875292	39	-0.360385229287395	0.0615455312129858	32503811	40233740	1	2	1
15	458	6440	2160	-0.544301687551822	0.0424712331538486	16	-0.520131966626586	0.0475735242955788	40234760	45879194	0.198390927429301	1	0
15	459	5262	1810	-0.320769056437643	0.0740027086652087	48	-0.292463973388482	0.0944653397926307	45880004	50421507	0.120683144919469	5	1
15	460	396	48	0.22731646469272	1.11034875767087	175	0.199324842409887	1.12192650478134	50422527	50817153	0.394750142385585	5	1
15	461	2645	1449	-0.376464424317666	0.0510949092779432	39	-0.360385229287395	0.0615455312129858	50817443	52733495	1	2	1
15	462	658	332	-0.513500318098988	0.0454396104852621	16	-0.520131966626586	0.0475735242955788	52733951	53226860	0.198390927429301	1	0
15	463	3060	1792	-0.182838671036983	0.250641539884531	77	-0.190649899888965	0.263694513039865	53227880	55388915	0.223960349331928	5	1
15	464	2671	968	-0.36473652654094	0.0634766870049729	39	-0.360385229287395	0.0615455312129858	55389935	57666781	1	2	1
15	465	8948	3993	-0.194676450015092	0.270116829062497	77	-0.190649899888965	0.263694513039865	57667140	64713663	0.223960349331928	5	1
15	466	8671	3389	-0.30400158502112	0.269452812126993	44	-0.292463973388482	0.34148406167956	64714092	71822889	0.209890626167979	3	0
15	467	1716	672	-0.180208035991548	0.312435551475168	70	-0.190649899888965	0.313509039232806	71823392	73287120	0.397303231986469	3	1
15	468	3367	1133	-0.428646126723664	0.238277316802839	23	-0.445887227719419	0.258197063644182	73287694	76214865	0.249299801220957	2	0
15	469	1254	123	-0.132463700125535	0.319026768174596	85	-0.133257403057024	0.339525129921702	76215497	77497370	0.396290102238846	4	1
15	470	2429	1308	-0.49662699476315	0.321162017958008	17	-0.520131966626586	0.262463548549236	77498390	79252562	0.251371711666744	2	0
15	471	18217	8463	-0.248283472094879	0.346014745786869	58	-0.243429358193618	0.361280993015858	79253160	93784016	0.215889111732895	3	0
15	472	5088	2409	-0.0980040381881296	0.351707693886058	96	-0.0913728508255007	0.343827887911831	93784592	97792223	0.397303231986469	4	1
15	473	5661	2953	-0.258247532132268	0.366479768310017	58	-0.243429358193618	0.361280993015858	97793243	101976651	0.215889111732895	3	0
16	474	301	132	-0.571133149954251	0.139721786535229	12	-0.58756785355326	0.255982384227624	10830	255269	0.397303231986469	1	0
16	475	1684	848	-0.764568974926973	0.209281688352136	4	-0.753716614414439	0.209281688352136	255829	1509781	0.397303231986469	1	0
16	476	3757	1887	-0.470396989545056	0.257377262261076	23	-0.445887227719419	0.258197063644182	1510801	4365695	0.249299801220957	2	0
16	477	36694	16563	-0.169284232023012	0.0413091675046515	69	-0.190649899888965	0.0398274816126907	4366316	46381584	0.342845842167551	3	1
16	478	4831	1375	-0.468291642219817	0.21822799786757	21	-0.445887227719419	0.183433412145147	46381980	50665996	0.21153459393864	2	0
16	479	4496	2089	-0.128979370100766	0.42109238822171	91	-0.133257403057024	0.423749347937947	50667016	54115771	0.397303231986469	3	1
16	480	6108	2758	-0.370436111483707	0.313162618868381	37	-0.360385229287395	0.324338607002308	54116791	58874444	0.277974686951333	2	0
16	481	7814	2972	-0.0921298357238481	0.324948446235369	96	-0.0913728508255007	0.343827887911831	58875464	65465183	0.397303231986469	4	1
16	482	4246	877	-0.352026505222026	0.323164956179534	37	-0.360385229287395	0.324338607002308	65465476	69419701	0.277974686951333	2	0
16	483	1433	644	-0.084517205550716	0.82347202272929	106	-0.0913728508255007	0.76557635203857	69420831	70592401	0.397303231986469	3	0
16	484	1978	841	-0.333892040011904	0.333279692286059	37	-0.360385229287395	0.324338607002308	70593045	72232894	0.277974686951333	2	0
16	485	535	32	0.0756022795823461	0.106944263967436	145	0.0642005098536945	0.0926228494706253	72233914	72789985	0.219987436581899	6	2
16	486	3886	1724	-0.116658671007131	-0.0240529549821692	100	-0.0913728508255007	-0.0031852764243689	72791005	75894749	0.224997455482764	4	2
16	487	1946	1035	0.0909300989170081	-0.0103441587388342	143	0.0642005098536945	-0.00510033995648441	75895701	77347984	0.371581946285424	4	2
16	488	929	515	-0.0819666124803409	0.0137869603628979	100	-0.0913728508255007	-0.0031852764243689	77348623	78015067	0.224997455482764	4	2
16	489	7630	4289	0.103011126162105	0.164992848562317	152	0.107871207251593	0.164992848562317	78015568	83429743	0.397303231986469	4	1
16	490	9543	5599	-0.0721749441514568	0.246224945823269	98	-0.0913728508255007	0.27109579618081	83430059	90020376	0.397303231986469	3	1
16	491	149	28	0.161215127669126	0.728323935370419	162	0.155502025061474	0.680139638247408	90021396	90226125	0.397303231986469	5	1
17	492	10	7	0.770601323633342	0.624258077023438	240	0.737782808042488	NA	104095	134650	0.394750142385585	8	NA
17	493	11942	5866	-0.254928480811475	0.525023595424689	61	-0.243429358193618	0.546414112704569	135016	9217383	0.267796871962323	3	0
17	494	9652	4417	0.0412009234449697	0.832213737236961	138	0.0642005098536945	0.80777052572855	9218403	16776581	0.23823967903258	5	0
17	495	9287	4449	-0.131664123216023	0.645367295291887	87	-0.133257403057024	0.647821814462488	16777893	27999168	0.392683611069627	3	0
17	496	3783	1101	0.0377989119741498	0.714106919513582	138	0.0642005098536945	0.80777052572855	28000188	31383624	0.23823967903258	5	0
17	497	6818	2862	-0.316986890461705	0.33993918751423	50	-0.292463973388482	0.325098430869487	31384644	36945119	0.204247180623651	3	0
17	498	846	300	-0.0131951749232574	0.510398855278631	119	-0.0420747881588352	0.467543109453728	36946139	37667713	0.397303231986469	4	1
17	499	14936	5334	-0.351630297540191	0.34110619240162	37	-0.360385229287395	0.324338607002308	37668733	50840975	0.277974686951333	2	0
17	500	6252	2685	-0.0938825672132182	0.39626708715038	104	-0.0913728508255007	0.398949379219213	50841995	55899223	0.397303231986469	3	1
17	501	4285	1441	-0.242242037239468	0.366117689166877	58	-0.243429358193618	0.361280993015858	55900243	59556492	0.215889111732895	3	0
17	502	6184	1781	-0.0454588187469012	0.54144571567689	110	-0.0420747881588352	0.532415063627078	59557512	65129178	0.279439153570833	4	0
17	503	570	66	-0.281267935890599	0.474200247873794	53	-0.292463973388482	0.478107542403918	65130198	65688307	0.249754486391349	3	0
17	504	3970	1828	0.321612078285361	1.33702781488415	203	0.344213831025639	1.33702781488415	65689327	68794291	0.394750142385585	5	0
17	505	2234	1030	0.548263280075393	1.481717780214	227	0.568264927198412	1.481717780214	68795202	70589116	0.394750142385585	7	1
17	506	3372	1769	0.718453350132865	2.20807317982625	236	0.737782808042488	2.1294438634743	70590136	73092330	0.394750142385585	8	1
17	507	312	105	0.540846274294767	1.88478483471366	228	0.568264927198412	1.88478483471366	73094370	73361207	0.394750142385585	7	1
17	508	7541	3591	0.278989565015798	1.59071317131376	189	0.257760164787707	1.59071317131376	73361906	79091917	0.394750142385585	5	0
17	509	1025	627	-0.160769104457669	1.22942924519454	94	-0.133257403057024	1.22942924519454	79092937	79771568	0.397303231986469	3	0
17	510	4262	1783	0.218388286154725	1.46170619076081	178	0.199324842409887	1.46170619076081	79772372	83233421	0.341449715661313	5	0
18	511	6191	3230	0.0937466591251441	0.0271989162015228	137	0.0642005098536945	0.0129716787558708	12303	4642251	0.197677472137445	6	3
18	512	15993	7540	-0.213507609553483	0.347821513840551	72	-0.190649899888965	0.346288436790676	4643271	22263467	0.302607173031649	3	0
18	513	18091	7342	-0.0220981211255806	0.03092090786079	112	-0.0420747881588352	0.0400844954604013	22264027	37216113	0.290999731803531	5	2
18	514	689	341	-0.517317561108997	-0.0074848592236358	16	-0.520131966626586	0.0475735242955788	37217133	37728710	0.198390927429301	1	0
18	515	1935	847	0.00190214945428457	0.0747251789086751	130	0.00306912308072727	0.0672479017117161	37730750	39298970	0.325536977149129	4	2
18	516	7427	3173	-0.186285673525152	-0.0814674212474875	73	-0.190649899888965	-0.0763893829299674	39299633	45381177	0.15118001349796	4	2
18	517	7914	3477	-0.440390876979153	-0.0799631159818186	20	-0.445887227719419	-0.0558459041185535	45382197	51724928	1	2	1
18	518	6772	3165	-0.215347292511787	-0.076595462875474	73	-0.190649899888965	-0.0763893829299674	51726172	57026920	0.15118001349796	4	2
18	519	4015	1946	-0.43172363027483	-0.0797093127679013	26	-0.445887227719419	-0.0817152578173237	57027999	60067932	1	2	1
18	520	17494	8596	-0.230257820488415	-0.084107148694341	57	-0.243429358193618	-0.0842442756026128	60068443	73748399	0.124737465509825	4	2
18	521	7928	4240	-0.374821300412629	-0.02376425812988	40	-0.360385229287395	-0.0429887793698852	73749757	79504539	1	2	1
18	522	11	9	-0.237120364477697	-0.289606648225119	68	-0.243429358193618	NA	79504829	79510698	NA	3	NA
18	523	1126	720	0.0805915326271828	0.646553559691342	144	0.0642005098536945	0.639586324826522	79511138	80262600	0.397303231986469	4	1
19	524	50	16	-0.114948795221077	0.496110462902652	104	-0.0913728508255007	0.398949379219213	60668	254448	0.397303231986469	3	1
19	525	4440	2470	-0.609319158427166	0.276308501424386	13	-0.58756785355326	0.319686968744909	255096	3394654	0.397303231986469	1	0
19	526	7396	3553	-0.384502556406133	-0.0742623399741054	40	-0.360385229287395	-0.0429887793698852	3395674	9109610	1	2	1
19	527	13470	5822	-0.283455198806356	-0.0771008420436393	46	-0.292463973388482	-0.0777166872979507	9109860	19775692	1	2	1
19	528	140	15	0.115342167815557	-0.0750595883004962	151	0.107871207251593	-0.0710620054952308	19776712	19918818	0.397303231986469	4	2
19	529	3568	1567	-0.0772274992955282	-0.00940400802132846	99	-0.0913728508255007	-0.0259557307871404	19919838	22811602	0.228549717596634	4	2
19	530	2649	1255	0.109513525495129	0.181884295963521	158	0.107871207251593	0.181884295963521	22812622	27652306	0.397303231986469	4	1
19	531	20359	9014	-0.208342084257813	-0.0357077830143088	71	-0.190649899888965	-0.0286803520013576	27653326	43722277	0.147385821163206	4	2
19	532	1081	585	0.0519227039191095	0.2033662130033	142	0.0642005098536945	0.296601305135322	43723303	44508234	0.245098226506982	5	1
19	533	17544	7238	-0.372624179743046	0.0715794090855528	34	-0.360385229287395	0.0715794090855528	44509254	58606453	1	2	1
20	534	10	8	0.00652564504970748	0.452404367369695	131	0.00306912308072727	NA	61288	67932	0.349264736748291	4	NA
20	535	8129	4084	0.0716934656704594	-0.0712431754720447	141	0.0642005098536945	-0.0712431754720447	68952	6200236	0.381025792301813	4	2
20	536	12629	5616	0.285633012335902	-0.0761276793381849	184	0.257760164787707	-0.0740330283209627	6200417	16181536	0.394750142385585	5	3
20	537	10670	4959	0.102401146424199	-0.07078578344489	151	0.107871207251593	-0.0710620054952308	16181999	24410074	0.397303231986469	4	2
20	538	5966	3793	0.034817463412862	0.401376710960359	142	0.0642005098536945	0.296601305135322	24411094	31076180	0.245098226506982	5	1
20	539	14517	5424	-0.110869024054983	-0.0404528086838973	99	-0.0913728508255007	-0.0259557307871404	31077206	43186101	0.228549717596634	4	2
20	540	1946	652	-0.30159244603075	-0.042546533836224	49	-0.292463973388482	-0.0546353488221853	43187121	44857382	1	2	1
20	541	5266	2466	-0.0711337110300985	0.0373023733829535	103	-0.0913728508255007	0.0578472996761607	44858402	48908658	0.397303231986469	3	1
20	542	2236	1061	0.0485623291442203	0.120602207681292	142	0.0642005098536945	0.296601305135322	48908981	50590053	0.245098226506982	5	1
20	543	2215	1067	-0.0886936772731119	0.0373665539065595	103	-0.0913728508255007	0.0578472996761607	50591087	52262028	0.397303231986469	3	1
20	544	5413	2421	0.099673560271507	0.242153782310134	156	0.107871207251593	0.242153782310134	52263048	56515361	0.397303231986469	4	1
20	545	1006	474	-0.335155860630193	0.349698602202078	43	-0.360385229287395	0.343961024764729	56516385	57286707	0.285857712465774	2	0
20	546	4885	2230	-0.146741713713362	0.322803919782314	85	-0.133257403057024	0.339525129921702	57287727	61037213	0.396290102238846	4	1
20	547	4513	2492	-0.431149309887206	0.261652545025528	23	-0.445887227719419	0.258197063644182	61037483	64244330	0.249299801220957	2	0
20	548	87	23	-0.182059811106417	0.249408651832998	76	-0.190649899888965	0.208651748537056	64245350	64333013	0.397303231986469	3	1
21	549	2771	2280	-0.0604250012358878	0.528418885456216	120	-0.0420747881588352	0.528418885456216	5032023	10633425	0.242774161984782	4	0
21	550	1799	1279	-0.255997927872181	0.442265871691229	58	-0.243429358193618	0.361280993015858	10633766	14109687	0.215889111732895	3	0
21	551	21145	10105	-0.0431581518130167	0.343982227426412	111	-0.0420747881588352	0.347591471389759	14110707	30813232	0.397303231986469	4	1
21	552	3060	1408	-0.31037559573501	0.320848001152405	50	-0.292463973388482	0.325098430869487	30814252	33204100	0.204247180623651	3	0
21	553	2996	1055	-0.0334873399667376	0.34589834538924	111	-0.0420747881588352	0.347591471389759	33205120	35835714	0.397303231986469	4	1
21	554	7841	4072	0.114845080952917	-0.0747787979320007	151	0.107871207251593	-0.0710620054952308	35836734	41597437	0.397303231986469	4	2
21	555	6348	3640	-0.140060919194617	-0.0451278942055646	89	-0.133257403057024	-0.0271314389287511	41597870	46479628	0.183707575665024	4	2
21	556	260	121	0.216439542266511	-0.0385873580653319	170	0.199324842409887	-0.00284713744691835	46480073	46697396	0.252630915668157	6	3
22	557	768	690	0.048683985228896	0.537677645968694	146	0.0642005098536945	0.537677645968694	10557811	11377358	0.397303231986469	4	1
22	558	947	821	-0.686917038725966	0.39092967973746	7	-0.707929736107824	0.39092967973746	11428875	12224694	0.397303231986469	1	0
22	559	808	716	0.0581542935893259	0.40317408326735	142	0.0642005098536945	0.296601305135322	12276313	15209304	0.245098226506982	5	1
22	560	7453	3710	-0.709775814437205	0.148394516426072	5	-0.707929736107824	0.148321466891683	15220904	22375100	0.397303231986469	1	0
22	561	2176	816	-0.123061962376118	0.324749378414464	85	-0.133257403057024	0.339525129921702	22375512	24195296	0.396290102238846	4	1
22	562	1209	490	0.758620110809199	0.274553740342221	237	0.737782808042488	0.274553740342221	24196316	25163180	0.394750142385585	8	3
22	563	3594	1807	-0.228358446466479	0.608146992846694	61	-0.243429358193618	0.546414112704569	25164233	27846431	0.267796871962323	3	0
22	564	941	31	0.068151178779674	0.563131078159981	144	0.0642005098536945	0.639586324826522	27847451	28827526	0.397303231986469	4	1
22	565	212	3	-0.0772607582359598	0.382791388168388	108	-0.0913728508255007	NA	28828652	29047472	0.397303231986469	3	NA
22	566	1283	291	0.744888073134046	0.126766366099741	239	0.737782808042488	0.126766366099741	29048492	30210252	0.394750142385585	8	3
22	567	499	273	0.261445028670673	-0.0813556547654073	194	0.257760164787707	-0.0858647027467704	30210997	30573025	0.394750142385585	5	3
22	568	2347	1147	0.840654917243761	0.30913255051215	244	0.845830524302323	0.30913255051215	30574045	32341024	0.394750142385585	9	3
22	569	1718	828	0.380671737527663	-0.0816858365890249	200	0.344213831025639	-0.0797709535447728	32342044	33654994	0.394750142385585	6	3
22	570	3758	1755	-0.088707355346187	0.639063511134221	105	-0.0913728508255007	0.638689338295912	33655533	36538360	0.397303231986469	3	0
22	571	4141	1861	-0.304856940444073	0.477345591983904	53	-0.292463973388482	0.478107542403918	36539380	39728429	0.249754486391349	3	0
22	572	1153	26	-0.0220990664069008	0.750204815336828	122	-0.0420747881588352	0.773532420457207	39729449	40937068	0.397303231986469	3	0
22	573	2215	587	-0.303666014213647	0.480883043427269	53	-0.292463973388482	0.478107542403918	40938088	42897117	0.249754486391349	3	0
22	574	730	388	0.0432724525925849	1.4199595216968	148	0.0642005098536945	1.4199595216968	42898137	43434925	0.364313755340015	4	0
22	575	2341	1279	-0.510729289238017	0.439700419733995	18	-0.520131966626586	0.439700419733995	43435263	45115058	0.319959109330373	2	0
22	576	4088	2058	-0.343998735754843	0.472022967188043	41	-0.360385229287395	0.467438059790432	45116078	48136135	0.329511162235981	2	0
22	577	2329	1277	-0.59077081729403	0.385150332104958	13	-0.58756785355326	0.319686968744909	48137155	49799689	0.397303231986469	1	0
22	578	234	164	-0.201173489856799	0.582144762598334	78	-0.190649899888965	0.572518149402208	49800017	49946161	0.308798032104896	3	0
22	579	706	309	0.636498140062585	0.394659767631239	231	0.612131880574887	0.48320169920487	49946386	50491999	0.394750142385585	7	2
22	580	389	182	-0.293465881297624	0.454532008172116	52	-0.292463973388482	0.462655515623012	50493180	50807824	0.245721075601239	3	0
23	581	19	6	-0.507832842580234	-0.0585959869775889	19	-0.520131966626586	NA	13522	245929	NA	2	NA
23	582	2028	1365	-0.0382220244774168	0.411441077787722	119	-0.0420747881588352	0.467543109453728	246347	1605892	0.397303231986469	4	1
23	583	2775	1413	-0.196853754608852	0.0233630968340792	69	-0.190649899888965	0.0398274816126907	1606241	3989136	0.342845842167551	3	1
23	584	6222	2478	-0.00237076969303967	-0.0268554521864907	128	0.00306912308072727	-0.0322828552765495	3989759	9186344	0.323934248622814	4	2
23	585	1355	575	-0.215795798495422	-0.0159173180325097	71	-0.190649899888965	-0.0286803520013576	9187364	10267209	0.147385821163206	4	2
23	586	11961	2903	0.0380299853918778	-0.00485513323035869	143	0.0642005098536945	-0.00510033995648441	10267860	21152436	0.371581946285424	4	2
23	587	11208	3409	0.19282985285644	-0.0753580102123849	171	0.199324842409887	-0.075230554320216	21153456	31117399	0.346517422178382	5	2
23	588	2753	1062	0.322421451966487	-0.0816794217561951	200	0.344213831025639	-0.0797709535447728	31117748	33413550	0.394750142385585	5	3
23	589	5781	1529	0.186615272267122	-0.0808940580418442	171	0.199324842409887	-0.075230554320216	33414314	38973292	0.346517422178382	5	2
23	590	8375	2390	-0.0254910740758816	-0.0426868579442174	118	-0.0420747881588352	-0.0380846662188202	38974310	46396866	0.281328080844665	4	2
23	591	8778	2457	-0.293410080340716	-0.0565274263773354	49	-0.292463973388482	-0.0546353488221853	46397886	54970451	1	2	1
23	592	4414	2017	0.0684953648732909	-0.0739725430017155	134	0.0642005098536945	-0.0790138643627453	54971436	58537247	0.384967716540475	4	2
23	593	38	22	-0.155924932241459	0.298998074889784	84	-0.133257403057024	0.297497639750552	58538345	60597781	0.397303231986469	3	1
23	594	1559	243	-0.325560450947604	0.206392129553079	45	-0.292463973388482	0.22197102897683	60633340	64095073	0.167432948231622	3	0
23	595	12010	2784	-0.503836134250407	0.0503546830664775	16	-0.520131966626586	0.0475735242955788	64096093	75576796	0.198390927429301	1	0
23	596	14769	5154	-0.373431298113686	0.0756798649336723	38	-0.360385229287395	0.0760189689341568	75577816	88400356	1	2	1
23	597	20	11	-0.161796855644501	-0.0939725509831714	95	-0.133257403057024	NA	88400452	88413953	0.141297781005612	3	NA
23	598	2765	1083	0.107487730014479	0.0228942428495863	149	0.107871207251593	0.00835474942035613	88414831	90924379	0.397303231986469	4	2
23	599	1678	963	-0.199042327960045	-0.0640049795343794	74	-0.190649899888965	-0.0559760672329635	90925399	92222304	0.152909390736083	4	2
23	600	7849	1874	-0.108203741127243	-0.0745281770917388	97	-0.0913728508255007	-0.0812471363704222	92223405	99618702	0.240029333754364	4	2
23	601	19774	4334	-0.202951500221246	-0.0654425342168068	73	-0.190649899888965	-0.0763893829299674	99619722	118688634	0.15118001349796	4	2
23	602	1706	584	-0.39968963677869	-0.0887507491788071	32	-0.405484191813255	-0.0887507491788071	118689654	120218281	1	2	1
23	603	24598	5186	-0.190718514798949	-0.0644830567037697	74	-0.190649899888965	-0.0559760672329635	120219301	143864623	0.152909390736083	4	2
23	604	1739	667	0.118407495664958	-0.0262406494479639	155	0.107871207251593	-0.0394918874088846	143865643	145484188	0.397303231986469	4	2
23	605	4904	1121	-0.187394649149765	-0.0573837330242721	73	-0.190649899888965	-0.0763893829299674	145485208	150149286	0.15118001349796	4	2
23	606	85	9	-0.602146912895341	0.199532899418621	14	-0.58756785355326	NA	150150312	150234682	0.216082733634818	1	0
23	607	3499	1208	-0.34302209861297	-0.0774890914441316	42	-0.360385229287395	-0.075613618583798	150235702	153373286	1	2	1
23	608	1265	407	-0.660644526501837	-0.0869776307867084	9	-0.639063675241327	-0.0437512228403611	153373756	154676940	0.166433482361936	0	0
23	609	1511	629	-0.192781808907976	-0.0296406213495591	74	-0.190649899888965	-0.0559760672329635	154677960	156030097	0.152909390736083	4	2
