group,luminal,luminal,myoepi,myoepi,tumor,tumor
lib,KH022-1,KH022-1-1,KH022-1,KH022-1-1,KH022-1,KH022-1-1
module,,,,,,
Basal / myoepithelial,0.025467749024240982,0.04016758958178312,0.5644523162649704,0.6783551510909449,0.02249130651919749,0.02953452425965368
Cancer-testis antigens,0.03268570607688523,0.028910479260797345,0.008707271634275213,0.009294048098859553,0.056230239640275674,0.055718822826508085
EMT / mesenchymal (M),0.11466097222614523,0.1312205027582673,0.13799599372664745,0.16708105954409516,0.10990311851694544,0.10940099674955803
HR / replication stress,0.203785190351638,0.19233871858436863,0.10584093861039248,0.10815203489764537,0.24108581346060884,0.2814747855294654
IFN-I / viral mimicry,0.05995529069823802,0.05637312423597554,0.09649612693115128,0.09964511592334048,0.0602822904422437,0.06363608516058916
IFN-gamma response,0.08960504286389269,0.09512399113150947,0.13350328045650356,0.14096741364933485,0.09328249182121581,0.09257542041813425
Immune checkpoint ligands,0.2058176010815707,0.2149115304335221,0.13890265172039423,0.13212041001326455,0.19026786559717693,0.21133373298277958
LAR (androgen),0.1829670137382884,0.2805463072507299,0.10403790433889085,0.07922180425007101,0.19339232118411687,0.2028454907230549
Luminal progenitor,0.5960310036606984,0.633466025559858,0.4766295023955834,0.4767040711421139,0.6945543271254191,0.7035367350444975
MHC class I / antigen processing,0.3992985857937103,0.395603664716934,0.4141299311380155,0.42068731028550954,0.34854632214961,0.3338286140024693
MHC class II,0.19272173447386595,0.1800695349499091,0.20241804462231788,0.21519842631438565,0.19170752127824864,0.17295160079845312
Mature luminal / hormone-sensing,0.1254728465842472,0.5235520522161776,0.17438860631748418,0.11292177055183919,0.0964155398558867,0.1027633374426982
Proliferation (BL1-like),0.17750554021206252,0.1610123603589153,0.12006910598631201,0.1310365246694023,0.15340174659456793,0.1815253691685147
