,mal_cpm,mal_det,lfc_vs_all_normal_cells,lfc_vs_luminal(mixed),lfc_vs_myoepi,x_vs_public_TNBC(log2),n_pub_exceeded,Protein class
LINC01208,697.7092678925808,0.7324727554866642,3.4210529037635857,1.3882398619003773,3.4911415736393785,,0.0,
CARD18,218.56579340389183,0.4541706811201657,3.2353075065616284,1.9367113560004063,3.1948875752447132,9.62037841611221,8.0,Predicted intracellular proteins
ENSG00000224326,151.86308994484557,0.4552659059124528,3.140191836250755,1.4448932253807956,3.506273710942928,,0.0,
ENSG00000283982,77.29095618645378,0.2913888872594811,3.0916501088340875,0.8246569970124339,2.7503938849758494,,0.0,
KBTBD12,359.7243293251762,0.7283750677629974,2.9315053322386335,0.8558876526811301,3.0014716895567113,6.938303400465223,8.0,Predicted intracellular proteins
PLEKHA7,758.3009447663956,0.9087030296720052,2.9261128131774594,0.935324306843042,2.3409063771648198,3.534468985848427,8.0,Predicted intracellular proteins
CAPN8,123.37379835355426,0.3751437443204953,2.9197152768607704,1.1829379111097809,2.393625377883552,3.567820412460278,5.0,"Enzymes, Predicted intracellular proteins"
LINC02568,60.51177760233004,0.2324404198886169,2.87450270958944,0.81297229266919,2.8016274342442338,,0.0,
ENSG00000240086,126.04308723255268,0.42153132886843,2.8711035844111628,0.9074708212384364,1.3652288789135498,,,
PLCH1,479.8964058949342,0.7495421567721692,2.8551291026628713,0.8063874278570667,2.6757462240343135,2.5093625124135768,7.0,"Disease related genes, Enzymes, Human disease related genes, Metabolic proteins, Potential drug targets, Predicted intracellular proteins"
SOX6,2199.3150270071665,0.977472738377882,2.809952206237411,0.9995239310348332,3.2748514594985356,4.793779822594827,8.0,"Disease related genes, Predicted intracellular proteins, Transcription factors"
LINC02713,151.89370483477165,0.4596951068394556,2.7775274116371587,0.9891736158814102,2.8454215445899784,,0.0,
ENSG00000286481,1092.0262237637833,0.8576665552151723,2.7493822687547858,0.9479244419570106,3.9502066789833763,,,
XDH,281.7730945239966,0.4790976266208737,2.736791056096289,0.8086318065566359,2.8244576600935165,3.567927141242947,7.0,"Disease related genes, Enzymes, FDA approved drug targets, Human disease related genes, Metabolic proteins, Plasma proteins, Predicted intracellular proteins"
ENSG00000290957,135.10889780847162,0.4589025058499814,2.7360957163553707,1.017345144992486,2.7484907222940382,,,
ENSG00000255580,59.04205697225045,0.2580792129275912,2.723796478022716,1.3759462559301874,2.8090723661874994,,0.0,
LINC01152,50.504295250778824,0.2271177617020403,2.7130993004289614,1.0664851397035804,2.115892357060118,,0.0,
NAALADL2,5173.234522694777,0.9933885617038,2.693247489527209,0.8570496987144967,2.5055522711543032,3.662062155268724,8.0,"Enzymes, Predicted intracellular proteins, Predicted membrane proteins"
ARHGEF26-AS1,234.01009330886723,0.6157315250817188,2.6509883261704084,0.9869396476493284,2.1017416800123723,,,
LINC01606,60.62625257226232,0.2590219495897069,2.604137568462208,1.0344534206429776,2.250152704766359,,0.0,
PRNCR1,56.84121643958527,0.2469537996894023,2.581528860121082,1.20714761244908,1.9549104557137198,,0.0,
ZIC1,214.69119817790164,0.6241465895109479,2.549806224612832,1.0914165572309262,2.9634163395154496,2.982258276943995,8.0,"Disease related genes, Human disease related genes, Predicted intracellular proteins, Transcription factors"
LDLRAD3,1826.5483427971392,0.9735181778365016,2.5115921908162275,1.062139222737863,2.851773177366976,4.823930261074234,8.0,Predicted membrane proteins
GLYATL1,51.28319982288947,0.2352164175383591,2.5096333378178564,1.16467548193758,2.0205704088237364,3.347742117134964,8.0,"Enzymes, Metabolic proteins, Predicted intracellular proteins"
ENSG00000287352,94.30195529765432,0.3062435444899212,2.4924211094310187,0.9974714502465292,2.9237714839600604,,,
ENSG00000255240,497.9251616318909,0.7838808326893099,2.4478408914255048,0.9646124067165605,2.539673046048829,,0.0,
SLC28A3,528.8303424114927,0.8080571059370896,2.3370890120063836,0.8949726402677526,2.5457150670934383,4.427830598430072,8.0,"Metabolic proteins, Predicted membrane proteins, Transporters"
PPP2R3A,738.5312073387802,0.9009926332028666,2.245884274395745,1.0900861778303714,1.2547783730948254,3.0052899202078684,8.0,Predicted intracellular proteins
MECOM,1091.452753985808,0.9161396917388536,2.2332975255578793,1.0014699503079525,3.341315867635811,5.6436963172248875,8.0,"Cancer-related genes, Disease related genes, Enzymes, Human disease related genes, Potential drug targets, Predicted intracellular proteins, Transcription factors"
KYNU,835.2756744197852,0.8220911343269137,2.225912788886331,0.8171325719458026,3.319002936085366,4.487522558407405,8.0,"Disease related genes, Enzymes, Human disease related genes, Metabolic proteins, Plasma proteins, Potential drug targets, Predicted intracellular proteins"
SMC1B,65.69263158823432,0.2124845165522578,2.191415545260311,1.006649992600588,1.838672994813875,1.391850013736133,5.0,Predicted intracellular proteins
FOLH1,152.7903850814082,0.4920831249728092,2.1649709200035523,1.1036484976682337,1.9154005627825945,4.387829111396862,8.0,"Cancer-related genes, Enzymes, FDA approved drug targets, Plasma proteins, Predicted intracellular proteins, Predicted membrane proteins"
ENSG00000250519,48.4229631675712,0.2031732391274912,2.117934147439135,1.2720753286670392,1.9386675586440227,,0.0,
SPTSSB,490.2341264425146,0.7932030230729035,2.0825363339238687,0.909454298659806,2.1032480230084056,4.3948568734091875,8.0,Predicted membrane proteins
KRTAP5-10,91.39463243865563,0.2039707222301248,2.081390727884993,1.5803256373334609,2.125769118559749,4.95946406617736,8.0,Predicted intracellular proteins
CADM1,994.61830077046,0.9244195540180464,2.077369109344752,0.8354832717809804,1.7082992844344018,1.988492016269028,7.0,"Human disease related genes, Plasma proteins, Predicted intracellular proteins, Predicted membrane proteins"
PPM1L,546.1626406200488,0.8319672826317022,2.011182990960505,1.009137706354663,2.52716840124972,2.2755520192002585,8.0,"Enzymes, Metabolic proteins, Predicted intracellular proteins, Predicted membrane proteins"
FMNL2,1900.840962556717,0.9327810312978282,1.9984975143063768,0.8051300840821826,2.741470517647337,3.521639410638809,8.0,Predicted intracellular proteins
FZD4-DT,72.85239158890093,0.3042795601869843,1.9454602888902857,1.018312420910115,2.322929185896583,,0.0,
GLYATL2,110.48859290480183,0.3462284667647244,1.7864550685918092,1.0788556162251737,1.3160356309381414,1.8522986137426116,8.0,"Enzymes, Metabolic proteins, Predicted intracellular proteins"
ENSG00000290762,52.666218918612834,0.2443263857013598,1.777276120412714,1.6473655057969443,1.289862241944542,,,
KIF18A,93.14058626676363,0.2329799636609469,1.741714460509061,1.2275288203280317,1.534927409741278,2.729793805375032,7.0,"Essential proteins, Predicted intracellular proteins"
ATP13A3-DT,54.26373694479973,0.2446192452778539,1.711336657328874,1.1475565624362265,2.0275262742725944,,0.0,
ENSG00000254604,84.89978354772094,0.3560646966148564,1.6597055136670211,0.8006225388019356,1.664666220519585,,0.0,
MSC-AS1,405.2699542754584,0.687212444145937,1.566902781540067,0.998863176737359,3.1656413680361553,,0.0,
ACADL,120.37271330076844,0.4098902080574542,1.548671833193234,0.8464451481591916,2.2658112976562634,6.5218555927333455,8.0,"Enzymes, Metabolic proteins, Predicted intracellular proteins"
