target_id,gene_symbol,quantification_symbol,display_name,patient_tpm,patient_protein_coding_percentile,tcga_brca_sample_count,tcga_brca_q1_tpm,tcga_brca_median_tpm,tcga_brca_q3_tpm,tcga_brca_p90_tpm,tcga_brca_p95_tpm,descriptive_patient_to_cohort_median_ratio,cohort_quantile_band,comparison_status,evidence_status,comparison_caveat
trop2,TACSTD2,TACSTD2,TROP-2,108.457065,95.19,1092,96.9713,159.2878,239.8925,352.3575,437.7299,0.6809,q1_to_median,directionally_comparable,partial_evidence,"Same GENCODE v23 feature model and TPM scale, but private Salmon and public Toil/RSEM quantifiers, library preparation, tumor composition, and batch differ; the band and ratio are descriptive, not an exact percentile."
her2,ERBB2,ERBB2,HER2,152.235804,96.76,1092,69.2494,111.7393,182.3406,426.604,1551.0542,1.3624,median_to_q3,directionally_comparable,partial_evidence,"Same GENCODE v23 feature model and TPM scale, but private Salmon and public Toil/RSEM quantifiers, library preparation, tumor composition, and batch differ; the band and ratio are descriptive, not an exact percentile."
her3,ERBB3,ERBB3,HER3,710.852868,99.55,1092,75.6874,114.9201,168.195,220.2953,253.4302,6.1856,at_or_above_p95,directionally_comparable,partial_evidence,"Same GENCODE v23 feature model and TPM scale, but private Salmon and public Toil/RSEM quantifiers, library preparation, tumor composition, and batch differ; the band and ratio are descriptive, not an exact percentile."
liv1,SLC39A6,SLC39A6,LIV-1,32.291756,79.55,1092,81.3873,253.5268,659.6231,1484.7955,2185.2409,0.1274,below_q1,directionally_comparable,partial_evidence,"Same GENCODE v23 feature model and TPM scale, but private Salmon and public Toil/RSEM quantifiers, library preparation, tumor composition, and batch differ; the band and ratio are descriptive, not an exact percentile."
nectin4,NECTIN4,PVRL4,Nectin-4,63.097322,90.48,1092,19.1056,29.3025,43.9021,64.0124,80.9491,2.1533,q3_to_p90,directionally_comparable,partial_evidence,"Same GENCODE v23 feature model and TPM scale, but private Salmon and public Toil/RSEM quantifiers, library preparation, tumor composition, and batch differ; the band and ratio are descriptive, not an exact percentile."
b7h3,CD276,CD276,B7-H3,91.473605,94.04,1092,69.7794,94.647,127.4015,159.874,185.9529,0.9665,q1_to_median,directionally_comparable,partial_evidence,"Same GENCODE v23 feature model and TPM scale, but private Salmon and public Toil/RSEM quantifiers, library preparation, tumor composition, and batch differ; the band and ratio are descriptive, not an exact percentile."
folr1,FOLR1,FOLR1,Folate receptor alpha,189.450022,97.52,1092,0.38,1.99,8.6298,34.5631,70.9325,95.201,at_or_above_p95,directionally_comparable,partial_evidence,"Same GENCODE v23 feature model and TPM scale, but private Salmon and public Toil/RSEM quantifiers, library preparation, tumor composition, and batch differ; the band and ratio are descriptive, not an exact percentile."
tissue-factor,F3,F3,Tissue factor,11.489762,56.51,1092,4.4074,9.2557,18.9047,35.3971,51.2175,1.2414,median_to_q3,directionally_comparable,partial_evidence,"Same GENCODE v23 feature model and TPM scale, but private Salmon and public Toil/RSEM quantifiers, library preparation, tumor composition, and batch differ; the band and ratio are descriptive, not an exact percentile."
egfr,EGFR,EGFR,EGFR,110.351272,95.3,1092,1.3475,3.0399,6.8818,13.9791,19.5993,36.301,at_or_above_p95,directionally_comparable,partial_evidence,"Same GENCODE v23 feature model and TPM scale, but private Salmon and public Toil/RSEM quantifiers, library preparation, tumor composition, and batch differ; the band and ratio are descriptive, not an exact percentile."
met,MET,MET,MET,63.9125,90.68,1092,1.4275,3.2503,7.0827,12.7984,20.2371,19.6636,at_or_above_p95,directionally_comparable,partial_evidence,"Same GENCODE v23 feature model and TPM scale, but private Salmon and public Toil/RSEM quantifiers, library preparation, tumor composition, and batch differ; the band and ratio are descriptive, not an exact percentile."
mesothelin,MSLN,MSLN,Mesothelin,5.335991,44.0,1092,0.16,0.3899,1.3525,23.017,99.7732,13.6855,q3_to_p90,directionally_comparable,partial_evidence,"Same GENCODE v23 feature model and TPM scale, but private Salmon and public Toil/RSEM quantifiers, library preparation, tumor composition, and batch differ; the band and ratio are descriptive, not an exact percentile."
ceacam5,CEACAM5,CEACAM5,CEACAM5,0.381873,24.51,1092,0.3699,2.3643,13.2453,68.3925,162.357,0.1615,q1_to_median,directionally_comparable,partial_evidence,"Same GENCODE v23 feature model and TPM scale, but private Salmon and public Toil/RSEM quantifiers, library preparation, tumor composition, and batch differ; the band and ratio are descriptive, not an exact percentile."
ptk7,PTK7,PTK7,PTK7,61.064221,90.03,1092,33.8353,58.0601,87.8813,130.7792,160.3966,1.0517,median_to_q3,directionally_comparable,partial_evidence,"Same GENCODE v23 feature model and TPM scale, but private Salmon and public Toil/RSEM quantifiers, library preparation, tumor composition, and batch differ; the band and ratio are descriptive, not an exact percentile."
muc1,MUC1,MUC1,MUC1,70.928783,91.77,1092,159.2877,418.6198,879.4762,1476.5469,2054.4092,0.1694,below_q1,directionally_comparable,partial_evidence,"Same GENCODE v23 feature model and TPM scale, but private Salmon and public Toil/RSEM quantifiers, library preparation, tumor composition, and batch differ; the band and ratio are descriptive, not an exact percentile."
gpnmb,GPNMB,GPNMB,GPNMB,485.048107,99.24,1092,59.4138,100.2519,157.6128,238.442,297.3972,4.8383,at_or_above_p95,directionally_comparable,partial_evidence,"Same GENCODE v23 feature model and TPM scale, but private Salmon and public Toil/RSEM quantifiers, library preparation, tumor composition, and batch differ; the band and ratio are descriptive, not an exact percentile."
ror1,ROR1,ROR1,ROR1,3.826066,40.15,1092,0.52,1.095,1.95,3.3384,4.6575,3.4941,p90_to_p95,directionally_comparable,partial_evidence,"Same GENCODE v23 feature model and TPM scale, but private Salmon and public Toil/RSEM quantifiers, library preparation, tumor composition, and batch differ; the band and ratio are descriptive, not an exact percentile."
ror2,ROR2,ROR2,ROR2,4.861898,42.81,1092,3.7754,6.9973,11.8917,16.6854,20.5246,0.6948,q1_to_median,directionally_comparable,partial_evidence,"Same GENCODE v23 feature model and TPM scale, but private Salmon and public Toil/RSEM quantifiers, library preparation, tumor composition, and batch differ; the band and ratio are descriptive, not an exact percentile."
napi2b,SLC34A2,SLC34A2,NaPi2b,80.719522,92.98,1092,0.3775,1.85,8.6811,37.5795,62.4997,43.6322,at_or_above_p95,directionally_comparable,partial_evidence,"Same GENCODE v23 feature model and TPM scale, but private Salmon and public Toil/RSEM quantifiers, library preparation, tumor composition, and batch differ; the band and ratio are descriptive, not an exact percentile."
dll3,DLL3,DLL3,DLL3,0.692191,27.88,1092,0.02,0.07,0.25,0.979,1.8145,9.8884,q3_to_p90,directionally_comparable,partial_evidence,"Same GENCODE v23 feature model and TPM scale, but private Salmon and public Toil/RSEM quantifiers, library preparation, tumor composition, and batch differ; the band and ratio are descriptive, not an exact percentile."
cldn18,CLDN18,CLDN18,Claudin 18.2,0.01036,10.34,1092,0.01,0.03,0.06,0.1,0.1345,0.3453,q1_to_median,directionally_comparable,partial_evidence,"Same GENCODE v23 feature model and TPM scale, but private Salmon and public Toil/RSEM quantifiers, library preparation, tumor composition, and batch differ; the band and ratio are descriptive, not an exact percentile."
folh1,FOLH1,FOLH1,PSMA,27.029434,75.37,1092,1.25,2.0645,3.9873,7.6987,10.8734,13.0925,at_or_above_p95,directionally_comparable,partial_evidence,"Same GENCODE v23 feature model and TPM scale, but private Salmon and public Toil/RSEM quantifiers, library preparation, tumor composition, and batch differ; the band and ratio are descriptive, not an exact percentile."
gpc3,GPC3,GPC3,Glypican-3,15.307328,62.45,1092,2.5095,6.4387,15.776,38.1885,58.9202,2.3774,median_to_q3,directionally_comparable,partial_evidence,"Same GENCODE v23 feature model and TPM scale, but private Salmon and public Toil/RSEM quantifiers, library preparation, tumor composition, and batch differ; the band and ratio are descriptive, not an exact percentile."
bcma,TNFRSF17,TNFRSF17,BCMA,5.703935,44.9,1092,0.2699,0.98,2.6693,6.4408,10.6349,5.8203,q3_to_p90,directionally_comparable,partial_evidence,"Same GENCODE v23 feature model and TPM scale, but private Salmon and public Toil/RSEM quantifiers, library preparation, tumor composition, and batch differ; the band and ratio are descriptive, not an exact percentile."
