policy,exon,legacy_exon,boundary,boundary_pos,unspliced_spanning_frag,spliced_within_100bp_frag,spliced_exact_canonical_frag,unspliced_frac,ci_lo,ci_hi
P1_unique_sense_anc8_withdups,1,1,acceptor,17:41277381|41277382,19,0,0,1.0,0.8235330881930346,1.0
P1_unique_sense_anc8_withdups,1,1,donor,17:41277287|41277288,72,270,117,0.21052631578947367,0.1685275697516659,0.2576184093963368
P1_unique_sense_anc8_withdups,2,2,acceptor,17:41276132|41276133,35,288,280,0.10835913312693499,0.07664557570776517,0.14747075736028983
P1_unique_sense_anc8_withdups,2,2,donor,17:41276033|41276034,77,498,494,0.13391304347826086,0.10714710311424314,0.16450464925023855
P1_unique_sense_anc8_withdups,3,3,acceptor,17:41267796|41267797,42,437,83,0.08768267223382047,0.06392415648673998,0.11667338575002155
P1_unique_sense_anc8_withdups,3,3,donor,17:41267742|41267743,16,484,482,0.032,0.0183991853236399,0.05144676829164562
P1_unique_sense_anc8_withdups,4,5,acceptor,17:41258550|41258551,27,514,512,0.04990757855822551,0.03314349318817963,0.07178492904046278
P1_unique_sense_anc8_withdups,4,5,donor,17:41258472|41258473,10,500,460,0.0196078431372549,0.009441790332168333,0.03576318414464348
P1_unique_sense_anc8_withdups,5,6,acceptor,17:41256973|41256974,15,510,505,0.02857142857142857,0.016077523210055126,0.04668685820335545
P1_unique_sense_anc8_withdups,5,6,donor,17:41256884|41256885,11,825,823,0.013157894736842105,0.006586179699007948,0.023420909019367893
P1_unique_sense_anc8_withdups,6,7,acceptor,17:41256278|41256279,12,825,824,0.014336917562724014,0.00742945480017152,0.024909673100830122
P1_unique_sense_anc8_withdups,6,7,donor,17:41256138|41256139,1,1132,1131,0.00088261253309797,2.234556497164586e-05,0.004907692513811225
P1_unique_sense_anc8_withdups,7,8,acceptor,17:41251897|41251898,28,1134,850,0.024096385542168676,0.01607021577315571,0.03463874727931012
P1_unique_sense_anc8_withdups,7,8,donor,17:41251791|41251792,24,818,811,0.028503562945368172,0.018346314767523724,0.042115496756487285
P1_unique_sense_anc8_withdups,8,9,acceptor,17:41249306|41249307,6,675,670,0.00881057268722467,0.0032399917744472292,0.019077655134534494
P1_unique_sense_anc8_withdups,8,9,donor,17:41249260|41249261,14,671,670,0.020437956204379562,0.01121757285266395,0.034053853389976824
P1_unique_sense_anc8_withdups,9,10,acceptor,17:41247939|41247940,30,699,699,0.0411522633744856,0.02793456962005914,0.058228509233410365
P1_unique_sense_anc8_withdups,9,10,donor,17:41247862|41247863,70,723,721,0.08827238335435057,0.0694577134505059,0.11021165992294865
P1_unique_sense_anc8_withdups,10,11,acceptor,17:41246877|41246878,15,835,831,0.01764705882352941,0.009909711090397844,0.028939323803070943
P1_unique_sense_anc8_withdups,10,11,donor,17:41243451|41243452,16,578,577,0.026936026936026935,0.015472935604912435,0.04337457823902102
P1_unique_sense_anc8_withdups,11,12,acceptor,17:41243049|41243050,14,660,659,0.020771513353115726,0.011401383954947776,0.034605687291016186
P1_unique_sense_anc8_withdups,11,12,donor,17:41242960|41242961,11,710,709,0.015256588072122053,0.007639993167290041,0.027133971211245538
P1_unique_sense_anc8_withdups,12,13,acceptor,17:41234592|41234593,19,712,651,0.025991792065663474,0.015719676660881067,0.04029277364626148
P1_unique_sense_anc8_withdups,12,13,donor,17:41234420|41234421,59,1038,1038,0.053783044667274384,0.04119083932326032,0.06883100162672288
P1_unique_sense_anc8_withdups,13,14,acceptor,17:41228631|41228632,20,1033,749,0.01899335232668566,0.011639270236502377,0.02918187543704179
P1_unique_sense_anc8_withdups,13,14,donor,17:41228504|41228505,21,1151,1151,0.017918088737201365,0.011124928646861433,0.02725985048211333
P1_unique_sense_anc8_withdups,14,15,acceptor,17:41226538|41226539,22,1151,1151,0.01875532821824382,0.011790254532146029,0.02825875090835936
P1_unique_sense_anc8_withdups,14,15,donor,17:41226347|41226348,13,715,712,0.017857142857142856,0.009541571772235531,0.030342684851308466
P1_unique_sense_anc8_withdups,15,16,acceptor,17:41223255|41223256,2,718,715,0.002777777777777778,0.0003365789828717066,0.009997947381516478
P1_unique_sense_anc8_withdups,15,16,donor,17:41222944|41222945,42,1046,1035,0.03860294117647059,0.027960656855155183,0.05182403616268281
P1_unique_sense_anc8_withdups,16,17,acceptor,17:41219712|41219713,52,1032,1032,0.04797047970479705,0.03603098801583649,0.06243394847522855
P1_unique_sense_anc8_withdups,16,17,donor,17:41219624|41219625,52,1102,1101,0.045060658578856154,0.033833574021283085,0.05867391560971542
P1_unique_sense_anc8_withdups,17,18,acceptor,17:41215968|41215969,35,1112,1112,0.03051438535309503,0.021344501018416406,0.04218426518135503
P1_unique_sense_anc8_withdups,17,18,donor,17:41215890|41215891,31,610,605,0.0483619344773791,0.033092703574583104,0.06794630580821592
P1_unique_sense_anc8_withdups,18,19,acceptor,17:41215390|41215391,88,610,605,0.12607449856733524,0.10235611214356186,0.15300483301635237
P1_unique_sense_anc8_withdups,18,19,donor,17:41215349|41215350,41,713,711,0.054376657824933686,0.03930062914842154,0.07304802273935701
P1_unique_sense_anc8_withdups,19,20,acceptor,17:41209152|41209153,14,716,713,0.019178082191780823,0.01052351709825681,0.03196838716766743
P1_unique_sense_anc8_withdups,19,20,donor,17:41209068|41209069,23,484,484,0.045364891518737675,0.02897148310847656,0.06729435025366715
P1_unique_sense_anc8_withdups,20,21,acceptor,17:41203134|41203135,28,483,483,0.0547945205479452,0.03671569473110272,0.0782223570587239
P1_unique_sense_anc8_withdups,20,21,donor,17:41203079|41203080,22,402,402,0.05188679245283019,0.03279921121338764,0.07750599558643442
P1_unique_sense_anc8_withdups,21,22,acceptor,17:41201211|41201212,21,396,396,0.050359712230215826,0.03144016183789624,0.07595235014017154
P1_unique_sense_anc8_withdups,21,22,donor,17:41201137|41201138,26,301,287,0.07951070336391437,0.05259481701940296,0.11433201863930383
P1_unique_sense_anc8_withdups,22,23,acceptor,17:41199720|41199721,35,300,290,0.1044776119402985,0.07385807267253952,0.14230123177410056
P1_unique_sense_anc8_withdups,22,23,donor,17:41199659|41199660,37,397,395,0.08525345622119816,0.060735724929997695,0.11559622954228356
P1_unique_sense_anc8_withdups,23,24,acceptor,17:41197819|41197820,23,401,394,0.054245283018867926,0.03469392454358638,0.08028532978401078
P1_unique_sense_anc8_withdups,23,24,donor,17:41196311|41196312,2,1,0,0.6666666666666666,0.09429932405024609,0.9915962413403874
P2_unique_sense_anc8_nodups,1,1,acceptor,17:41277381|41277382,15,0,0,1.0,0.7819806390894659,1.0
P2_unique_sense_anc8_nodups,1,1,donor,17:41277287|41277288,63,203,87,0.23684210526315788,0.18705994898688166,0.2925915811860344
P2_unique_sense_anc8_nodups,2,2,acceptor,17:41276132|41276133,27,212,208,0.11297071129707113,0.0757821362130049,0.1600983086238979
P2_unique_sense_anc8_nodups,2,2,donor,17:41276033|41276034,58,356,355,0.14009661835748793,0.10812983298703144,0.1773129884423086
P2_unique_sense_anc8_nodups,3,3,acceptor,17:41267796|41267797,29,313,60,0.0847953216374269,0.05752363294841098,0.1195095991028233
P2_unique_sense_anc8_nodups,3,3,donor,17:41267742|41267743,10,352,351,0.027624309392265192,0.013324725679511816,0.050214131434981754
P2_unique_sense_anc8_nodups,4,5,acceptor,17:41258550|41258551,19,366,365,0.04935064935064935,0.02997030014076703,0.07599649248710237
P2_unique_sense_anc8_nodups,4,5,donor,17:41258472|41258473,7,351,322,0.019553072625698324,0.007896609986378785,0.039870174333107945
P2_unique_sense_anc8_nodups,5,6,acceptor,17:41256973|41256974,13,361,359,0.034759358288770054,0.018635282040971902,0.05870614431029062
P2_unique_sense_anc8_nodups,5,6,donor,17:41256884|41256885,11,531,529,0.02029520295202952,0.010173776388015079,0.036023062541940765
P2_unique_sense_anc8_nodups,6,7,acceptor,17:41256278|41256279,10,531,530,0.018484288354898338,0.008898637364726205,0.03372990084119092
P2_unique_sense_anc8_nodups,6,7,donor,17:41256138|41256139,0,690,690,0.0,0.0,0.005331936602337882
P2_unique_sense_anc8_nodups,7,8,acceptor,17:41251897|41251898,18,691,528,0.02538787023977433,0.01511430454843474,0.03982783448819073
P2_unique_sense_anc8_nodups,7,8,donor,17:41251791|41251792,17,553,550,0.02982456140350877,0.017467895483702246,0.04732352868811323
P2_unique_sense_anc8_nodups,8,9,acceptor,17:41249306|41249307,6,447,445,0.013245033112582781,0.004875788333257357,0.02860471989689544
P2_unique_sense_anc8_nodups,8,9,donor,17:41249260|41249261,12,460,459,0.025423728813559324,0.01320427964656337,0.043988716940305456
P2_unique_sense_anc8_nodups,9,10,acceptor,17:41247939|41247940,21,483,483,0.041666666666666664,0.025974291467363003,0.06298871669779489
P2_unique_sense_anc8_nodups,9,10,donor,17:41247862|41247863,54,499,498,0.09764918625678119,0.07421018688633754,0.12548787162560074
P2_unique_sense_anc8_nodups,10,11,acceptor,17:41246877|41246878,13,581,578,0.021885521885521887,0.011703360852874507,0.03713415160278804
P2_unique_sense_anc8_nodups,10,11,donor,17:41243451|41243452,13,405,404,0.03110047846889952,0.016661526543520624,0.05259562292150494
P2_unique_sense_anc8_nodups,11,12,acceptor,17:41243049|41243050,10,465,464,0.021052631578947368,0.010140618398069415,0.0383749452601078
P2_unique_sense_anc8_nodups,11,12,donor,17:41242960|41242961,8,481,480,0.016359918200409,0.007088833939952256,0.03198007449961496
P2_unique_sense_anc8_nodups,12,13,acceptor,17:41234592|41234593,14,483,439,0.028169014084507043,0.015484009737233179,0.0468115036465753
P2_unique_sense_anc8_nodups,12,13,donor,17:41234420|41234421,44,673,673,0.061366806136680614,0.04493961896255139,0.08150954571998231
P2_unique_sense_anc8_nodups,13,14,acceptor,17:41228631|41228632,15,675,497,0.021739130434782608,0.012217060255087672,0.0356022206394642
P2_unique_sense_anc8_nodups,13,14,donor,17:41228504|41228505,15,752,752,0.01955671447196871,0.01098604067536084,0.03205094609078651
P2_unique_sense_anc8_nodups,14,15,acceptor,17:41226538|41226539,20,752,752,0.025906735751295335,0.01589471404891206,0.039728292838271895
P2_unique_sense_anc8_nodups,14,15,donor,17:41226347|41226348,11,482,479,0.02231237322515213,0.011189647113800308,0.039571708758716
P2_unique_sense_anc8_nodups,15,16,acceptor,17:41223255|41223256,2,484,482,0.00411522633744856,0.0004987621213124145,0.01478592112846678
P2_unique_sense_anc8_nodups,15,16,donor,17:41222944|41222945,30,679,673,0.04231311706629055,0.028727555974518756,0.05985594811858071
P2_unique_sense_anc8_nodups,16,17,acceptor,17:41219712|41219713,33,669,669,0.04700854700854701,0.0325761460248044,0.0653868868578663
P2_unique_sense_anc8_nodups,16,17,donor,17:41219624|41219625,38,703,702,0.05128205128205128,0.03654231298558427,0.06971211362659192
P2_unique_sense_anc8_nodups,17,18,acceptor,17:41215968|41215969,27,710,710,0.036635006784260515,0.02427893571452058,0.05285639919486861
P2_unique_sense_anc8_nodups,17,18,donor,17:41215890|41215891,19,424,422,0.04288939051918736,0.026016580829389704,0.06616871237892294
P2_unique_sense_anc8_nodups,18,19,acceptor,17:41215390|41215391,65,424,422,0.1329243353783231,0.10410752840539052,0.1662648521195537
P2_unique_sense_anc8_nodups,18,19,donor,17:41215349|41215350,30,504,503,0.056179775280898875,0.038221557414383406,0.07923157769180093
P2_unique_sense_anc8_nodups,19,20,acceptor,17:41209152|41209153,12,507,505,0.023121387283236993,0.01200290838945862,0.04003984828428733
P2_unique_sense_anc8_nodups,19,20,donor,17:41209068|41209069,21,340,340,0.05817174515235457,0.036366171517475156,0.087549557091138
P2_unique_sense_anc8_nodups,20,21,acceptor,17:41203134|41203135,20,339,339,0.055710306406685235,0.03435770112826821,0.08473114482682924
P2_unique_sense_anc8_nodups,20,21,donor,17:41203079|41203080,18,280,280,0.06040268456375839,0.03618776522199921,0.09378438199672312
P2_unique_sense_anc8_nodups,21,22,acceptor,17:41201211|41201212,17,276,276,0.05802047781569966,0.034158728585595495,0.09127302949212776
P2_unique_sense_anc8_nodups,21,22,donor,17:41201137|41201138,18,218,209,0.07627118644067797,0.04582778209990944,0.11786396935352177
P2_unique_sense_anc8_nodups,22,23,acceptor,17:41199720|41199721,24,216,211,0.1,0.06512874601024629,0.14513313786487628
P2_unique_sense_anc8_nodups,22,23,donor,17:41199659|41199660,32,293,292,0.09846153846153846,0.06832650742612122,0.13615124935268325
P2_unique_sense_anc8_nodups,23,24,acceptor,17:41197819|41197820,18,297,291,0.05714285714285714,0.03421445147171158,0.08880890203247892
P2_unique_sense_anc8_nodups,23,24,donor,17:41196311|41196312,2,1,0,0.6666666666666666,0.09429932405024609,0.9915962413403874
P3_unique_unstranded_anc8_withdups,1,1,acceptor,17:41277381|41277382,19,0,0,1.0,0.8235330881930346,1.0
P3_unique_unstranded_anc8_withdups,1,1,donor,17:41277287|41277288,76,272,117,0.21839080459770116,0.17610392957004647,0.2655432195407476
P3_unique_unstranded_anc8_withdups,2,2,acceptor,17:41276132|41276133,35,290,282,0.1076923076923077,0.07616646577740338,0.14658326514114298
P3_unique_unstranded_anc8_withdups,2,2,donor,17:41276033|41276034,77,501,497,0.13321799307958476,0.10658305181656087,0.163665960381511
P3_unique_unstranded_anc8_withdups,3,3,acceptor,17:41267796|41267797,42,440,83,0.08713692946058091,0.063521627520097,0.11595876778700387
P3_unique_unstranded_anc8_withdups,3,3,donor,17:41267742|41267743,16,485,483,0.031936127744510975,0.018362241727367896,0.0513451154002354
P3_unique_unstranded_anc8_withdups,4,5,acceptor,17:41258550|41258551,27,515,513,0.04981549815498155,0.03308186618094133,0.07165401626981055
P3_unique_unstranded_anc8_withdups,4,5,donor,17:41258472|41258473,10,502,462,0.01953125,0.009404755122447008,0.035624636181676994
P3_unique_unstranded_anc8_withdups,5,6,acceptor,17:41256973|41256974,15,512,507,0.028462998102466792,0.016016177976044894,0.04651133294127567
P3_unique_unstranded_anc8_withdups,5,6,donor,17:41256884|41256885,11,825,823,0.013157894736842105,0.006586179699007948,0.023420909019367893
P3_unique_unstranded_anc8_withdups,6,7,acceptor,17:41256278|41256279,12,825,824,0.014336917562724014,0.00742945480017152,0.024909673100830122
P3_unique_unstranded_anc8_withdups,6,7,donor,17:41256138|41256139,1,1135,1132,0.0008802816901408451,2.2286554454127453e-05,0.00489475812920197
P3_unique_unstranded_anc8_withdups,7,8,acceptor,17:41251897|41251898,28,1137,853,0.0240343347639485,0.016028682073105364,0.0345500307622611
P3_unique_unstranded_anc8_withdups,7,8,donor,17:41251791|41251792,24,822,815,0.028368794326241134,0.018259173655747616,0.04191776290834315
P3_unique_unstranded_anc8_withdups,8,9,acceptor,17:41249306|41249307,6,679,674,0.008759124087591242,0.003221033270181267,0.0189668281277372
P3_unique_unstranded_anc8_withdups,8,9,donor,17:41249260|41249261,14,674,673,0.020348837209302327,0.011168466673416253,0.03390639430691617
P3_unique_unstranded_anc8_withdups,9,10,acceptor,17:41247939|41247940,30,702,702,0.040983606557377046,0.02781938221480319,0.05799199441980623
P3_unique_unstranded_anc8_withdups,9,10,donor,17:41247862|41247863,70,727,725,0.08782936010037641,0.06910579799112088,0.10966519129093302
P3_unique_unstranded_anc8_withdups,10,11,acceptor,17:41246877|41246878,15,839,835,0.01756440281030445,0.00986314168807332,0.028804554550190774
P3_unique_unstranded_anc8_withdups,10,11,donor,17:41243451|41243452,16,585,584,0.026622296173044926,0.015291826641392,0.04287362112830778
P3_unique_unstranded_anc8_withdups,11,12,acceptor,17:41243049|41243050,14,671,670,0.020437956204379562,0.01121757285266395,0.034053853389976824
P3_unique_unstranded_anc8_withdups,11,12,donor,17:41242960|41242961,11,718,717,0.015089163237311385,0.0075558907457981325,0.026837986901675978
P3_unique_unstranded_anc8_withdups,12,13,acceptor,17:41234592|41234593,19,720,658,0.02571041948579161,0.015548737348632052,0.039859767133182435
P3_unique_unstranded_anc8_withdups,12,13,donor,17:41234420|41234421,61,1045,1045,0.05515370705244123,0.04244742053926602,0.07028671523813088
P3_unique_unstranded_anc8_withdups,13,14,acceptor,17:41228631|41228632,21,1040,752,0.019792648444863337,0.012292682296012268,0.03009670508294501
P3_unique_unstranded_anc8_withdups,13,14,donor,17:41228504|41228505,21,1159,1159,0.017796610169491526,0.011049279333370712,0.027075913265197423
P3_unique_unstranded_anc8_withdups,14,15,acceptor,17:41226538|41226539,23,1159,1159,0.0194585448392555,0.012374044917355359,0.029055003811011546
P3_unique_unstranded_anc8_withdups,14,15,donor,17:41226347|41226348,15,717,714,0.020491803278688523,0.011513364524961616,0.0335731681707866
P3_unique_unstranded_anc8_withdups,15,16,acceptor,17:41223255|41223256,2,720,717,0.002770083102493075,0.00033564614110946194,0.00997035244394671
P3_unique_unstranded_anc8_withdups,15,16,donor,17:41222944|41222945,42,1056,1045,0.03825136612021858,0.02770473420481397,0.05135527805297969
P3_unique_unstranded_anc8_withdups,16,17,acceptor,17:41219712|41219713,53,1042,1042,0.048401826484018265,0.03646330572143559,0.06283560901603892
P3_unique_unstranded_anc8_withdups,16,17,donor,17:41219624|41219625,52,1110,1109,0.04475043029259897,0.03359938996744272,0.0582728346907416
P3_unique_unstranded_anc8_withdups,17,18,acceptor,17:41215968|41215969,35,1120,1120,0.030303030303030304,0.021196033739838895,0.041893831848018585
P3_unique_unstranded_anc8_withdups,17,18,donor,17:41215890|41215891,31,615,610,0.047987616099071206,0.03283474613212297,0.06742580532180642
P3_unique_unstranded_anc8_withdups,18,19,acceptor,17:41215390|41215391,88,615,610,0.1251778093883357,0.10161897111324864,0.15193338711284088
P3_unique_unstranded_anc8_withdups,18,19,donor,17:41215349|41215350,41,717,715,0.05408970976253298,0.03909174502330742,0.07266635079515674
P3_unique_unstranded_anc8_withdups,19,20,acceptor,17:41209152|41209153,14,720,717,0.01907356948228883,0.010465957010910984,0.03179530642069326
P3_unique_unstranded_anc8_withdups,19,20,donor,17:41209068|41209069,24,485,485,0.047151277013752456,0.030440936633897245,0.06934743975393358
P3_unique_unstranded_anc8_withdups,20,21,acceptor,17:41203134|41203135,28,484,484,0.0546875,0.03664337742047025,0.07807148163751826
P3_unique_unstranded_anc8_withdups,20,21,donor,17:41203079|41203080,22,404,404,0.051643192488262914,0.03264388032388374,0.07714704771508182
P3_unique_unstranded_anc8_withdups,21,22,acceptor,17:41201211|41201212,21,398,398,0.050119331742243436,0.03128879803945531,0.07559470763001183
P3_unique_unstranded_anc8_withdups,21,22,donor,17:41201137|41201138,26,303,289,0.0790273556231003,0.052271009180548965,0.11365019490134445
P3_unique_unstranded_anc8_withdups,22,23,acceptor,17:41199720|41199721,35,302,292,0.10385756676557864,0.07341308964194294,0.1414746487999775
P3_unique_unstranded_anc8_withdups,22,23,donor,17:41199659|41199660,37,400,398,0.08466819221967964,0.06031378623430825,0.11481585220996335
P3_unique_unstranded_anc8_withdups,23,24,acceptor,17:41197819|41197820,23,404,397,0.053864168618266976,0.03444798699381148,0.07972903413305843
P3_unique_unstranded_anc8_withdups,23,24,donor,17:41196311|41196312,2,1,0,0.6666666666666666,0.09429932405024609,0.9915962413403874
