leiden,Epithelial,B cells,Plasma cells,Myeloid,Fibroblast,Endothelial,Perivascular,T / NK
0,-0.29517871457462774,-0.06661488416808058,-0.2006348024835089,-0.3050620318828529,-0.2594834070879217,4.472114296532133,0.29894939523186187,-0.2634476576566341
1,-0.35019392900690327,-0.2850538955926102,0.05635457691333133,-0.29448583240601606,3.0384406974601874,-0.17429410462505104,0.5192760713948871,-0.3265389623124897
2,-0.3012957626568488,-0.19498588571778186,-0.20947495781112463,-0.27246025389234185,0.5823251304307847,-0.18063068301145413,4.962175646975918,-0.33614456498384765
3,-0.311948004160199,3.2869332532926983,0.03698007369452951,-0.24687044556104243,-0.27557972976127654,-0.15887864844387342,-0.12951222151148248,-0.3278685581449248
4,-0.3367618024304488,0.7307626570236944,5.054164817786712,-0.3059504346465951,-0.29166481608808836,-0.03954240981092323,-0.14548961289953832,-0.30703601312533085
5,1.4245538652748153,-0.28354436294046326,0.18709894500882698,-0.26002313735502064,-0.28455803844732397,-0.16479211063169022,-0.11788166972981122,-0.32429070223816053
6,-0.3211074097234309,-0.14339827183241513,-0.06602565837605437,-0.28203778635243665,-0.27790282174056324,-0.08079653406646155,-0.131628060323082,0.7957939550120542
7,-0.30969504942527115,-0.21183539853736438,-0.16350301374133405,0.2365535693065598,-0.2744431539995902,-0.13189537971498616,-0.1229856330228675,1.7225849212943836
8,-0.32182344860364065,-0.19303731976886068,-0.17420114007137777,-0.24479017631384067,-0.27310716689422765,-0.15564684955531297,-0.13139975910122195,0.5139883870067499
9,-0.31993032461650445,-0.16788072143695593,-0.08415685660542128,-0.2688669913304805,-0.24252339195085829,-0.11029616488913363,-0.07617567673606378,0.7168207853786475
10,-0.33275972090394546,-0.2515976377604748,-0.15305761710130056,-0.2528214666650195,-0.26943381549934836,-0.15750647786484762,-0.10041477106724508,0.25680432330046815
11,-0.3090600380855068,0.1029782051505811,-0.06137977808527943,-0.19948908642816496,-0.2777963873169777,-0.16817319441282347,-0.1245602223550138,0.730777997758745
12,-0.3076327216138066,0.003578818910511514,-0.03836679345360924,-0.21681456732107843,-0.28043838639032864,-0.07904875630424306,-0.14028160323938577,0.48065952220011643
13,-0.30484631884568303,-0.15183603879052565,-0.200367301643095,-0.28535251656702565,-0.3089730450363966,-0.08916327138416257,-0.09592536714395021,0.6321204491290442
14,-0.33445073045100016,-0.27213882994168875,-0.17873292992175902,2.6648064606616253,-0.2973975038928911,0.09648353004076686,-0.1364065043957533,-0.305370800674387
15,-0.3543022595469095,-0.19764315190386134,3.1056798570937545,1.26115509533035,-0.25997820162735547,0.12288859622763597,-0.09943920542979036,-0.2543802376509981
16,2.3123313906134992,-0.2918310198727762,0.0430502827238146,-0.30394352950601605,-0.30001465560031165,-0.17380655965125166,-0.09593648552893466,-0.3271831757160032
17,0.6476886843338798,-0.2870303376683011,0.20275930938270217,-0.311824314987516,-0.28233560377225836,-0.17694610247857676,0.260018156965307,-0.3371081986969115
18,2.7351183297670945,-0.297359701823389,0.02367755779189116,-0.29642881988567676,-0.2824461179544972,-0.16482810965279127,-0.1416278987207599,-0.3365147861055604
